qid_date,funds,day_return,number_of_stocks,market,scenario,commission,stamp_tax,source_signature
20211207,1011091.0,0.011091,3,Main,"fee=0.00%, tax=0.00%",0.0,0.0,962ee2b19f04a8163c755bcd0b9b2e5d3a6d5e2f61e4c9c178fd97dd8cf05314
20211208,1007760.0,-0.0032944611315895403,3,Main,"fee=0.00%, tax=0.00%",0.0,0.0,962ee2b19f04a8163c755bcd0b9b2e5d3a6d5e2f61e4c9c178fd97dd8cf05314
20211209,1082490.0,0.07415456060966896,1,Main,"fee=0.00%, tax=0.00%",0.0,0.0,962ee2b19f04a8163c755bcd0b9b2e5d3a6d5e2f61e4c9c178fd97dd8cf05314
20211210,1099321.0,0.015548411532670049,4,Main,"fee=0.00%, tax=0.00%",0.0,0.0,962ee2b19f04a8163c755bcd0b9b2e5d3a6d5e2f61e4c9c178fd97dd8cf05314
20211213,1067187.0,-0.029230770630234482,2,Main,"fee=0.00%, tax=0.00%",0.0,0.0,962ee2b19f04a8163c755bcd0b9b2e5d3a6d5e2f61e4c9c178fd97dd8cf05314
20211214,1129154.0,0.058065737307519676,2,Main,"fee=0.00%, tax=0.00%",0.0,0.0,962ee2b19f04a8163c755bcd0b9b2e5d3a6d5e2f61e4c9c178fd97dd8cf05314
20211215,1129154.0,0.0,0,Main,"fee=0.00%, tax=0.00%",0.0,0.0,962ee2b19f04a8163c755bcd0b9b2e5d3a6d5e2f61e4c9c178fd97dd8cf05314
20211216,1129154.0,0.0,0,Main,"fee=0.00%, tax=0.00%",0.0,0.0,962ee2b19f04a8163c755bcd0b9b2e5d3a6d5e2f61e4c9c178fd97dd8cf05314
20211217,1117170.0,-0.01061325558781176,3,Main,"fee=0.00%, tax=0.00%",0.0,0.0,962ee2b19f04a8163c755bcd0b9b2e5d3a6d5e2f61e4c9c178fd97dd8cf05314
20211220,1173110.0,0.05007295219169867,3,Main,"fee=0.00%, tax=0.00%",0.0,0.0,962ee2b19f04a8163c755bcd0b9b2e5d3a6d5e2f61e4c9c178fd97dd8cf05314
20211221,1163510.0,-0.008183375813009862,1,Main,"fee=0.00%, tax=0.00%",0.0,0.0,962ee2b19f04a8163c755bcd0b9b2e5d3a6d5e2f61e4c9c178fd97dd8cf05314
20211222,1205976.0,0.03649818222447594,1,Main,"fee=0.00%, tax=0.00%",0.0,0.0,962ee2b19f04a8163c755bcd0b9b2e5d3a6d5e2f61e4c9c178fd97dd8cf05314
20211223,1224627.0,0.015465481900137317,4,Main,"fee=0.00%, tax=0.00%",0.0,0.0,962ee2b19f04a8163c755bcd0b9b2e5d3a6d5e2f61e4c9c178fd97dd8cf05314
20211224,1261006.0,0.029706188088291372,4,Main,"fee=0.00%, tax=0.00%",0.0,0.0,962ee2b19f04a8163c755bcd0b9b2e5d3a6d5e2f61e4c9c178fd97dd8cf05314
20211227,1225649.0,-0.028038724637313384,2,Main,"fee=0.00%, tax=0.00%",0.0,0.0,962ee2b19f04a8163c755bcd0b9b2e5d3a6d5e2f61e4c9c178fd97dd8cf05314
20211228,1248444.0,0.018598309956602582,3,Main,"fee=0.00%, tax=0.00%",0.0,0.0,962ee2b19f04a8163c755bcd0b9b2e5d3a6d5e2f61e4c9c178fd97dd8cf05314
20211229,1266255.0,0.014266559012658957,3,Main,"fee=0.00%, tax=0.00%",0.0,0.0,962ee2b19f04a8163c755bcd0b9b2e5d3a6d5e2f61e4c9c178fd97dd8cf05314
20211230,1264838.0,-0.0011190479010941715,3,Main,"fee=0.00%, tax=0.00%",0.0,0.0,962ee2b19f04a8163c755bcd0b9b2e5d3a6d5e2f61e4c9c178fd97dd8cf05314
20211231,1277273.0,0.009831298553648768,1,Main,"fee=0.00%, tax=0.00%",0.0,0.0,962ee2b19f04a8163c755bcd0b9b2e5d3a6d5e2f61e4c9c178fd97dd8cf05314
20220104,1278814.9999999998,0.0012072595286988508,1,Main,"fee=0.00%, tax=0.00%",0.0,0.0,962ee2b19f04a8163c755bcd0b9b2e5d3a6d5e2f61e4c9c178fd97dd8cf05314
20220105,1350209.9999999998,0.05582902921845616,1,Main,"fee=0.00%, tax=0.00%",0.0,0.0,962ee2b19f04a8163c755bcd0b9b2e5d3a6d5e2f61e4c9c178fd97dd8cf05314
20220106,1342122.9999999998,-0.005989438679909052,4,Main,"fee=0.00%, tax=0.00%",0.0,0.0,962ee2b19f04a8163c755bcd0b9b2e5d3a6d5e2f61e4c9c178fd97dd8cf05314
20220107,1335354.9999999998,-0.0050427568859188025,4,Main,"fee=0.00%, tax=0.00%",0.0,0.0,962ee2b19f04a8163c755bcd0b9b2e5d3a6d5e2f61e4c9c178fd97dd8cf05314
20220110,1319533.9999999998,-0.011847785794788655,3,Main,"fee=0.00%, tax=0.00%",0.0,0.0,962ee2b19f04a8163c755bcd0b9b2e5d3a6d5e2f61e4c9c178fd97dd8cf05314
20220111,1339766.9999999998,0.015333443473226157,4,Main,"fee=0.00%, tax=0.00%",0.0,0.0,962ee2b19f04a8163c755bcd0b9b2e5d3a6d5e2f61e4c9c178fd97dd8cf05314
20220112,1341299.9999999998,0.001144228809934862,1,Main,"fee=0.00%, tax=0.00%",0.0,0.0,962ee2b19f04a8163c755bcd0b9b2e5d3a6d5e2f61e4c9c178fd97dd8cf05314
20220113,1307936.9999999998,-0.02487363006038918,1,Main,"fee=0.00%, tax=0.00%",0.0,0.0,962ee2b19f04a8163c755bcd0b9b2e5d3a6d5e2f61e4c9c178fd97dd8cf05314
20220114,1438476.9999999998,0.09980603041277984,1,Main,"fee=0.00%, tax=0.00%",0.0,0.0,962ee2b19f04a8163c755bcd0b9b2e5d3a6d5e2f61e4c9c178fd97dd8cf05314
20220117,1389388.9999999998,-0.034124980795660974,1,Main,"fee=0.00%, tax=0.00%",0.0,0.0,962ee2b19f04a8163c755bcd0b9b2e5d3a6d5e2f61e4c9c178fd97dd8cf05314
20220118,1390858.9999999998,0.001058019028508215,2,Main,"fee=0.00%, tax=0.00%",0.0,0.0,962ee2b19f04a8163c755bcd0b9b2e5d3a6d5e2f61e4c9c178fd97dd8cf05314
20220119,1357873.9999999998,-0.023715559952518554,4,Main,"fee=0.00%, tax=0.00%",0.0,0.0,962ee2b19f04a8163c755bcd0b9b2e5d3a6d5e2f61e4c9c178fd97dd8cf05314
20220120,1302289.9999999998,-0.04093457861333232,4,Main,"fee=0.00%, tax=0.00%",0.0,0.0,962ee2b19f04a8163c755bcd0b9b2e5d3a6d5e2f61e4c9c178fd97dd8cf05314
20220121,1302082.9999999998,-0.00015895077133357396,4,Main,"fee=0.00%, tax=0.00%",0.0,0.0,962ee2b19f04a8163c755bcd0b9b2e5d3a6d5e2f61e4c9c178fd97dd8cf05314
20220124,1218502.9999999998,-0.06418945643250086,3,Main,"fee=0.00%, tax=0.00%",0.0,0.0,962ee2b19f04a8163c755bcd0b9b2e5d3a6d5e2f61e4c9c178fd97dd8cf05314
20220125,1245491.9999999998,0.022149309439533596,3,Main,"fee=0.00%, tax=0.00%",0.0,0.0,962ee2b19f04a8163c755bcd0b9b2e5d3a6d5e2f61e4c9c178fd97dd8cf05314
20220126,1255991.9999999995,0.008430403406846266,1,Main,"fee=0.00%, tax=0.00%",0.0,0.0,962ee2b19f04a8163c755bcd0b9b2e5d3a6d5e2f61e4c9c178fd97dd8cf05314
20220127,1242611.9999999995,-0.010652934095121629,1,Main,"fee=0.00%, tax=0.00%",0.0,0.0,962ee2b19f04a8163c755bcd0b9b2e5d3a6d5e2f61e4c9c178fd97dd8cf05314
20220128,1265867.9999999995,0.018715415592316837,1,Main,"fee=0.00%, tax=0.00%",0.0,0.0,962ee2b19f04a8163c755bcd0b9b2e5d3a6d5e2f61e4c9c178fd97dd8cf05314
20220207,1282607.9999999995,0.013224127634160913,1,Main,"fee=0.00%, tax=0.00%",0.0,0.0,962ee2b19f04a8163c755bcd0b9b2e5d3a6d5e2f61e4c9c178fd97dd8cf05314
20220208,1343873.9999999995,0.04776673777179,4,Main,"fee=0.00%, tax=0.00%",0.0,0.0,962ee2b19f04a8163c755bcd0b9b2e5d3a6d5e2f61e4c9c178fd97dd8cf05314
20220209,1320494.9999999995,-0.017396720228235688,2,Main,"fee=0.00%, tax=0.00%",0.0,0.0,962ee2b19f04a8163c755bcd0b9b2e5d3a6d5e2f61e4c9c178fd97dd8cf05314
20220210,1318269.9999999995,-0.0016849741952828302,2,Main,"fee=0.00%, tax=0.00%",0.0,0.0,962ee2b19f04a8163c755bcd0b9b2e5d3a6d5e2f61e4c9c178fd97dd8cf05314
20220216,1313889.9999999995,-0.0033225363544645645,1,Main,"fee=0.00%, tax=0.00%",0.0,0.0,962ee2b19f04a8163c755bcd0b9b2e5d3a6d5e2f61e4c9c178fd97dd8cf05314
20220217,1313889.9999999995,0.0,0,Main,"fee=0.00%, tax=0.00%",0.0,0.0,962ee2b19f04a8163c755bcd0b9b2e5d3a6d5e2f61e4c9c178fd97dd8cf05314
20220218,1331025.9999999995,0.013042187702166853,4,Main,"fee=0.00%, tax=0.00%",0.0,0.0,962ee2b19f04a8163c755bcd0b9b2e5d3a6d5e2f61e4c9c178fd97dd8cf05314
20220221,1357543.9999999995,0.019922976711198737,3,Main,"fee=0.00%, tax=0.00%",0.0,0.0,962ee2b19f04a8163c755bcd0b9b2e5d3a6d5e2f61e4c9c178fd97dd8cf05314
20220222,1392884.9999999995,0.02603304202294733,3,Main,"fee=0.00%, tax=0.00%",0.0,0.0,962ee2b19f04a8163c755bcd0b9b2e5d3a6d5e2f61e4c9c178fd97dd8cf05314
20220223,1392513.9999999993,-0.0002663536472861959,3,Main,"fee=0.00%, tax=0.00%",0.0,0.0,962ee2b19f04a8163c755bcd0b9b2e5d3a6d5e2f61e4c9c178fd97dd8cf05314
20220224,1373793.9999999993,-0.013443311880526882,1,Main,"fee=0.00%, tax=0.00%",0.0,0.0,962ee2b19f04a8163c755bcd0b9b2e5d3a6d5e2f61e4c9c178fd97dd8cf05314
20220225,1438404.9999999993,0.04703106870462386,1,Main,"fee=0.00%, tax=0.00%",0.0,0.0,962ee2b19f04a8163c755bcd0b9b2e5d3a6d5e2f61e4c9c178fd97dd8cf05314
20220228,1458037.9999999993,0.013649146102801374,4,Main,"fee=0.00%, tax=0.00%",0.0,0.0,962ee2b19f04a8163c755bcd0b9b2e5d3a6d5e2f61e4c9c178fd97dd8cf05314
20220301,1458809.9999999993,0.0005294786555631612,4,Main,"fee=0.00%, tax=0.00%",0.0,0.0,962ee2b19f04a8163c755bcd0b9b2e5d3a6d5e2f61e4c9c178fd97dd8cf05314
20220302,1428844.9999999993,-0.020540714692112074,3,Main,"fee=0.00%, tax=0.00%",0.0,0.0,962ee2b19f04a8163c755bcd0b9b2e5d3a6d5e2f61e4c9c178fd97dd8cf05314
20220303,1413553.9999999993,-0.010701650633903612,2,Main,"fee=0.00%, tax=0.00%",0.0,0.0,962ee2b19f04a8163c755bcd0b9b2e5d3a6d5e2f61e4c9c178fd97dd8cf05314
20220304,1377185.9999999993,-0.025728058496527206,2,Main,"fee=0.00%, tax=0.00%",0.0,0.0,962ee2b19f04a8163c755bcd0b9b2e5d3a6d5e2f61e4c9c178fd97dd8cf05314
20220307,1414420.9999999993,0.027037016060285263,2,Main,"fee=0.00%, tax=0.00%",0.0,0.0,962ee2b19f04a8163c755bcd0b9b2e5d3a6d5e2f61e4c9c178fd97dd8cf05314
20220308,1414420.9999999993,0.0,0,Main,"fee=0.00%, tax=0.00%",0.0,0.0,962ee2b19f04a8163c755bcd0b9b2e5d3a6d5e2f61e4c9c178fd97dd8cf05314
20220309,1414420.9999999993,0.0,0,Main,"fee=0.00%, tax=0.00%",0.0,0.0,962ee2b19f04a8163c755bcd0b9b2e5d3a6d5e2f61e4c9c178fd97dd8cf05314
20220310,1408970.9999999993,-0.003853166772834964,4,Main,"fee=0.00%, tax=0.00%",0.0,0.0,962ee2b19f04a8163c755bcd0b9b2e5d3a6d5e2f61e4c9c178fd97dd8cf05314
20220311,1380271.9999999993,-0.020368765574309205,1,Main,"fee=0.00%, tax=0.00%",0.0,0.0,962ee2b19f04a8163c755bcd0b9b2e5d3a6d5e2f61e4c9c178fd97dd8cf05314
20220314,1350877.9999999993,-0.02129580256645068,1,Main,"fee=0.00%, tax=0.00%",0.0,0.0,962ee2b19f04a8163c755bcd0b9b2e5d3a6d5e2f61e4c9c178fd97dd8cf05314
20220315,1350877.9999999993,0.0,0,Main,"fee=0.00%, tax=0.00%",0.0,0.0,962ee2b19f04a8163c755bcd0b9b2e5d3a6d5e2f61e4c9c178fd97dd8cf05314
20220316,1350877.9999999993,0.0,0,Main,"fee=0.00%, tax=0.00%",0.0,0.0,962ee2b19f04a8163c755bcd0b9b2e5d3a6d5e2f61e4c9c178fd97dd8cf05314
20220317,1344374.9999999993,-0.004813906215069017,4,Main,"fee=0.00%, tax=0.00%",0.0,0.0,962ee2b19f04a8163c755bcd0b9b2e5d3a6d5e2f61e4c9c178fd97dd8cf05314
20220318,1320392.9999999993,-0.017838772663877275,4,Main,"fee=0.00%, tax=0.00%",0.0,0.0,962ee2b19f04a8163c755bcd0b9b2e5d3a6d5e2f61e4c9c178fd97dd8cf05314
20220321,1325694.9999999993,0.0040154711513920496,1,Main,"fee=0.00%, tax=0.00%",0.0,0.0,962ee2b19f04a8163c755bcd0b9b2e5d3a6d5e2f61e4c9c178fd97dd8cf05314
20220322,1360646.9999999993,0.026365038715541675,1,Main,"fee=0.00%, tax=0.00%",0.0,0.0,962ee2b19f04a8163c755bcd0b9b2e5d3a6d5e2f61e4c9c178fd97dd8cf05314
20220323,1360646.9999999993,0.0,0,Main,"fee=0.00%, tax=0.00%",0.0,0.0,962ee2b19f04a8163c755bcd0b9b2e5d3a6d5e2f61e4c9c178fd97dd8cf05314
20220324,1360646.9999999993,0.0,0,Main,"fee=0.00%, tax=0.00%",0.0,0.0,962ee2b19f04a8163c755bcd0b9b2e5d3a6d5e2f61e4c9c178fd97dd8cf05314
20220325,1360646.9999999993,0.0,0,Main,"fee=0.00%, tax=0.00%",0.0,0.0,962ee2b19f04a8163c755bcd0b9b2e5d3a6d5e2f61e4c9c178fd97dd8cf05314
20220328,1360011.9999999993,-0.00046668974392329553,4,Main,"fee=0.00%, tax=0.00%",0.0,0.0,962ee2b19f04a8163c755bcd0b9b2e5d3a6d5e2f61e4c9c178fd97dd8cf05314
20220329,1380206.9999999993,0.014849133684114559,4,Main,"fee=0.00%, tax=0.00%",0.0,0.0,962ee2b19f04a8163c755bcd0b9b2e5d3a6d5e2f61e4c9c178fd97dd8cf05314
20220330,1401636.9999999993,0.01552665650877007,1,Main,"fee=0.00%, tax=0.00%",0.0,0.0,962ee2b19f04a8163c755bcd0b9b2e5d3a6d5e2f61e4c9c178fd97dd8cf05314
20220331,1403582.9999999993,0.0013883765910859952,1,Main,"fee=0.00%, tax=0.00%",0.0,0.0,962ee2b19f04a8163c755bcd0b9b2e5d3a6d5e2f61e4c9c178fd97dd8cf05314
20220401,1403582.9999999993,0.0,0,Main,"fee=0.00%, tax=0.00%",0.0,0.0,962ee2b19f04a8163c755bcd0b9b2e5d3a6d5e2f61e4c9c178fd97dd8cf05314
20220406,1403582.9999999993,0.0,0,Main,"fee=0.00%, tax=0.00%",0.0,0.0,962ee2b19f04a8163c755bcd0b9b2e5d3a6d5e2f61e4c9c178fd97dd8cf05314
20220407,1381737.9999999993,-0.015563739372733932,2,Main,"fee=0.00%, tax=0.00%",0.0,0.0,962ee2b19f04a8163c755bcd0b9b2e5d3a6d5e2f61e4c9c178fd97dd8cf05314
20220408,1371628.9999999993,-0.007316148213337119,4,Main,"fee=0.00%, tax=0.00%",0.0,0.0,962ee2b19f04a8163c755bcd0b9b2e5d3a6d5e2f61e4c9c178fd97dd8cf05314
20220411,1331924.9999999993,-0.0289466029079292,1,Main,"fee=0.00%, tax=0.00%",0.0,0.0,962ee2b19f04a8163c755bcd0b9b2e5d3a6d5e2f61e4c9c178fd97dd8cf05314
20220412,1326856.9999999993,-0.0038050190513730145,1,Main,"fee=0.00%, tax=0.00%",0.0,0.0,962ee2b19f04a8163c755bcd0b9b2e5d3a6d5e2f61e4c9c178fd97dd8cf05314
20220413,1326856.9999999993,0.0,0,Main,"fee=0.00%, tax=0.00%",0.0,0.0,962ee2b19f04a8163c755bcd0b9b2e5d3a6d5e2f61e4c9c178fd97dd8cf05314
20220414,1326856.9999999993,0.0,0,Main,"fee=0.00%, tax=0.00%",0.0,0.0,962ee2b19f04a8163c755bcd0b9b2e5d3a6d5e2f61e4c9c178fd97dd8cf05314
20220415,1312404.9999999993,-0.010891904704124112,4,Main,"fee=0.00%, tax=0.00%",0.0,0.0,962ee2b19f04a8163c755bcd0b9b2e5d3a6d5e2f61e4c9c178fd97dd8cf05314
20220418,1297446.9999999993,-0.011397396382976297,4,Main,"fee=0.00%, tax=0.00%",0.0,0.0,962ee2b19f04a8163c755bcd0b9b2e5d3a6d5e2f61e4c9c178fd97dd8cf05314
20220419,1310360.9999999995,0.009953393086577132,4,Main,"fee=0.00%, tax=0.00%",0.0,0.0,962ee2b19f04a8163c755bcd0b9b2e5d3a6d5e2f61e4c9c178fd97dd8cf05314
20220420,1386460.9999999995,0.05807559901431745,1,Main,"fee=0.00%, tax=0.00%",0.0,0.0,962ee2b19f04a8163c755bcd0b9b2e5d3a6d5e2f61e4c9c178fd97dd8cf05314
20220421,1344441.9999999995,-0.030306658463526932,3,Main,"fee=0.00%, tax=0.00%",0.0,0.0,962ee2b19f04a8163c755bcd0b9b2e5d3a6d5e2f61e4c9c178fd97dd8cf05314
20220422,1285425.9999999995,-0.04389627815852229,2,Main,"fee=0.00%, tax=0.00%",0.0,0.0,962ee2b19f04a8163c755bcd0b9b2e5d3a6d5e2f61e4c9c178fd97dd8cf05314
20220425,1229496.9999999995,-0.04351008926223682,4,Main,"fee=0.00%, tax=0.00%",0.0,0.0,962ee2b19f04a8163c755bcd0b9b2e5d3a6d5e2f61e4c9c178fd97dd8cf05314
20220426,1281396.9999999995,0.04221238441411408,4,Main,"fee=0.00%, tax=0.00%",0.0,0.0,962ee2b19f04a8163c755bcd0b9b2e5d3a6d5e2f61e4c9c178fd97dd8cf05314
20220427,1274222.9999999995,-0.00559857717787696,4,Main,"fee=0.00%, tax=0.00%",0.0,0.0,962ee2b19f04a8163c755bcd0b9b2e5d3a6d5e2f61e4c9c178fd97dd8cf05314
20220428,1370208.9999999995,0.07532904366033263,1,Main,"fee=0.00%, tax=0.00%",0.0,0.0,962ee2b19f04a8163c755bcd0b9b2e5d3a6d5e2f61e4c9c178fd97dd8cf05314
20220429,1507330.9999999995,0.10007378436428314,1,Main,"fee=0.00%, tax=0.00%",0.0,0.0,962ee2b19f04a8163c755bcd0b9b2e5d3a6d5e2f61e4c9c178fd97dd8cf05314
20220505,1421113.9999999995,-0.05719845209844422,1,Main,"fee=0.00%, tax=0.00%",0.0,0.0,962ee2b19f04a8163c755bcd0b9b2e5d3a6d5e2f61e4c9c178fd97dd8cf05314
20220506,1421113.9999999995,0.0,0,Main,"fee=0.00%, tax=0.00%",0.0,0.0,962ee2b19f04a8163c755bcd0b9b2e5d3a6d5e2f61e4c9c178fd97dd8cf05314
20220509,1405731.9999999995,-0.010823902938117564,4,Main,"fee=0.00%, tax=0.00%",0.0,0.0,962ee2b19f04a8163c755bcd0b9b2e5d3a6d5e2f61e4c9c178fd97dd8cf05314
20220510,1420557.9999999995,0.010546818312452164,4,Main,"fee=0.00%, tax=0.00%",0.0,0.0,962ee2b19f04a8163c755bcd0b9b2e5d3a6d5e2f61e4c9c178fd97dd8cf05314
20220511,1433232.9999999998,0.008922550152827436,3,Main,"fee=0.00%, tax=0.00%",0.0,0.0,962ee2b19f04a8163c755bcd0b9b2e5d3a6d5e2f61e4c9c178fd97dd8cf05314
20220512,1457864.9999999998,0.01718631932142227,3,Main,"fee=0.00%, tax=0.00%",0.0,0.0,962ee2b19f04a8163c755bcd0b9b2e5d3a6d5e2f61e4c9c178fd97dd8cf05314
20220513,1450998.0,-0.004710312683272984,3,Main,"fee=0.00%, tax=0.00%",0.0,0.0,962ee2b19f04a8163c755bcd0b9b2e5d3a6d5e2f61e4c9c178fd97dd8cf05314
20220516,1450998.0,0.0,0,Main,"fee=0.00%, tax=0.00%",0.0,0.0,962ee2b19f04a8163c755bcd0b9b2e5d3a6d5e2f61e4c9c178fd97dd8cf05314
20220517,1522755.0,0.04945354852315441,2,Main,"fee=0.00%, tax=0.00%",0.0,0.0,962ee2b19f04a8163c755bcd0b9b2e5d3a6d5e2f61e4c9c178fd97dd8cf05314
20220518,1520473.0,-0.0014985995777390322,2,Main,"fee=0.00%, tax=0.00%",0.0,0.0,962ee2b19f04a8163c755bcd0b9b2e5d3a6d5e2f61e4c9c178fd97dd8cf05314
20220519,1528701.0,0.005411473929494309,2,Main,"fee=0.00%, tax=0.00%",0.0,0.0,962ee2b19f04a8163c755bcd0b9b2e5d3a6d5e2f61e4c9c178fd97dd8cf05314
20220520,1600213.0,0.046779586066863305,2,Main,"fee=0.00%, tax=0.00%",0.0,0.0,962ee2b19f04a8163c755bcd0b9b2e5d3a6d5e2f61e4c9c178fd97dd8cf05314
20220523,1600213.0,0.0,0,Main,"fee=0.00%, tax=0.00%",0.0,0.0,962ee2b19f04a8163c755bcd0b9b2e5d3a6d5e2f61e4c9c178fd97dd8cf05314
20220524,1600213.0,0.0,0,Main,"fee=0.00%, tax=0.00%",0.0,0.0,962ee2b19f04a8163c755bcd0b9b2e5d3a6d5e2f61e4c9c178fd97dd8cf05314
20220525,1619772.9999999998,0.012223372763500714,1,Main,"fee=0.00%, tax=0.00%",0.0,0.0,962ee2b19f04a8163c755bcd0b9b2e5d3a6d5e2f61e4c9c178fd97dd8cf05314
20220526,1650234.9999999998,0.01880633891292175,1,Main,"fee=0.00%, tax=0.00%",0.0,0.0,962ee2b19f04a8163c755bcd0b9b2e5d3a6d5e2f61e4c9c178fd97dd8cf05314
20220527,1671957.9999999998,0.013163579732583542,1,Main,"fee=0.00%, tax=0.00%",0.0,0.0,962ee2b19f04a8163c755bcd0b9b2e5d3a6d5e2f61e4c9c178fd97dd8cf05314
20220530,1671957.9999999998,0.0,0,Main,"fee=0.00%, tax=0.00%",0.0,0.0,962ee2b19f04a8163c755bcd0b9b2e5d3a6d5e2f61e4c9c178fd97dd8cf05314
20220531,1671957.9999999998,0.0,0,Main,"fee=0.00%, tax=0.00%",0.0,0.0,962ee2b19f04a8163c755bcd0b9b2e5d3a6d5e2f61e4c9c178fd97dd8cf05314
20220601,1671957.9999999998,0.0,0,Main,"fee=0.00%, tax=0.00%",0.0,0.0,962ee2b19f04a8163c755bcd0b9b2e5d3a6d5e2f61e4c9c178fd97dd8cf05314
20220602,1715519.9999999998,0.02605448222981678,4,Main,"fee=0.00%, tax=0.00%",0.0,0.0,962ee2b19f04a8163c755bcd0b9b2e5d3a6d5e2f61e4c9c178fd97dd8cf05314
20220606,1739222.0,0.013816218988994728,4,Main,"fee=0.00%, tax=0.00%",0.0,0.0,962ee2b19f04a8163c755bcd0b9b2e5d3a6d5e2f61e4c9c178fd97dd8cf05314
20220607,1782630.0,0.02495828594624493,4,Main,"fee=0.00%, tax=0.00%",0.0,0.0,962ee2b19f04a8163c755bcd0b9b2e5d3a6d5e2f61e4c9c178fd97dd8cf05314
20220608,1782630.0,0.0,0,Main,"fee=0.00%, tax=0.00%",0.0,0.0,962ee2b19f04a8163c755bcd0b9b2e5d3a6d5e2f61e4c9c178fd97dd8cf05314
20220609,1779849.0,-0.001560054526177614,1,Main,"fee=0.00%, tax=0.00%",0.0,0.0,962ee2b19f04a8163c755bcd0b9b2e5d3a6d5e2f61e4c9c178fd97dd8cf05314
20220610,1958144.9999999998,0.10017479010859896,1,Main,"fee=0.00%, tax=0.00%",0.0,0.0,962ee2b19f04a8163c755bcd0b9b2e5d3a6d5e2f61e4c9c178fd97dd8cf05314
20220613,1997456.9999999998,0.020076143492948686,1,Main,"fee=0.00%, tax=0.00%",0.0,0.0,962ee2b19f04a8163c755bcd0b9b2e5d3a6d5e2f61e4c9c178fd97dd8cf05314
20220614,1975132.9999999998,-0.011176210551716508,4,Main,"fee=0.00%, tax=0.00%",0.0,0.0,962ee2b19f04a8163c755bcd0b9b2e5d3a6d5e2f61e4c9c178fd97dd8cf05314
20220615,2038709.9999999998,0.03218871843060696,4,Main,"fee=0.00%, tax=0.00%",0.0,0.0,962ee2b19f04a8163c755bcd0b9b2e5d3a6d5e2f61e4c9c178fd97dd8cf05314
20220616,2026941.9999999995,-0.005772277567677715,3,Main,"fee=0.00%, tax=0.00%",0.0,0.0,962ee2b19f04a8163c755bcd0b9b2e5d3a6d5e2f61e4c9c178fd97dd8cf05314
20220617,2036653.9999999995,0.0047914543188704965,3,Main,"fee=0.00%, tax=0.00%",0.0,0.0,962ee2b19f04a8163c755bcd0b9b2e5d3a6d5e2f61e4c9c178fd97dd8cf05314
20220620,2101284.0,0.03173342158265492,2,Main,"fee=0.00%, tax=0.00%",0.0,0.0,962ee2b19f04a8163c755bcd0b9b2e5d3a6d5e2f61e4c9c178fd97dd8cf05314
20220621,2101284.0,0.0,0,Main,"fee=0.00%, tax=0.00%",0.0,0.0,962ee2b19f04a8163c755bcd0b9b2e5d3a6d5e2f61e4c9c178fd97dd8cf05314
20220622,2114788.0,0.006426546816137181,2,Main,"fee=0.00%, tax=0.00%",0.0,0.0,962ee2b19f04a8163c755bcd0b9b2e5d3a6d5e2f61e4c9c178fd97dd8cf05314
20220623,2167114.0,0.024742905671868765,4,Main,"fee=0.00%, tax=0.00%",0.0,0.0,962ee2b19f04a8163c755bcd0b9b2e5d3a6d5e2f61e4c9c178fd97dd8cf05314
20220624,2208609.0,0.01914758522163578,4,Main,"fee=0.00%, tax=0.00%",0.0,0.0,962ee2b19f04a8163c755bcd0b9b2e5d3a6d5e2f61e4c9c178fd97dd8cf05314
20220627,2252653.0,0.019941963471125944,1,Main,"fee=0.00%, tax=0.00%",0.0,0.0,962ee2b19f04a8163c755bcd0b9b2e5d3a6d5e2f61e4c9c178fd97dd8cf05314
20220628,2178689.0,-0.03283417374979635,1,Main,"fee=0.00%, tax=0.00%",0.0,0.0,962ee2b19f04a8163c755bcd0b9b2e5d3a6d5e2f61e4c9c178fd97dd8cf05314
20220629,2165396.0,-0.006101375643793125,3,Main,"fee=0.00%, tax=0.00%",0.0,0.0,962ee2b19f04a8163c755bcd0b9b2e5d3a6d5e2f61e4c9c178fd97dd8cf05314
20220630,2205412.0,0.018479760745840484,3,Main,"fee=0.00%, tax=0.00%",0.0,0.0,962ee2b19f04a8163c755bcd0b9b2e5d3a6d5e2f61e4c9c178fd97dd8cf05314
20220701,2300272.0,0.04301237138457576,4,Main,"fee=0.00%, tax=0.00%",0.0,0.0,962ee2b19f04a8163c755bcd0b9b2e5d3a6d5e2f61e4c9c178fd97dd8cf05314
20220704,2234024.0,-0.028800072339271184,4,Main,"fee=0.00%, tax=0.00%",0.0,0.0,962ee2b19f04a8163c755bcd0b9b2e5d3a6d5e2f61e4c9c178fd97dd8cf05314
20220705,2238486.0,0.0019972927775171617,4,Main,"fee=0.00%, tax=0.00%",0.0,0.0,962ee2b19f04a8163c755bcd0b9b2e5d3a6d5e2f61e4c9c178fd97dd8cf05314
20220706,2232410.0,-0.002714334599367608,1,Main,"fee=0.00%, tax=0.00%",0.0,0.0,962ee2b19f04a8163c755bcd0b9b2e5d3a6d5e2f61e4c9c178fd97dd8cf05314
20220707,2232410.0,0.0,0,Main,"fee=0.00%, tax=0.00%",0.0,0.0,962ee2b19f04a8163c755bcd0b9b2e5d3a6d5e2f61e4c9c178fd97dd8cf05314
20220708,2267278.0,0.015618994718712064,3,Main,"fee=0.00%, tax=0.00%",0.0,0.0,962ee2b19f04a8163c755bcd0b9b2e5d3a6d5e2f61e4c9c178fd97dd8cf05314
20220711,2318448.0,0.02256891303139712,3,Main,"fee=0.00%, tax=0.00%",0.0,0.0,962ee2b19f04a8163c755bcd0b9b2e5d3a6d5e2f61e4c9c178fd97dd8cf05314
20220712,2458382.0,0.060356755898773665,4,Main,"fee=0.00%, tax=0.00%",0.0,0.0,962ee2b19f04a8163c755bcd0b9b2e5d3a6d5e2f61e4c9c178fd97dd8cf05314
20220713,2545070.0,0.035262217181870024,4,Main,"fee=0.00%, tax=0.00%",0.0,0.0,962ee2b19f04a8163c755bcd0b9b2e5d3a6d5e2f61e4c9c178fd97dd8cf05314
20220714,2799284.0,0.0998848754651149,1,Main,"fee=0.00%, tax=0.00%",0.0,0.0,962ee2b19f04a8163c755bcd0b9b2e5d3a6d5e2f61e4c9c178fd97dd8cf05314
20220715,2891384.0,0.03290127046773389,1,Main,"fee=0.00%, tax=0.00%",0.0,0.0,962ee2b19f04a8163c755bcd0b9b2e5d3a6d5e2f61e4c9c178fd97dd8cf05314
20220718,3027530.0,0.047086793037521134,2,Main,"fee=0.00%, tax=0.00%",0.0,0.0,962ee2b19f04a8163c755bcd0b9b2e5d3a6d5e2f61e4c9c178fd97dd8cf05314
20220719,2941170.0,-0.028524903138862374,1,Main,"fee=0.00%, tax=0.00%",0.0,0.0,962ee2b19f04a8163c755bcd0b9b2e5d3a6d5e2f61e4c9c178fd97dd8cf05314
20220720,2929351.0,-0.00401846884063145,4,Main,"fee=0.00%, tax=0.00%",0.0,0.0,962ee2b19f04a8163c755bcd0b9b2e5d3a6d5e2f61e4c9c178fd97dd8cf05314
20220721,2948879.0,0.006666323018306785,4,Main,"fee=0.00%, tax=0.00%",0.0,0.0,962ee2b19f04a8163c755bcd0b9b2e5d3a6d5e2f61e4c9c178fd97dd8cf05314
20220722,2948879.0,0.0,0,Main,"fee=0.00%, tax=0.00%",0.0,0.0,962ee2b19f04a8163c755bcd0b9b2e5d3a6d5e2f61e4c9c178fd97dd8cf05314
20220725,3098604.0,0.05077353123000299,2,Main,"fee=0.00%, tax=0.00%",0.0,0.0,962ee2b19f04a8163c755bcd0b9b2e5d3a6d5e2f61e4c9c178fd97dd8cf05314
20220726,3192804.0,0.03040078693501977,2,Main,"fee=0.00%, tax=0.00%",0.0,0.0,962ee2b19f04a8163c755bcd0b9b2e5d3a6d5e2f61e4c9c178fd97dd8cf05314
20220727,3392042.0,0.062402201951638744,2,Main,"fee=0.00%, tax=0.00%",0.0,0.0,962ee2b19f04a8163c755bcd0b9b2e5d3a6d5e2f61e4c9c178fd97dd8cf05314
20220728,3392042.0,0.0,0,Main,"fee=0.00%, tax=0.00%",0.0,0.0,962ee2b19f04a8163c755bcd0b9b2e5d3a6d5e2f61e4c9c178fd97dd8cf05314
20220729,3530308.0,0.04076187735882987,4,Main,"fee=0.00%, tax=0.00%",0.0,0.0,962ee2b19f04a8163c755bcd0b9b2e5d3a6d5e2f61e4c9c178fd97dd8cf05314
20220801,3263683.0,-0.07552457179373584,1,Main,"fee=0.00%, tax=0.00%",0.0,0.0,962ee2b19f04a8163c755bcd0b9b2e5d3a6d5e2f61e4c9c178fd97dd8cf05314
20220802,3226793.0,-0.011303181099389862,1,Main,"fee=0.00%, tax=0.00%",0.0,0.0,962ee2b19f04a8163c755bcd0b9b2e5d3a6d5e2f61e4c9c178fd97dd8cf05314
20220803,3226793.0,0.0,0,Main,"fee=0.00%, tax=0.00%",0.0,0.0,962ee2b19f04a8163c755bcd0b9b2e5d3a6d5e2f61e4c9c178fd97dd8cf05314
20220804,3226793.0,0.0,0,Main,"fee=0.00%, tax=0.00%",0.0,0.0,962ee2b19f04a8163c755bcd0b9b2e5d3a6d5e2f61e4c9c178fd97dd8cf05314
20220805,3374237.0,0.045693665506278215,4,Main,"fee=0.00%, tax=0.00%",0.0,0.0,962ee2b19f04a8163c755bcd0b9b2e5d3a6d5e2f61e4c9c178fd97dd8cf05314
20220808,3433009.0,0.0174178636533237,4,Main,"fee=0.00%, tax=0.00%",0.0,0.0,962ee2b19f04a8163c755bcd0b9b2e5d3a6d5e2f61e4c9c178fd97dd8cf05314
20220809,3374159.0,-0.017142396072949415,2,Main,"fee=0.00%, tax=0.00%",0.0,0.0,962ee2b19f04a8163c755bcd0b9b2e5d3a6d5e2f61e4c9c178fd97dd8cf05314
20220810,3374159.0,0.0,0,Main,"fee=0.00%, tax=0.00%",0.0,0.0,962ee2b19f04a8163c755bcd0b9b2e5d3a6d5e2f61e4c9c178fd97dd8cf05314
20220811,3374159.0,0.0,0,Main,"fee=0.00%, tax=0.00%",0.0,0.0,962ee2b19f04a8163c755bcd0b9b2e5d3a6d5e2f61e4c9c178fd97dd8cf05314
20220812,3379557.0,0.0015998060553755766,2,Main,"fee=0.00%, tax=0.00%",0.0,0.0,962ee2b19f04a8163c755bcd0b9b2e5d3a6d5e2f61e4c9c178fd97dd8cf05314
20220815,3501305.0,0.03602483994203974,4,Main,"fee=0.00%, tax=0.00%",0.0,0.0,962ee2b19f04a8163c755bcd0b9b2e5d3a6d5e2f61e4c9c178fd97dd8cf05314
20220816,3575534.0,0.021200381000798275,4,Main,"fee=0.00%, tax=0.00%",0.0,0.0,962ee2b19f04a8163c755bcd0b9b2e5d3a6d5e2f61e4c9c178fd97dd8cf05314
20220817,3575534.0,0.0,0,Main,"fee=0.00%, tax=0.00%",0.0,0.0,962ee2b19f04a8163c755bcd0b9b2e5d3a6d5e2f61e4c9c178fd97dd8cf05314
20220818,3575534.0,0.0,0,Main,"fee=0.00%, tax=0.00%",0.0,0.0,962ee2b19f04a8163c755bcd0b9b2e5d3a6d5e2f61e4c9c178fd97dd8cf05314
20220819,3635400.0,0.01674323331843579,1,Main,"fee=0.00%, tax=0.00%",0.0,0.0,962ee2b19f04a8163c755bcd0b9b2e5d3a6d5e2f61e4c9c178fd97dd8cf05314
20220822,3735848.0,0.027630522088353413,1,Main,"fee=0.00%, tax=0.00%",0.0,0.0,962ee2b19f04a8163c755bcd0b9b2e5d3a6d5e2f61e4c9c178fd97dd8cf05314
20220823,3697013.0,-0.010395230212792383,2,Main,"fee=0.00%, tax=0.00%",0.0,0.0,962ee2b19f04a8163c755bcd0b9b2e5d3a6d5e2f61e4c9c178fd97dd8cf05314
20220824,3777075.0,0.021655861096512238,4,Main,"fee=0.00%, tax=0.00%",0.0,0.0,962ee2b19f04a8163c755bcd0b9b2e5d3a6d5e2f61e4c9c178fd97dd8cf05314
20220825,3777075.0,0.0,0,Main,"fee=0.00%, tax=0.00%",0.0,0.0,962ee2b19f04a8163c755bcd0b9b2e5d3a6d5e2f61e4c9c178fd97dd8cf05314
20220826,3777075.0,0.0,0,Main,"fee=0.00%, tax=0.00%",0.0,0.0,962ee2b19f04a8163c755bcd0b9b2e5d3a6d5e2f61e4c9c178fd97dd8cf05314
20220829,3792273.0,0.004023748535573162,1,Main,"fee=0.00%, tax=0.00%",0.0,0.0,962ee2b19f04a8163c755bcd0b9b2e5d3a6d5e2f61e4c9c178fd97dd8cf05314
20220830,3830641.9999999995,0.01011767876416058,1,Main,"fee=0.00%, tax=0.00%",0.0,0.0,962ee2b19f04a8163c755bcd0b9b2e5d3a6d5e2f61e4c9c178fd97dd8cf05314
20220831,4047264.999999999,0.056550050879199766,1,Main,"fee=0.00%, tax=0.00%",0.0,0.0,962ee2b19f04a8163c755bcd0b9b2e5d3a6d5e2f61e4c9c178fd97dd8cf05314
20220901,4047264.999999999,0.0,0,Main,"fee=0.00%, tax=0.00%",0.0,0.0,962ee2b19f04a8163c755bcd0b9b2e5d3a6d5e2f61e4c9c178fd97dd8cf05314
20220902,4047264.999999999,0.0,0,Main,"fee=0.00%, tax=0.00%",0.0,0.0,962ee2b19f04a8163c755bcd0b9b2e5d3a6d5e2f61e4c9c178fd97dd8cf05314
20220905,4134144.999999999,0.02146634826234507,1,Main,"fee=0.00%, tax=0.00%",0.0,0.0,962ee2b19f04a8163c755bcd0b9b2e5d3a6d5e2f61e4c9c178fd97dd8cf05314
20220906,4058766.999999999,-0.018233032464995788,1,Main,"fee=0.00%, tax=0.00%",0.0,0.0,962ee2b19f04a8163c755bcd0b9b2e5d3a6d5e2f61e4c9c178fd97dd8cf05314
20220907,3976565.999999999,-0.02025270236010099,2,Main,"fee=0.00%, tax=0.00%",0.0,0.0,962ee2b19f04a8163c755bcd0b9b2e5d3a6d5e2f61e4c9c178fd97dd8cf05314
20220908,3976565.999999999,0.0,0,Main,"fee=0.00%, tax=0.00%",0.0,0.0,962ee2b19f04a8163c755bcd0b9b2e5d3a6d5e2f61e4c9c178fd97dd8cf05314
20220909,3976565.999999999,0.0,0,Main,"fee=0.00%, tax=0.00%",0.0,0.0,962ee2b19f04a8163c755bcd0b9b2e5d3a6d5e2f61e4c9c178fd97dd8cf05314
20220913,3929788.9999999986,-0.011763164499218793,4,Main,"fee=0.00%, tax=0.00%",0.0,0.0,962ee2b19f04a8163c755bcd0b9b2e5d3a6d5e2f61e4c9c178fd97dd8cf05314
20220914,3845854.9999999986,-0.021358398631580483,4,Main,"fee=0.00%, tax=0.00%",0.0,0.0,962ee2b19f04a8163c755bcd0b9b2e5d3a6d5e2f61e4c9c178fd97dd8cf05314
20220915,3753966.999999998,-0.02389273646562351,2,Main,"fee=0.00%, tax=0.00%",0.0,0.0,962ee2b19f04a8163c755bcd0b9b2e5d3a6d5e2f61e4c9c178fd97dd8cf05314
20220916,3813105.9999999986,0.01575373464923919,2,Main,"fee=0.00%, tax=0.00%",0.0,0.0,962ee2b19f04a8163c755bcd0b9b2e5d3a6d5e2f61e4c9c178fd97dd8cf05314
20220919,3813105.9999999986,0.0,0,Main,"fee=0.00%, tax=0.00%",0.0,0.0,962ee2b19f04a8163c755bcd0b9b2e5d3a6d5e2f61e4c9c178fd97dd8cf05314
20220920,3752142.9999999986,-0.015987753815393545,4,Main,"fee=0.00%, tax=0.00%",0.0,0.0,962ee2b19f04a8163c755bcd0b9b2e5d3a6d5e2f61e4c9c178fd97dd8cf05314
20220921,3790962.999999998,0.010346087555831307,4,Main,"fee=0.00%, tax=0.00%",0.0,0.0,962ee2b19f04a8163c755bcd0b9b2e5d3a6d5e2f61e4c9c178fd97dd8cf05314
20220922,3918635.9999999977,0.03367825009107174,1,Main,"fee=0.00%, tax=0.00%",0.0,0.0,962ee2b19f04a8163c755bcd0b9b2e5d3a6d5e2f61e4c9c178fd97dd8cf05314
20220923,3816195.9999999977,-0.026141749322978726,1,Main,"fee=0.00%, tax=0.00%",0.0,0.0,962ee2b19f04a8163c755bcd0b9b2e5d3a6d5e2f61e4c9c178fd97dd8cf05314
20220926,3860827.9999999977,0.011695416063535528,1,Main,"fee=0.00%, tax=0.00%",0.0,0.0,962ee2b19f04a8163c755bcd0b9b2e5d3a6d5e2f61e4c9c178fd97dd8cf05314
20220927,3707895.999999997,-0.03961119221058295,3,Main,"fee=0.00%, tax=0.00%",0.0,0.0,962ee2b19f04a8163c755bcd0b9b2e5d3a6d5e2f61e4c9c178fd97dd8cf05314
20220928,3586701.999999997,-0.032685382761544576,3,Main,"fee=0.00%, tax=0.00%",0.0,0.0,962ee2b19f04a8163c755bcd0b9b2e5d3a6d5e2f61e4c9c178fd97dd8cf05314
20220930,3302835.999999997,-0.07914401586750174,1,Main,"fee=0.00%, tax=0.00%",0.0,0.0,962ee2b19f04a8163c755bcd0b9b2e5d3a6d5e2f61e4c9c178fd97dd8cf05314
20221010,3326839.999999997,0.007267693582121553,2,Main,"fee=0.00%, tax=0.00%",0.0,0.0,962ee2b19f04a8163c755bcd0b9b2e5d3a6d5e2f61e4c9c178fd97dd8cf05314
20221011,3396091.999999997,0.020816149859927156,2,Main,"fee=0.00%, tax=0.00%",0.0,0.0,962ee2b19f04a8163c755bcd0b9b2e5d3a6d5e2f61e4c9c178fd97dd8cf05314
20221012,3458687.999999997,0.018431773933097233,2,Main,"fee=0.00%, tax=0.00%",0.0,0.0,962ee2b19f04a8163c755bcd0b9b2e5d3a6d5e2f61e4c9c178fd97dd8cf05314
20221013,3508307.999999997,0.014346480515154891,2,Main,"fee=0.00%, tax=0.00%",0.0,0.0,962ee2b19f04a8163c755bcd0b9b2e5d3a6d5e2f61e4c9c178fd97dd8cf05314
20221014,3518602.999999997,0.002934462994697161,3,Main,"fee=0.00%, tax=0.00%",0.0,0.0,962ee2b19f04a8163c755bcd0b9b2e5d3a6d5e2f61e4c9c178fd97dd8cf05314
20221017,3532618.999999997,0.003983399093333352,3,Main,"fee=0.00%, tax=0.00%",0.0,0.0,962ee2b19f04a8163c755bcd0b9b2e5d3a6d5e2f61e4c9c178fd97dd8cf05314
20221018,3709004.9999999977,0.04993066050995044,2,Main,"fee=0.00%, tax=0.00%",0.0,0.0,962ee2b19f04a8163c755bcd0b9b2e5d3a6d5e2f61e4c9c178fd97dd8cf05314
20221019,3800459.9999999977,0.024657556406637374,1,Main,"fee=0.00%, tax=0.00%",0.0,0.0,962ee2b19f04a8163c755bcd0b9b2e5d3a6d5e2f61e4c9c178fd97dd8cf05314
20221020,3983413.9999999977,0.048139962004599475,2,Main,"fee=0.00%, tax=0.00%",0.0,0.0,962ee2b19f04a8163c755bcd0b9b2e5d3a6d5e2f61e4c9c178fd97dd8cf05314
20221021,4109553.9999999977,0.03166630433090813,4,Main,"fee=0.00%, tax=0.00%",0.0,0.0,962ee2b19f04a8163c755bcd0b9b2e5d3a6d5e2f61e4c9c178fd97dd8cf05314
20221024,4102581.9999999977,-0.001696534465783879,4,Main,"fee=0.00%, tax=0.00%",0.0,0.0,962ee2b19f04a8163c755bcd0b9b2e5d3a6d5e2f61e4c9c178fd97dd8cf05314
20221025,4145664.9999999977,0.01050143543748791,3,Main,"fee=0.00%, tax=0.00%",0.0,0.0,962ee2b19f04a8163c755bcd0b9b2e5d3a6d5e2f61e4c9c178fd97dd8cf05314
20221026,3950348.9999999977,-0.047113309927357884,3,Main,"fee=0.00%, tax=0.00%",0.0,0.0,962ee2b19f04a8163c755bcd0b9b2e5d3a6d5e2f61e4c9c178fd97dd8cf05314
20221027,3657358.9999999977,-0.0741681304613846,1,Main,"fee=0.00%, tax=0.00%",0.0,0.0,962ee2b19f04a8163c755bcd0b9b2e5d3a6d5e2f61e4c9c178fd97dd8cf05314
20221028,3695998.999999997,0.010565000591957082,1,Main,"fee=0.00%, tax=0.00%",0.0,0.0,962ee2b19f04a8163c755bcd0b9b2e5d3a6d5e2f61e4c9c178fd97dd8cf05314
20221031,3930174.999999997,0.06335932450198178,1,Main,"fee=0.00%, tax=0.00%",0.0,0.0,962ee2b19f04a8163c755bcd0b9b2e5d3a6d5e2f61e4c9c178fd97dd8cf05314
20221101,4254105.999999997,0.08242152067019923,4,Main,"fee=0.00%, tax=0.00%",0.0,0.0,962ee2b19f04a8163c755bcd0b9b2e5d3a6d5e2f61e4c9c178fd97dd8cf05314
20221102,4228072.999999997,-0.00611949960814329,4,Main,"fee=0.00%, tax=0.00%",0.0,0.0,962ee2b19f04a8163c755bcd0b9b2e5d3a6d5e2f61e4c9c178fd97dd8cf05314
20221103,4355859.999999997,0.030223461137023906,2,Main,"fee=0.00%, tax=0.00%",0.0,0.0,962ee2b19f04a8163c755bcd0b9b2e5d3a6d5e2f61e4c9c178fd97dd8cf05314
20221104,4388352.999999997,0.007459606139774928,2,Main,"fee=0.00%, tax=0.00%",0.0,0.0,962ee2b19f04a8163c755bcd0b9b2e5d3a6d5e2f61e4c9c178fd97dd8cf05314
20221107,4350208.999999997,-0.00869209929100964,2,Main,"fee=0.00%, tax=0.00%",0.0,0.0,962ee2b19f04a8163c755bcd0b9b2e5d3a6d5e2f61e4c9c178fd97dd8cf05314
20221108,4356503.999999997,0.001447056911518505,1,Main,"fee=0.00%, tax=0.00%",0.0,0.0,962ee2b19f04a8163c755bcd0b9b2e5d3a6d5e2f61e4c9c178fd97dd8cf05314
20221109,4289779.999999997,-0.015315950587902603,4,Main,"fee=0.00%, tax=0.00%",0.0,0.0,962ee2b19f04a8163c755bcd0b9b2e5d3a6d5e2f61e4c9c178fd97dd8cf05314
20221110,4315084.999999997,0.0058989039064940435,4,Main,"fee=0.00%, tax=0.00%",0.0,0.0,962ee2b19f04a8163c755bcd0b9b2e5d3a6d5e2f61e4c9c178fd97dd8cf05314
20221111,4178218.999999997,-0.031718031046897126,4,Main,"fee=0.00%, tax=0.00%",0.0,0.0,962ee2b19f04a8163c755bcd0b9b2e5d3a6d5e2f61e4c9c178fd97dd8cf05314
20221114,4228857.999999997,0.012119757245850453,3,Main,"fee=0.00%, tax=0.00%",0.0,0.0,962ee2b19f04a8163c755bcd0b9b2e5d3a6d5e2f61e4c9c178fd97dd8cf05314
20221115,4376165.999999997,0.03483399064239095,3,Main,"fee=0.00%, tax=0.00%",0.0,0.0,962ee2b19f04a8163c755bcd0b9b2e5d3a6d5e2f61e4c9c178fd97dd8cf05314
20221116,4531542.999999997,0.03550528019275322,4,Main,"fee=0.00%, tax=0.00%",0.0,0.0,962ee2b19f04a8163c755bcd0b9b2e5d3a6d5e2f61e4c9c178fd97dd8cf05314
20221117,4396392.999999997,-0.02982427839700519,1,Main,"fee=0.00%, tax=0.00%",0.0,0.0,962ee2b19f04a8163c755bcd0b9b2e5d3a6d5e2f61e4c9c178fd97dd8cf05314
20221118,4513392.999999997,0.02661272547745392,1,Main,"fee=0.00%, tax=0.00%",0.0,0.0,962ee2b19f04a8163c755bcd0b9b2e5d3a6d5e2f61e4c9c178fd97dd8cf05314
20221121,4442657.999999997,-0.015672244805626286,2,Main,"fee=0.00%, tax=0.00%",0.0,0.0,962ee2b19f04a8163c755bcd0b9b2e5d3a6d5e2f61e4c9c178fd97dd8cf05314
20221122,4471432.999999997,0.0064769784214765164,2,Main,"fee=0.00%, tax=0.00%",0.0,0.0,962ee2b19f04a8163c755bcd0b9b2e5d3a6d5e2f61e4c9c178fd97dd8cf05314
20221123,4647488.999999997,0.03937350732975315,2,Main,"fee=0.00%, tax=0.00%",0.0,0.0,962ee2b19f04a8163c755bcd0b9b2e5d3a6d5e2f61e4c9c178fd97dd8cf05314
20221124,4602653.999999997,-0.009647144942139729,2,Main,"fee=0.00%, tax=0.00%",0.0,0.0,962ee2b19f04a8163c755bcd0b9b2e5d3a6d5e2f61e4c9c178fd97dd8cf05314
20221125,4614311.999999997,0.0025328864607246184,1,Main,"fee=0.00%, tax=0.00%",0.0,0.0,962ee2b19f04a8163c755bcd0b9b2e5d3a6d5e2f61e4c9c178fd97dd8cf05314
20221128,4637135.999999997,0.004946349531631154,1,Main,"fee=0.00%, tax=0.00%",0.0,0.0,962ee2b19f04a8163c755bcd0b9b2e5d3a6d5e2f61e4c9c178fd97dd8cf05314
20221129,4600267.999999997,-0.00795059709268825,4,Main,"fee=0.00%, tax=0.00%",0.0,0.0,962ee2b19f04a8163c755bcd0b9b2e5d3a6d5e2f61e4c9c178fd97dd8cf05314
20221130,4634040.999999997,0.007341528797887432,4,Main,"fee=0.00%, tax=0.00%",0.0,0.0,962ee2b19f04a8163c755bcd0b9b2e5d3a6d5e2f61e4c9c178fd97dd8cf05314
20221201,4667772.999999997,0.007279175993479561,3,Main,"fee=0.00%, tax=0.00%",0.0,0.0,962ee2b19f04a8163c755bcd0b9b2e5d3a6d5e2f61e4c9c178fd97dd8cf05314
20221202,4801276.999999997,0.028601219468041842,2,Main,"fee=0.00%, tax=0.00%",0.0,0.0,962ee2b19f04a8163c755bcd0b9b2e5d3a6d5e2f61e4c9c178fd97dd8cf05314
20221205,4736665.999999998,-0.013457044865355426,2,Main,"fee=0.00%, tax=0.00%",0.0,0.0,962ee2b19f04a8163c755bcd0b9b2e5d3a6d5e2f61e4c9c178fd97dd8cf05314
20221206,4699369.999999998,-0.007873892733834308,1,Main,"fee=0.00%, tax=0.00%",0.0,0.0,962ee2b19f04a8163c755bcd0b9b2e5d3a6d5e2f61e4c9c178fd97dd8cf05314
20221207,4813668.999999998,0.024322196379514712,4,Main,"fee=0.00%, tax=0.00%",0.0,0.0,962ee2b19f04a8163c755bcd0b9b2e5d3a6d5e2f61e4c9c178fd97dd8cf05314
20221208,4836796.999999998,0.004804651088390168,4,Main,"fee=0.00%, tax=0.00%",0.0,0.0,962ee2b19f04a8163c755bcd0b9b2e5d3a6d5e2f61e4c9c178fd97dd8cf05314
20221209,4902908.999999998,0.013668549662100772,3,Main,"fee=0.00%, tax=0.00%",0.0,0.0,962ee2b19f04a8163c755bcd0b9b2e5d3a6d5e2f61e4c9c178fd97dd8cf05314
20221212,4816076.999999998,-0.017710302189985584,2,Main,"fee=0.00%, tax=0.00%",0.0,0.0,962ee2b19f04a8163c755bcd0b9b2e5d3a6d5e2f61e4c9c178fd97dd8cf05314
20221213,4889450.999999998,0.015235221529888337,2,Main,"fee=0.00%, tax=0.00%",0.0,0.0,962ee2b19f04a8163c755bcd0b9b2e5d3a6d5e2f61e4c9c178fd97dd8cf05314
20221214,4859555.999999998,-0.006114183371507356,2,Main,"fee=0.00%, tax=0.00%",0.0,0.0,962ee2b19f04a8163c755bcd0b9b2e5d3a6d5e2f61e4c9c178fd97dd8cf05314
20221215,4883431.999999998,0.004913206062446859,1,Main,"fee=0.00%, tax=0.00%",0.0,0.0,962ee2b19f04a8163c755bcd0b9b2e5d3a6d5e2f61e4c9c178fd97dd8cf05314
20221216,4853819.999999998,-0.00606376826789029,4,Main,"fee=0.00%, tax=0.00%",0.0,0.0,962ee2b19f04a8163c755bcd0b9b2e5d3a6d5e2f61e4c9c178fd97dd8cf05314
20221219,4806819.999999998,-0.009683094964378575,3,Main,"fee=0.00%, tax=0.00%",0.0,0.0,962ee2b19f04a8163c755bcd0b9b2e5d3a6d5e2f61e4c9c178fd97dd8cf05314
20221220,4777512.999999998,-0.006096962232827526,3,Main,"fee=0.00%, tax=0.00%",0.0,0.0,962ee2b19f04a8163c755bcd0b9b2e5d3a6d5e2f61e4c9c178fd97dd8cf05314
20221221,4702151.999999998,-0.01577410673712453,4,Main,"fee=0.00%, tax=0.00%",0.0,0.0,962ee2b19f04a8163c755bcd0b9b2e5d3a6d5e2f61e4c9c178fd97dd8cf05314
20221222,4694659.999999998,-0.0015933130192303446,4,Main,"fee=0.00%, tax=0.00%",0.0,0.0,962ee2b19f04a8163c755bcd0b9b2e5d3a6d5e2f61e4c9c178fd97dd8cf05314
20221223,4874000.999999998,0.03820106248375816,4,Main,"fee=0.00%, tax=0.00%",0.0,0.0,962ee2b19f04a8163c755bcd0b9b2e5d3a6d5e2f61e4c9c178fd97dd8cf05314
20221226,4928912.999999998,0.011266308726649835,1,Main,"fee=0.00%, tax=0.00%",0.0,0.0,962ee2b19f04a8163c755bcd0b9b2e5d3a6d5e2f61e4c9c178fd97dd8cf05314
20221227,4887672.999999998,-0.008366956365429865,1,Main,"fee=0.00%, tax=0.00%",0.0,0.0,962ee2b19f04a8163c755bcd0b9b2e5d3a6d5e2f61e4c9c178fd97dd8cf05314
20221228,4931045.999999998,0.00887395699344044,2,Main,"fee=0.00%, tax=0.00%",0.0,0.0,962ee2b19f04a8163c755bcd0b9b2e5d3a6d5e2f61e4c9c178fd97dd8cf05314
20221229,4938508.999999998,0.001513471989512976,4,Main,"fee=0.00%, tax=0.00%",0.0,0.0,962ee2b19f04a8163c755bcd0b9b2e5d3a6d5e2f61e4c9c178fd97dd8cf05314
20221230,5113000.999999998,0.03533293145765252,4,Main,"fee=0.00%, tax=0.00%",0.0,0.0,962ee2b19f04a8163c755bcd0b9b2e5d3a6d5e2f61e4c9c178fd97dd8cf05314
20230103,5121161.999999998,0.0015961272059207504,4,Main,"fee=0.00%, tax=0.00%",0.0,0.0,962ee2b19f04a8163c755bcd0b9b2e5d3a6d5e2f61e4c9c178fd97dd8cf05314
20230104,5222891.999999998,0.019864632284626035,1,Main,"fee=0.00%, tax=0.00%",0.0,0.0,962ee2b19f04a8163c755bcd0b9b2e5d3a6d5e2f61e4c9c178fd97dd8cf05314
20230105,5174390.999999998,-0.009286234522942464,1,Main,"fee=0.00%, tax=0.00%",0.0,0.0,962ee2b19f04a8163c755bcd0b9b2e5d3a6d5e2f61e4c9c178fd97dd8cf05314
20230106,5174390.999999998,0.0,1,Main,"fee=0.00%, tax=0.00%",0.0,0.0,962ee2b19f04a8163c755bcd0b9b2e5d3a6d5e2f61e4c9c178fd97dd8cf05314
20230109,5216734.999999998,0.008183378488405692,4,Main,"fee=0.00%, tax=0.00%",0.0,0.0,962ee2b19f04a8163c755bcd0b9b2e5d3a6d5e2f61e4c9c178fd97dd8cf05314
20230110,5201475.999999998,-0.002925009608500337,4,Main,"fee=0.00%, tax=0.00%",0.0,0.0,962ee2b19f04a8163c755bcd0b9b2e5d3a6d5e2f61e4c9c178fd97dd8cf05314
20230111,5252369.999999998,0.009784530390989022,4,Main,"fee=0.00%, tax=0.00%",0.0,0.0,962ee2b19f04a8163c755bcd0b9b2e5d3a6d5e2f61e4c9c178fd97dd8cf05314
20230112,5252369.999999998,0.0,0,Main,"fee=0.00%, tax=0.00%",0.0,0.0,962ee2b19f04a8163c755bcd0b9b2e5d3a6d5e2f61e4c9c178fd97dd8cf05314
20230113,5252369.999999998,0.0,0,Main,"fee=0.00%, tax=0.00%",0.0,0.0,962ee2b19f04a8163c755bcd0b9b2e5d3a6d5e2f61e4c9c178fd97dd8cf05314
20230116,5246488.999999998,-0.0011196850183821784,1,Main,"fee=0.00%, tax=0.00%",0.0,0.0,962ee2b19f04a8163c755bcd0b9b2e5d3a6d5e2f61e4c9c178fd97dd8cf05314
20230117,5378851.999999998,0.02522887210856633,1,Main,"fee=0.00%, tax=0.00%",0.0,0.0,962ee2b19f04a8163c755bcd0b9b2e5d3a6d5e2f61e4c9c178fd97dd8cf05314
20230118,5443134.999999998,0.011951063163663924,4,Main,"fee=0.00%, tax=0.00%",0.0,0.0,962ee2b19f04a8163c755bcd0b9b2e5d3a6d5e2f61e4c9c178fd97dd8cf05314
20230119,5767687.999999998,0.05962611619957986,2,Main,"fee=0.00%, tax=0.00%",0.0,0.0,962ee2b19f04a8163c755bcd0b9b2e5d3a6d5e2f61e4c9c178fd97dd8cf05314
20230120,5928683.999999998,0.027913437758769206,2,Main,"fee=0.00%, tax=0.00%",0.0,0.0,962ee2b19f04a8163c755bcd0b9b2e5d3a6d5e2f61e4c9c178fd97dd8cf05314
20230130,6039299.999999998,0.018657766209162107,1,Main,"fee=0.00%, tax=0.00%",0.0,0.0,962ee2b19f04a8163c755bcd0b9b2e5d3a6d5e2f61e4c9c178fd97dd8cf05314
20230131,6253103.999999998,0.035402116139287676,3,Main,"fee=0.00%, tax=0.00%",0.0,0.0,962ee2b19f04a8163c755bcd0b9b2e5d3a6d5e2f61e4c9c178fd97dd8cf05314
20230201,6459295.999999998,0.032974343621983586,4,Main,"fee=0.00%, tax=0.00%",0.0,0.0,962ee2b19f04a8163c755bcd0b9b2e5d3a6d5e2f61e4c9c178fd97dd8cf05314
20230202,6372542.999999998,-0.013430720623423981,4,Main,"fee=0.00%, tax=0.00%",0.0,0.0,962ee2b19f04a8163c755bcd0b9b2e5d3a6d5e2f61e4c9c178fd97dd8cf05314
20230203,6312353.999999998,-0.009445051998864506,2,Main,"fee=0.00%, tax=0.00%",0.0,0.0,962ee2b19f04a8163c755bcd0b9b2e5d3a6d5e2f61e4c9c178fd97dd8cf05314
20230206,6631817.999999998,0.050609328944479365,2,Main,"fee=0.00%, tax=0.00%",0.0,0.0,962ee2b19f04a8163c755bcd0b9b2e5d3a6d5e2f61e4c9c178fd97dd8cf05314
20230207,6527315.999999998,-0.015757670068750382,2,Main,"fee=0.00%, tax=0.00%",0.0,0.0,962ee2b19f04a8163c755bcd0b9b2e5d3a6d5e2f61e4c9c178fd97dd8cf05314
20230208,6549400.999999998,0.0033834733909006405,3,Main,"fee=0.00%, tax=0.00%",0.0,0.0,962ee2b19f04a8163c755bcd0b9b2e5d3a6d5e2f61e4c9c178fd97dd8cf05314
20230209,6475311.999999998,-0.011312332227023512,3,Main,"fee=0.00%, tax=0.00%",0.0,0.0,962ee2b19f04a8163c755bcd0b9b2e5d3a6d5e2f61e4c9c178fd97dd8cf05314
20230210,6707274.999999998,0.03582267541703011,4,Main,"fee=0.00%, tax=0.00%",0.0,0.0,962ee2b19f04a8163c755bcd0b9b2e5d3a6d5e2f61e4c9c178fd97dd8cf05314
20230213,6670172.999999998,-0.005531605607344265,1,Main,"fee=0.00%, tax=0.00%",0.0,0.0,962ee2b19f04a8163c755bcd0b9b2e5d3a6d5e2f61e4c9c178fd97dd8cf05314
20230214,6670172.999999998,0.0,0,Main,"fee=0.00%, tax=0.00%",0.0,0.0,962ee2b19f04a8163c755bcd0b9b2e5d3a6d5e2f61e4c9c178fd97dd8cf05314
20230215,6494768.999999998,-0.026296769214231783,3,Main,"fee=0.00%, tax=0.00%",0.0,0.0,962ee2b19f04a8163c755bcd0b9b2e5d3a6d5e2f61e4c9c178fd97dd8cf05314
20230216,6494768.999999998,0.0,0,Main,"fee=0.00%, tax=0.00%",0.0,0.0,962ee2b19f04a8163c755bcd0b9b2e5d3a6d5e2f61e4c9c178fd97dd8cf05314
20230217,6494768.999999998,0.0,0,Main,"fee=0.00%, tax=0.00%",0.0,0.0,962ee2b19f04a8163c755bcd0b9b2e5d3a6d5e2f61e4c9c178fd97dd8cf05314
20230220,7145093.999999998,0.10013058201146187,1,Main,"fee=0.00%, tax=0.00%",0.0,0.0,962ee2b19f04a8163c755bcd0b9b2e5d3a6d5e2f61e4c9c178fd97dd8cf05314
20230221,7151153.999999999,0.0008481343982319803,1,Main,"fee=0.00%, tax=0.00%",0.0,0.0,962ee2b19f04a8163c755bcd0b9b2e5d3a6d5e2f61e4c9c178fd97dd8cf05314
20230222,7351269.999999998,0.027983735212526412,1,Main,"fee=0.00%, tax=0.00%",0.0,0.0,962ee2b19f04a8163c755bcd0b9b2e5d3a6d5e2f61e4c9c178fd97dd8cf05314
20230223,7681110.999999998,0.044868573729437235,1,Main,"fee=0.00%, tax=0.00%",0.0,0.0,962ee2b19f04a8163c755bcd0b9b2e5d3a6d5e2f61e4c9c178fd97dd8cf05314
20230224,7661824.999999998,-0.0025108346956579596,4,Main,"fee=0.00%, tax=0.00%",0.0,0.0,962ee2b19f04a8163c755bcd0b9b2e5d3a6d5e2f61e4c9c178fd97dd8cf05314
20230227,7725026.999999998,0.008248948520750607,4,Main,"fee=0.00%, tax=0.00%",0.0,0.0,962ee2b19f04a8163c755bcd0b9b2e5d3a6d5e2f61e4c9c178fd97dd8cf05314
20230228,7680830.999999998,-0.005721145052308556,4,Main,"fee=0.00%, tax=0.00%",0.0,0.0,962ee2b19f04a8163c755bcd0b9b2e5d3a6d5e2f61e4c9c178fd97dd8cf05314
20230301,7777469.0,0.01258171153616085,2,Main,"fee=0.00%, tax=0.00%",0.0,0.0,962ee2b19f04a8163c755bcd0b9b2e5d3a6d5e2f61e4c9c178fd97dd8cf05314
20230302,7784188.0,0.000863905725628736,2,Main,"fee=0.00%, tax=0.00%",0.0,0.0,962ee2b19f04a8163c755bcd0b9b2e5d3a6d5e2f61e4c9c178fd97dd8cf05314
20230303,7784188.0,0.0,0,Main,"fee=0.00%, tax=0.00%",0.0,0.0,962ee2b19f04a8163c755bcd0b9b2e5d3a6d5e2f61e4c9c178fd97dd8cf05314
20211207,1009882.1263000001,0.00988212630000012,3,Main,"fee=0.01%, tax=0.10%",0.0001,0.001,962ee2b19f04a8163c755bcd0b9b2e5d3a6d5e2f61e4c9c178fd97dd8cf05314
20211208,1005349.3132000002,-0.004488457595152421,3,Main,"fee=0.01%, tax=0.10%",0.0001,0.001,962ee2b19f04a8163c755bcd0b9b2e5d3a6d5e2f61e4c9c178fd97dd8cf05314
20211209,1078633.8931000002,0.07289464362067065,1,Main,"fee=0.01%, tax=0.10%",0.0001,0.001,962ee2b19f04a8163c755bcd0b9b2e5d3a6d5e2f61e4c9c178fd97dd8cf05314
20211210,1093794.9084,0.014055756449880325,4,Main,"fee=0.01%, tax=0.10%",0.0001,0.001,962ee2b19f04a8163c755bcd0b9b2e5d3a6d5e2f61e4c9c178fd97dd8cf05314
20211213,1060483.2872000001,-0.030455088924054397,2,Main,"fee=0.01%, tax=0.10%",0.0001,0.001,962ee2b19f04a8163c755bcd0b9b2e5d3a6d5e2f61e4c9c178fd97dd8cf05314
20211214,1120713.5366000002,0.05679509533717061,2,Main,"fee=0.01%, tax=0.10%",0.0001,0.001,962ee2b19f04a8163c755bcd0b9b2e5d3a6d5e2f61e4c9c178fd97dd8cf05314
20211215,1120713.5366000002,0.0,0,Main,"fee=0.01%, tax=0.10%",0.0001,0.001,962ee2b19f04a8163c755bcd0b9b2e5d3a6d5e2f61e4c9c178fd97dd8cf05314
20211216,1120713.5366000002,0.0,0,Main,"fee=0.01%, tax=0.10%",0.0001,0.001,962ee2b19f04a8163c755bcd0b9b2e5d3a6d5e2f61e4c9c178fd97dd8cf05314
20211217,1107489.7245000002,-0.011799457816953058,3,Main,"fee=0.01%, tax=0.10%",0.0001,0.001,962ee2b19f04a8163c755bcd0b9b2e5d3a6d5e2f61e4c9c178fd97dd8cf05314
20211220,1161547.9755000002,0.04881151472931785,3,Main,"fee=0.01%, tax=0.10%",0.0001,0.001,962ee2b19f04a8163c755bcd0b9b2e5d3a6d5e2f61e4c9c178fd97dd8cf05314
20211221,1150774.9923,-0.009274677781055745,1,Main,"fee=0.01%, tax=0.10%",0.0001,0.001,962ee2b19f04a8163c755bcd0b9b2e5d3a6d5e2f61e4c9c178fd97dd8cf05314
20211222,1191338.9682000002,0.0352492678164016,1,Main,"fee=0.01%, tax=0.10%",0.0001,0.001,962ee2b19f04a8163c755bcd0b9b2e5d3a6d5e2f61e4c9c178fd97dd8cf05314
20211223,1208443.7871000003,0.014357642414604991,4,Main,"fee=0.01%, tax=0.10%",0.0001,0.001,962ee2b19f04a8163c755bcd0b9b2e5d3a6d5e2f61e4c9c178fd97dd8cf05314
20211224,1242780.0473000002,0.028413618048713202,4,Main,"fee=0.01%, tax=0.10%",0.0001,0.001,962ee2b19f04a8163c755bcd0b9b2e5d3a6d5e2f61e4c9c178fd97dd8cf05314
20211227,1206493.5082000003,-0.029197877113359035,2,Main,"fee=0.01%, tax=0.10%",0.0001,0.001,962ee2b19f04a8163c755bcd0b9b2e5d3a6d5e2f61e4c9c178fd97dd8cf05314
20211228,1227474.7449000003,0.017390260749353282,3,Main,"fee=0.01%, tax=0.10%",0.0001,0.001,962ee2b19f04a8163c755bcd0b9b2e5d3a6d5e2f61e4c9c178fd97dd8cf05314
20211229,1243527.2809000004,0.013077691469169775,3,Main,"fee=0.01%, tax=0.10%",0.0001,0.001,962ee2b19f04a8163c755bcd0b9b2e5d3a6d5e2f61e4c9c178fd97dd8cf05314
20211230,1240622.6574000004,-0.0023357939504936084,3,Main,"fee=0.01%, tax=0.10%",0.0001,0.001,962ee2b19f04a8163c755bcd0b9b2e5d3a6d5e2f61e4c9c178fd97dd8cf05314
20211231,1251316.4529000004,0.008619700306305243,1,Main,"fee=0.01%, tax=0.10%",0.0001,0.001,962ee2b19f04a8163c755bcd0b9b2e5d3a6d5e2f61e4c9c178fd97dd8cf05314
20220104,1251324.4559000002,6.395664327153869e-06,1,Main,"fee=0.01%, tax=0.10%",0.0001,0.001,962ee2b19f04a8163c755bcd0b9b2e5d3a6d5e2f61e4c9c178fd97dd8cf05314
20220105,1319615.8908000002,0.054575321834401606,1,Main,"fee=0.01%, tax=0.10%",0.0001,0.001,962ee2b19f04a8163c755bcd0b9b2e5d3a6d5e2f61e4c9c178fd97dd8cf05314
20220106,1310174.428,-0.007154705294035471,4,Main,"fee=0.01%, tax=0.10%",0.0001,0.001,962ee2b19f04a8163c755bcd0b9b2e5d3a6d5e2f61e4c9c178fd97dd8cf05314
20220107,1302018.0905000002,-0.006225382915197537,4,Main,"fee=0.01%, tax=0.10%",0.0001,0.001,962ee2b19f04a8163c755bcd0b9b2e5d3a6d5e2f61e4c9c178fd97dd8cf05314
20220110,1285072.5656,-0.01301481524998832,3,Main,"fee=0.01%, tax=0.10%",0.0001,0.001,962ee2b19f04a8163c755bcd0b9b2e5d3a6d5e2f61e4c9c178fd97dd8cf05314
20220111,1303225.5027,0.014126001586162862,4,Main,"fee=0.01%, tax=0.10%",0.0001,0.001,962ee2b19f04a8163c755bcd0b9b2e5d3a6d5e2f61e4c9c178fd97dd8cf05314
20220112,1303152.2946000001,-5.617454527114412e-05,1,Main,"fee=0.01%, tax=0.10%",0.0001,0.001,962ee2b19f04a8163c755bcd0b9b2e5d3a6d5e2f61e4c9c178fd97dd8cf05314
20220113,1269153.8154,-0.026089413601835337,1,Main,"fee=0.01%, tax=0.10%",0.0001,0.001,962ee2b19f04a8163c755bcd0b9b2e5d3a6d5e2f61e4c9c178fd97dd8cf05314
20220114,1394128.3926,0.09847078871256565,1,Main,"fee=0.01%, tax=0.10%",0.0001,0.001,962ee2b19f04a8163c755bcd0b9b2e5d3a6d5e2f61e4c9c178fd97dd8cf05314
20220117,1344955.3804,-0.035271509038198465,1,Main,"fee=0.01%, tax=0.10%",0.0001,0.001,962ee2b19f04a8163c755bcd0b9b2e5d3a6d5e2f61e4c9c178fd97dd8cf05314
20220118,1344784.9172,-0.00012674264327578277,2,Main,"fee=0.01%, tax=0.10%",0.0001,0.001,962ee2b19f04a8163c755bcd0b9b2e5d3a6d5e2f61e4c9c178fd97dd8cf05314
20220119,1311382.6313,-0.02483838528583998,4,Main,"fee=0.01%, tax=0.10%",0.0001,0.001,962ee2b19f04a8163c755bcd0b9b2e5d3a6d5e2f61e4c9c178fd97dd8cf05314
20220120,1256494.7702,-0.041854955060361486,4,Main,"fee=0.01%, tax=0.10%",0.0001,0.001,962ee2b19f04a8163c755bcd0b9b2e5d3a6d5e2f61e4c9c178fd97dd8cf05314
20220121,1254776.6011,-0.0013674303632209615,4,Main,"fee=0.01%, tax=0.10%",0.0001,0.001,962ee2b19f04a8163c755bcd0b9b2e5d3a6d5e2f61e4c9c178fd97dd8cf05314
20220124,1172828.4573000001,-0.06530895119351135,3,Main,"fee=0.01%, tax=0.10%",0.0001,0.001,962ee2b19f04a8163c755bcd0b9b2e5d3a6d5e2f61e4c9c178fd97dd8cf05314
20220125,1197322.3066,0.02088442614735648,3,Main,"fee=0.01%, tax=0.10%",0.0001,0.001,962ee2b19f04a8163c755bcd0b9b2e5d3a6d5e2f61e4c9c178fd97dd8cf05314
20220126,1205968.9712,0.0072216683447197194,1,Main,"fee=0.01%, tax=0.10%",0.0001,0.001,962ee2b19f04a8163c755bcd0b9b2e5d3a6d5e2f61e4c9c178fd97dd8cf05314
20220127,1191676.3672,-0.01185155202275079,1,Main,"fee=0.01%, tax=0.10%",0.0001,0.001,962ee2b19f04a8163c755bcd0b9b2e5d3a6d5e2f61e4c9c178fd97dd8cf05314
20220128,1212518.6679999998,0.01748990025620091,1,Main,"fee=0.01%, tax=0.10%",0.0001,0.001,962ee2b19f04a8163c755bcd0b9b2e5d3a6d5e2f61e4c9c178fd97dd8cf05314
20220207,1227085.6269999999,0.012013801836162769,1,Main,"fee=0.01%, tax=0.10%",0.0001,0.001,962ee2b19f04a8163c755bcd0b9b2e5d3a6d5e2f61e4c9c178fd97dd8cf05314
20220208,1284118.4102999999,0.046478242467426455,4,Main,"fee=0.01%, tax=0.10%",0.0001,0.001,962ee2b19f04a8163c755bcd0b9b2e5d3a6d5e2f61e4c9c178fd97dd8cf05314
20220209,1260277.7528999997,-0.01856577805346659,2,Main,"fee=0.01%, tax=0.10%",0.0001,0.001,962ee2b19f04a8163c755bcd0b9b2e5d3a6d5e2f61e4c9c178fd97dd8cf05314
20220210,1256602.0206999998,-0.002916604844877898,2,Main,"fee=0.01%, tax=0.10%",0.0001,0.001,962ee2b19f04a8163c755bcd0b9b2e5d3a6d5e2f61e4c9c178fd97dd8cf05314
20220216,1250924.6051999996,-0.004518069688315057,1,Main,"fee=0.01%, tax=0.10%",0.0001,0.001,962ee2b19f04a8163c755bcd0b9b2e5d3a6d5e2f61e4c9c178fd97dd8cf05314
20220217,1250924.6051999996,0.0,0,Main,"fee=0.01%, tax=0.10%",0.0001,0.001,962ee2b19f04a8163c755bcd0b9b2e5d3a6d5e2f61e4c9c178fd97dd8cf05314
20220218,1265712.4954999995,0.011821568013394016,4,Main,"fee=0.01%, tax=0.10%",0.0001,0.001,962ee2b19f04a8163c755bcd0b9b2e5d3a6d5e2f61e4c9c178fd97dd8cf05314
20220221,1289345.5085999994,0.018671707187866562,3,Main,"fee=0.01%, tax=0.10%",0.0001,0.001,962ee2b19f04a8163c755bcd0b9b2e5d3a6d5e2f61e4c9c178fd97dd8cf05314
20220222,1321279.9332999992,0.02476793418598478,3,Main,"fee=0.01%, tax=0.10%",0.0001,0.001,962ee2b19f04a8163c755bcd0b9b2e5d3a6d5e2f61e4c9c178fd97dd8cf05314
20220223,1319313.930699999,-0.0014879531206456725,3,Main,"fee=0.01%, tax=0.10%",0.0001,0.001,962ee2b19f04a8163c755bcd0b9b2e5d3a6d5e2f61e4c9c178fd97dd8cf05314
20220224,1300005.596199999,-0.014635132738843516,1,Main,"fee=0.01%, tax=0.10%",0.0001,0.001,962ee2b19f04a8163c755bcd0b9b2e5d3a6d5e2f61e4c9c178fd97dd8cf05314
20220225,1359506.9121999992,0.04577004604743728,1,Main,"fee=0.01%, tax=0.10%",0.0001,0.001,962ee2b19f04a8163c755bcd0b9b2e5d3a6d5e2f61e4c9c178fd97dd8cf05314
20220228,1376445.0760999992,0.012459049489193214,4,Main,"fee=0.01%, tax=0.10%",0.0001,0.001,962ee2b19f04a8163c755bcd0b9b2e5d3a6d5e2f61e4c9c178fd97dd8cf05314
20220301,1375573.4518999993,-0.0006332429932254254,4,Main,"fee=0.01%, tax=0.10%",0.0001,0.001,962ee2b19f04a8163c755bcd0b9b2e5d3a6d5e2f61e4c9c178fd97dd8cf05314
20220302,1345726.7308999994,-0.021697657045339432,3,Main,"fee=0.01%, tax=0.10%",0.0001,0.001,962ee2b19f04a8163c755bcd0b9b2e5d3a6d5e2f61e4c9c178fd97dd8cf05314
20220303,1329725.8611999992,-0.011890132916731945,2,Main,"fee=0.01%, tax=0.10%",0.0001,0.001,962ee2b19f04a8163c755bcd0b9b2e5d3a6d5e2f61e4c9c178fd97dd8cf05314
20220304,1293889.189199999,-0.026950421170014522,2,Main,"fee=0.01%, tax=0.10%",0.0001,0.001,962ee2b19f04a8163c755bcd0b9b2e5d3a6d5e2f61e4c9c178fd97dd8cf05314
20220307,1327285.693299999,0.025810946083140864,2,Main,"fee=0.01%, tax=0.10%",0.0001,0.001,962ee2b19f04a8163c755bcd0b9b2e5d3a6d5e2f61e4c9c178fd97dd8cf05314
20220308,1327285.693299999,0.0,0,Main,"fee=0.01%, tax=0.10%",0.0001,0.001,962ee2b19f04a8163c755bcd0b9b2e5d3a6d5e2f61e4c9c178fd97dd8cf05314
20220309,1327285.693299999,0.0,0,Main,"fee=0.01%, tax=0.10%",0.0001,0.001,962ee2b19f04a8163c755bcd0b9b2e5d3a6d5e2f61e4c9c178fd97dd8cf05314
20220310,1320816.026899999,-0.004874358574539148,4,Main,"fee=0.01%, tax=0.10%",0.0001,0.001,962ee2b19f04a8163c755bcd0b9b2e5d3a6d5e2f61e4c9c178fd97dd8cf05314
20220311,1292366.251399999,-0.021539544433582167,1,Main,"fee=0.01%, tax=0.10%",0.0001,0.001,962ee2b19f04a8163c755bcd0b9b2e5d3a6d5e2f61e4c9c178fd97dd8cf05314
20220314,1263299.037399999,-0.02249146785480655,1,Main,"fee=0.01%, tax=0.10%",0.0001,0.001,962ee2b19f04a8163c755bcd0b9b2e5d3a6d5e2f61e4c9c178fd97dd8cf05314
20220315,1263299.037399999,0.0,0,Main,"fee=0.01%, tax=0.10%",0.0001,0.001,962ee2b19f04a8163c755bcd0b9b2e5d3a6d5e2f61e4c9c178fd97dd8cf05314
20220316,1263299.037399999,0.0,0,Main,"fee=0.01%, tax=0.10%",0.0001,0.001,962ee2b19f04a8163c755bcd0b9b2e5d3a6d5e2f61e4c9c178fd97dd8cf05314
20220317,1255777.5305999992,-0.00595386094449965,4,Main,"fee=0.01%, tax=0.10%",0.0001,0.001,962ee2b19f04a8163c755bcd0b9b2e5d3a6d5e2f61e4c9c178fd97dd8cf05314
20220318,1231854.0578999992,-0.019050725241571746,4,Main,"fee=0.01%, tax=0.10%",0.0001,0.001,962ee2b19f04a8163c755bcd0b9b2e5d3a6d5e2f61e4c9c178fd97dd8cf05314
20220321,1235311.8517999991,0.002806983406698841,1,Main,"fee=0.01%, tax=0.10%",0.0001,0.001,962ee2b19f04a8163c755bcd0b9b2e5d3a6d5e2f61e4c9c178fd97dd8cf05314
20220322,1266367.912599999,0.025140259728543377,1,Main,"fee=0.01%, tax=0.10%",0.0001,0.001,962ee2b19f04a8163c755bcd0b9b2e5d3a6d5e2f61e4c9c178fd97dd8cf05314
20220323,1266367.912599999,0.0,0,Main,"fee=0.01%, tax=0.10%",0.0001,0.001,962ee2b19f04a8163c755bcd0b9b2e5d3a6d5e2f61e4c9c178fd97dd8cf05314
20220324,1266367.912599999,0.0,0,Main,"fee=0.01%, tax=0.10%",0.0001,0.001,962ee2b19f04a8163c755bcd0b9b2e5d3a6d5e2f61e4c9c178fd97dd8cf05314
20220325,1266367.912599999,0.0,0,Main,"fee=0.01%, tax=0.10%",0.0001,0.001,962ee2b19f04a8163c755bcd0b9b2e5d3a6d5e2f61e4c9c178fd97dd8cf05314
20220328,1264254.9593999991,-0.0016685144806470472,4,Main,"fee=0.01%, tax=0.10%",0.0001,0.001,962ee2b19f04a8163c755bcd0b9b2e5d3a6d5e2f61e4c9c178fd97dd8cf05314
20220329,1281519.8723999988,0.013656195589055422,4,Main,"fee=0.01%, tax=0.10%",0.0001,0.001,962ee2b19f04a8163c755bcd0b9b2e5d3a6d5e2f61e4c9c178fd97dd8cf05314
20220330,1299855.502299999,0.014307721865960254,1,Main,"fee=0.01%, tax=0.10%",0.0001,0.001,962ee2b19f04a8163c755bcd0b9b2e5d3a6d5e2f61e4c9c178fd97dd8cf05314
20220331,1300098.996799999,0.0001873242830216006,1,Main,"fee=0.01%, tax=0.10%",0.0001,0.001,962ee2b19f04a8163c755bcd0b9b2e5d3a6d5e2f61e4c9c178fd97dd8cf05314
20220401,1300098.996799999,0.0,0,Main,"fee=0.01%, tax=0.10%",0.0001,0.001,962ee2b19f04a8163c755bcd0b9b2e5d3a6d5e2f61e4c9c178fd97dd8cf05314
20220406,1300098.996799999,0.0,0,Main,"fee=0.01%, tax=0.10%",0.0001,0.001,962ee2b19f04a8163c755bcd0b9b2e5d3a6d5e2f61e4c9c178fd97dd8cf05314
20220407,1278297.4354999987,-0.01676915477487598,2,Main,"fee=0.01%, tax=0.10%",0.0001,0.001,962ee2b19f04a8163c755bcd0b9b2e5d3a6d5e2f61e4c9c178fd97dd8cf05314
20220408,1267441.256299999,-0.00849268636430717,4,Main,"fee=0.01%, tax=0.10%",0.0001,0.001,962ee2b19f04a8163c755bcd0b9b2e5d3a6d5e2f61e4c9c178fd97dd8cf05314
20220411,1229281.4802999992,-0.030107727526085475,1,Main,"fee=0.01%, tax=0.10%",0.0001,0.001,962ee2b19f04a8163c755bcd0b9b2e5d3a6d5e2f61e4c9c178fd97dd8cf05314
20220412,1223136.2810999993,-0.004999017148212641,1,Main,"fee=0.01%, tax=0.10%",0.0001,0.001,962ee2b19f04a8163c755bcd0b9b2e5d3a6d5e2f61e4c9c178fd97dd8cf05314
20220413,1223136.2810999993,0.0,0,Main,"fee=0.01%, tax=0.10%",0.0001,0.001,962ee2b19f04a8163c755bcd0b9b2e5d3a6d5e2f61e4c9c178fd97dd8cf05314
20220414,1223136.2810999993,0.0,0,Main,"fee=0.01%, tax=0.10%",0.0001,0.001,962ee2b19f04a8163c755bcd0b9b2e5d3a6d5e2f61e4c9c178fd97dd8cf05314
20220415,1208350.5710999996,-0.012088358614219622,4,Main,"fee=0.01%, tax=0.10%",0.0001,0.001,962ee2b19f04a8163c755bcd0b9b2e5d3a6d5e2f61e4c9c178fd97dd8cf05314
20220418,1193190.6712999996,-0.01254594499525041,4,Main,"fee=0.01%, tax=0.10%",0.0001,0.001,962ee2b19f04a8163c755bcd0b9b2e5d3a6d5e2f61e4c9c178fd97dd8cf05314
20220419,1203604.7358999995,0.008727913191488199,4,Main,"fee=0.01%, tax=0.10%",0.0001,0.001,962ee2b19f04a8163c755bcd0b9b2e5d3a6d5e2f61e4c9c178fd97dd8cf05314
20220420,1271984.2710999995,0.05681228493079085,1,Main,"fee=0.01%, tax=0.10%",0.0001,0.001,962ee2b19f04a8163c755bcd0b9b2e5d3a6d5e2f61e4c9c178fd97dd8cf05314
20220421,1231987.9590999996,-0.03144403033019543,3,Main,"fee=0.01%, tax=0.10%",0.0001,0.001,962ee2b19f04a8163c755bcd0b9b2e5d3a6d5e2f61e4c9c178fd97dd8cf05314
20220422,1176452.8192999996,-0.04507766442828704,2,Main,"fee=0.01%, tax=0.10%",0.0001,0.001,962ee2b19f04a8163c755bcd0b9b2e5d3a6d5e2f61e4c9c178fd97dd8cf05314
20220425,1123952.5635999995,-0.044625891356389655,4,Main,"fee=0.01%, tax=0.10%",0.0001,0.001,962ee2b19f04a8163c755bcd0b9b2e5d3a6d5e2f61e4c9c178fd97dd8cf05314
20220426,1170066.0541999997,0.04102796870029769,4,Main,"fee=0.01%, tax=0.10%",0.0001,0.001,962ee2b19f04a8163c755bcd0b9b2e5d3a6d5e2f61e4c9c178fd97dd8cf05314
20220427,1162142.3343999996,-0.006772027759935061,4,Main,"fee=0.01%, tax=0.10%",0.0001,0.001,962ee2b19f04a8163c755bcd0b9b2e5d3a6d5e2f61e4c9c178fd97dd8cf05314
20220428,1248189.8009999995,0.07404210659310094,1,Main,"fee=0.01%, tax=0.10%",0.0001,0.001,962ee2b19f04a8163c755bcd0b9b2e5d3a6d5e2f61e4c9c178fd97dd8cf05314
20220429,1371468.8027999997,0.09876623066558789,1,Main,"fee=0.01%, tax=0.10%",0.0001,0.001,962ee2b19f04a8163c755bcd0b9b2e5d3a6d5e2f61e4c9c178fd97dd8cf05314
20220505,1291493.8960999998,-0.05831332549214582,1,Main,"fee=0.01%, tax=0.10%",0.0001,0.001,962ee2b19f04a8163c755bcd0b9b2e5d3a6d5e2f61e4c9c178fd97dd8cf05314
20220506,1291493.8960999998,0.0,0,Main,"fee=0.01%, tax=0.10%",0.0001,0.001,962ee2b19f04a8163c755bcd0b9b2e5d3a6d5e2f61e4c9c178fd97dd8cf05314
20220509,1275957.4233,-0.012029846092897747,4,Main,"fee=0.01%, tax=0.10%",0.0001,0.001,962ee2b19f04a8163c755bcd0b9b2e5d3a6d5e2f61e4c9c178fd97dd8cf05314
20220510,1287868.0833,0.00933468451415541,4,Main,"fee=0.01%, tax=0.10%",0.0001,0.001,962ee2b19f04a8163c755bcd0b9b2e5d3a6d5e2f61e4c9c178fd97dd8cf05314
20220511,1297798.6862,0.007710885166556916,3,Main,"fee=0.01%, tax=0.10%",0.0001,0.001,962ee2b19f04a8163c755bcd0b9b2e5d3a6d5e2f61e4c9c178fd97dd8cf05314
20220512,1318559.4003,0.015996867866146545,3,Main,"fee=0.01%, tax=0.10%",0.0001,0.001,962ee2b19f04a8163c755bcd0b9b2e5d3a6d5e2f61e4c9c178fd97dd8cf05314
20220513,1310808.3431000002,-0.005878428532105868,3,Main,"fee=0.01%, tax=0.10%",0.0001,0.001,962ee2b19f04a8163c755bcd0b9b2e5d3a6d5e2f61e4c9c178fd97dd8cf05314
20220516,1310808.3431000002,0.0,0,Main,"fee=0.01%, tax=0.10%",0.0001,0.001,962ee2b19f04a8163c755bcd0b9b2e5d3a6d5e2f61e4c9c178fd97dd8cf05314
20220517,1374012.7499000002,0.04821788565254669,2,Main,"fee=0.01%, tax=0.10%",0.0001,0.001,962ee2b19f04a8163c755bcd0b9b2e5d3a6d5e2f61e4c9c178fd97dd8cf05314
20220518,1370314.4725000001,-0.0026915888519005223,2,Main,"fee=0.01%, tax=0.10%",0.0001,0.001,962ee2b19f04a8163c755bcd0b9b2e5d3a6d5e2f61e4c9c178fd97dd8cf05314
20220519,1376096.5767,0.0042195454518195955,2,Main,"fee=0.01%, tax=0.10%",0.0001,0.001,962ee2b19f04a8163c755bcd0b9b2e5d3a6d5e2f61e4c9c178fd97dd8cf05314
20220520,1438720.7870999998,0.04550858672301771,2,Main,"fee=0.01%, tax=0.10%",0.0001,0.001,962ee2b19f04a8163c755bcd0b9b2e5d3a6d5e2f61e4c9c178fd97dd8cf05314
20220523,1438720.7870999998,0.0,0,Main,"fee=0.01%, tax=0.10%",0.0001,0.001,962ee2b19f04a8163c755bcd0b9b2e5d3a6d5e2f61e4c9c178fd97dd8cf05314
20220524,1438720.7870999998,0.0,0,Main,"fee=0.01%, tax=0.10%",0.0001,0.001,962ee2b19f04a8163c755bcd0b9b2e5d3a6d5e2f61e4c9c178fd97dd8cf05314
20220525,1454560.2999999998,0.011009441888948692,1,Main,"fee=0.01%, tax=0.10%",0.0001,0.001,962ee2b19f04a8163c755bcd0b9b2e5d3a6d5e2f61e4c9c178fd97dd8cf05314
20220526,1480139.0253999997,0.01758519423361127,1,Main,"fee=0.01%, tax=0.10%",0.0001,0.001,962ee2b19f04a8163c755bcd0b9b2e5d3a6d5e2f61e4c9c178fd97dd8cf05314
20220527,1497805.8742999998,0.011935938852247833,1,Main,"fee=0.01%, tax=0.10%",0.0001,0.001,962ee2b19f04a8163c755bcd0b9b2e5d3a6d5e2f61e4c9c178fd97dd8cf05314
20220530,1497805.8742999998,0.0,0,Main,"fee=0.01%, tax=0.10%",0.0001,0.001,962ee2b19f04a8163c755bcd0b9b2e5d3a6d5e2f61e4c9c178fd97dd8cf05314
20220531,1497805.8742999998,0.0,0,Main,"fee=0.01%, tax=0.10%",0.0001,0.001,962ee2b19f04a8163c755bcd0b9b2e5d3a6d5e2f61e4c9c178fd97dd8cf05314
20220601,1497805.8742999998,0.0,0,Main,"fee=0.01%, tax=0.10%",0.0001,0.001,962ee2b19f04a8163c755bcd0b9b2e5d3a6d5e2f61e4c9c178fd97dd8cf05314
20220602,1534916.5205999997,0.024776672956596316,4,Main,"fee=0.01%, tax=0.10%",0.0001,0.001,962ee2b19f04a8163c755bcd0b9b2e5d3a6d5e2f61e4c9c178fd97dd8cf05314
20220606,1554273.4164999998,0.012611041473730114,4,Main,"fee=0.01%, tax=0.10%",0.0001,0.001,962ee2b19f04a8163c755bcd0b9b2e5d3a6d5e2f61e4c9c178fd97dd8cf05314
20220607,1591044.3254999998,0.02365794113805458,4,Main,"fee=0.01%, tax=0.10%",0.0001,0.001,962ee2b19f04a8163c755bcd0b9b2e5d3a6d5e2f61e4c9c178fd97dd8cf05314
20220608,1591044.3254999998,0.0,0,Main,"fee=0.01%, tax=0.10%",0.0001,0.001,962ee2b19f04a8163c755bcd0b9b2e5d3a6d5e2f61e4c9c178fd97dd8cf05314
20220609,1586654.3523,-0.002759177182961451,1,Main,"fee=0.01%, tax=0.10%",0.0001,0.001,962ee2b19f04a8163c755bcd0b9b2e5d3a6d5e2f61e4c9c178fd97dd8cf05314
20220610,1743492.2918999998,0.09884820810067993,1,Main,"fee=0.01%, tax=0.10%",0.0001,0.001,962ee2b19f04a8163c755bcd0b9b2e5d3a6d5e2f61e4c9c178fd97dd8cf05314
20220613,1776362.7918999998,0.018853252264269448,1,Main,"fee=0.01%, tax=0.10%",0.0001,0.001,962ee2b19f04a8163c755bcd0b9b2e5d3a6d5e2f61e4c9c178fd97dd8cf05314
20220614,1754416.0469999998,-0.012354877618510453,4,Main,"fee=0.01%, tax=0.10%",0.0001,0.001,962ee2b19f04a8163c755bcd0b9b2e5d3a6d5e2f61e4c9c178fd97dd8cf05314
20220615,1808649.3065,0.030912427866091084,4,Main,"fee=0.01%, tax=0.10%",0.0001,0.001,962ee2b19f04a8163c755bcd0b9b2e5d3a6d5e2f61e4c9c178fd97dd8cf05314
20220616,1796058.0425999998,-0.0069616944836951656,3,Main,"fee=0.01%, tax=0.10%",0.0001,0.001,962ee2b19f04a8163c755bcd0b9b2e5d3a6d5e2f61e4c9c178fd97dd8cf05314
20220617,1802501.5638000001,0.0035875907388118558,3,Main,"fee=0.01%, tax=0.10%",0.0001,0.001,962ee2b19f04a8163c755bcd0b9b2e5d3a6d5e2f61e4c9c178fd97dd8cf05314
20220620,1857788.9184,0.030672569561295798,2,Main,"fee=0.01%, tax=0.10%",0.0001,0.001,962ee2b19f04a8163c755bcd0b9b2e5d3a6d5e2f61e4c9c178fd97dd8cf05314
20220621,1857788.9184,0.0,0,Main,"fee=0.01%, tax=0.10%",0.0001,0.001,962ee2b19f04a8163c755bcd0b9b2e5d3a6d5e2f61e4c9c178fd97dd8cf05314
20220622,1867486.0106,0.005219695361489911,2,Main,"fee=0.01%, tax=0.10%",0.0001,0.001,962ee2b19f04a8163c755bcd0b9b2e5d3a6d5e2f61e4c9c178fd97dd8cf05314
20220623,1911424.1162,0.023527943636848642,4,Main,"fee=0.01%, tax=0.10%",0.0001,0.001,962ee2b19f04a8163c755bcd0b9b2e5d3a6d5e2f61e4c9c178fd97dd8cf05314
20220624,1945827.8459,0.017999003679202416,4,Main,"fee=0.01%, tax=0.10%",0.0001,0.001,962ee2b19f04a8163c755bcd0b9b2e5d3a6d5e2f61e4c9c178fd97dd8cf05314
20220627,1982237.5642000001,0.018711685299764816,1,Main,"fee=0.01%, tax=0.10%",0.0001,0.001,962ee2b19f04a8163c755bcd0b9b2e5d3a6d5e2f61e4c9c178fd97dd8cf05314
20220628,1914823.9470000002,-0.034008848594899395,1,Main,"fee=0.01%, tax=0.10%",0.0001,0.001,962ee2b19f04a8163c755bcd0b9b2e5d3a6d5e2f61e4c9c178fd97dd8cf05314
20220629,1900895.8032000004,-0.007273850852879337,3,Main,"fee=0.01%, tax=0.10%",0.0001,0.001,962ee2b19f04a8163c755bcd0b9b2e5d3a6d5e2f61e4c9c178fd97dd8cf05314
20220630,1933665.0849000006,0.017238862669292972,3,Main,"fee=0.01%, tax=0.10%",0.0001,0.001,962ee2b19f04a8163c755bcd0b9b2e5d3a6d5e2f61e4c9c178fd97dd8cf05314
20220701,2014425.6911000006,0.0417655605568203,4,Main,"fee=0.01%, tax=0.10%",0.0001,0.001,962ee2b19f04a8163c755bcd0b9b2e5d3a6d5e2f61e4c9c178fd97dd8cf05314
20220704,1953997.6055000005,-0.029997674209070797,4,Main,"fee=0.01%, tax=0.10%",0.0001,0.001,962ee2b19f04a8163c755bcd0b9b2e5d3a6d5e2f61e4c9c178fd97dd8cf05314
20220705,1955572.8361000007,0.0008061578967989815,4,Main,"fee=0.01%, tax=0.10%",0.0001,0.001,962ee2b19f04a8163c755bcd0b9b2e5d3a6d5e2f61e4c9c178fd97dd8cf05314
20220706,1947919.4596000004,-0.003913623854207024,1,Main,"fee=0.01%, tax=0.10%",0.0001,0.001,962ee2b19f04a8163c755bcd0b9b2e5d3a6d5e2f61e4c9c178fd97dd8cf05314
20220707,1947919.4596000004,0.0,0,Main,"fee=0.01%, tax=0.10%",0.0001,0.001,962ee2b19f04a8163c755bcd0b9b2e5d3a6d5e2f61e4c9c178fd97dd8cf05314
20220708,1976001.3662000003,0.014416359188570562,3,Main,"fee=0.01%, tax=0.10%",0.0001,0.001,962ee2b19f04a8163c755bcd0b9b2e5d3a6d5e2f61e4c9c178fd97dd8cf05314
20220711,2018217.2060000002,0.021364276625569445,3,Main,"fee=0.01%, tax=0.10%",0.0001,0.001,962ee2b19f04a8163c755bcd0b9b2e5d3a6d5e2f61e4c9c178fd97dd8cf05314
20220712,2137607.6547000003,0.059156392258009546,4,Main,"fee=0.01%, tax=0.10%",0.0001,0.001,962ee2b19f04a8163c755bcd0b9b2e5d3a6d5e2f61e4c9c178fd97dd8cf05314
20220713,2210155.9548000004,0.03393901586218908,4,Main,"fee=0.01%, tax=0.10%",0.0001,0.001,962ee2b19f04a8163c755bcd0b9b2e5d3a6d5e2f61e4c9c178fd97dd8cf05314
20220714,2427808.7733000005,0.0984784888266836,1,Main,"fee=0.01%, tax=0.10%",0.0001,0.001,962ee2b19f04a8163c755bcd0b9b2e5d3a6d5e2f61e4c9c178fd97dd8cf05314
20220715,2504908.2273000004,0.03175680673367138,1,Main,"fee=0.01%, tax=0.10%",0.0001,0.001,962ee2b19f04a8163c755bcd0b9b2e5d3a6d5e2f61e4c9c178fd97dd8cf05314
20220718,2619860.5683000004,0.045890839331828644,2,Main,"fee=0.01%, tax=0.10%",0.0001,0.001,962ee2b19f04a8163c755bcd0b9b2e5d3a6d5e2f61e4c9c178fd97dd8cf05314
20220719,2542079.967,-0.029688832390981485,1,Main,"fee=0.01%, tax=0.10%",0.0001,0.001,962ee2b19f04a8163c755bcd0b9b2e5d3a6d5e2f61e4c9c178fd97dd8cf05314
20220720,2528829.4916000003,-0.005212454199714748,4,Main,"fee=0.01%, tax=0.10%",0.0001,0.001,962ee2b19f04a8163c755bcd0b9b2e5d3a6d5e2f61e4c9c178fd97dd8cf05314
20220721,2542627.4665,0.0054562693711982,4,Main,"fee=0.01%, tax=0.10%",0.0001,0.001,962ee2b19f04a8163c755bcd0b9b2e5d3a6d5e2f61e4c9c178fd97dd8cf05314
20220722,2542627.4665,0.0,0,Main,"fee=0.01%, tax=0.10%",0.0001,0.001,962ee2b19f04a8163c755bcd0b9b2e5d3a6d5e2f61e4c9c178fd97dd8cf05314
20220725,2668337.5324999997,0.04944100842780683,2,Main,"fee=0.01%, tax=0.10%",0.0001,0.001,962ee2b19f04a8163c755bcd0b9b2e5d3a6d5e2f61e4c9c178fd97dd8cf05314
20220726,2746089.8069999996,0.029138845274627876,2,Main,"fee=0.01%, tax=0.10%",0.0001,0.001,962ee2b19f04a8163c755bcd0b9b2e5d3a6d5e2f61e4c9c178fd97dd8cf05314
20220727,2913997.0081999996,0.06114410416294154,2,Main,"fee=0.01%, tax=0.10%",0.0001,0.001,962ee2b19f04a8163c755bcd0b9b2e5d3a6d5e2f61e4c9c178fd97dd8cf05314
20220728,2913997.0081999996,0.0,0,Main,"fee=0.01%, tax=0.10%",0.0001,0.001,962ee2b19f04a8163c755bcd0b9b2e5d3a6d5e2f61e4c9c178fd97dd8cf05314
20220729,3029469.9727999996,0.03962700176941111,4,Main,"fee=0.01%, tax=0.10%",0.0001,0.001,962ee2b19f04a8163c755bcd0b9b2e5d3a6d5e2f61e4c9c178fd97dd8cf05314
20220801,2797337.2177999993,-0.07662487401565189,1,Main,"fee=0.01%, tax=0.10%",0.0001,0.001,962ee2b19f04a8163c755bcd0b9b2e5d3a6d5e2f61e4c9c178fd97dd8cf05314
20220802,2762413.8578999997,-0.012484501217005752,1,Main,"fee=0.01%, tax=0.10%",0.0001,0.001,962ee2b19f04a8163c755bcd0b9b2e5d3a6d5e2f61e4c9c178fd97dd8cf05314
20220803,2762413.8578999997,0.0,0,Main,"fee=0.01%, tax=0.10%",0.0001,0.001,962ee2b19f04a8163c755bcd0b9b2e5d3a6d5e2f61e4c9c178fd97dd8cf05314
20220804,2762413.8578999997,0.0,0,Main,"fee=0.01%, tax=0.10%",0.0001,0.001,962ee2b19f04a8163c755bcd0b9b2e5d3a6d5e2f61e4c9c178fd97dd8cf05314
20220805,2885216.5052,0.044454833206402845,4,Main,"fee=0.01%, tax=0.10%",0.0001,0.001,962ee2b19f04a8163c755bcd0b9b2e5d3a6d5e2f61e4c9c178fd97dd8cf05314
20220808,2931925.0324,0.016188915845939997,4,Main,"fee=0.01%, tax=0.10%",0.0001,0.001,962ee2b19f04a8163c755bcd0b9b2e5d3a6d5e2f61e4c9c178fd97dd8cf05314
20220809,2878200.7164000003,-0.018323905081577843,2,Main,"fee=0.01%, tax=0.10%",0.0001,0.001,962ee2b19f04a8163c755bcd0b9b2e5d3a6d5e2f61e4c9c178fd97dd8cf05314
20220810,2878200.7164000003,0.0,0,Main,"fee=0.01%, tax=0.10%",0.0001,0.001,962ee2b19f04a8163c755bcd0b9b2e5d3a6d5e2f61e4c9c178fd97dd8cf05314
20220811,2878200.7164000003,0.0,0,Main,"fee=0.01%, tax=0.10%",0.0001,0.001,962ee2b19f04a8163c755bcd0b9b2e5d3a6d5e2f61e4c9c178fd97dd8cf05314
20220812,2879350.9404,0.00039963300455244413,2,Main,"fee=0.01%, tax=0.10%",0.0001,0.001,962ee2b19f04a8163c755bcd0b9b2e5d3a6d5e2f61e4c9c178fd97dd8cf05314
20220815,2979575.4101,0.03480800769845602,4,Main,"fee=0.01%, tax=0.10%",0.0001,0.001,962ee2b19f04a8163c755bcd0b9b2e5d3a6d5e2f61e4c9c178fd97dd8cf05314
20220816,3039110.0649,0.019980918958517665,4,Main,"fee=0.01%, tax=0.10%",0.0001,0.001,962ee2b19f04a8163c755bcd0b9b2e5d3a6d5e2f61e4c9c178fd97dd8cf05314
20220817,3039110.0649,0.0,0,Main,"fee=0.01%, tax=0.10%",0.0001,0.001,962ee2b19f04a8163c755bcd0b9b2e5d3a6d5e2f61e4c9c178fd97dd8cf05314
20220818,3039110.0649,0.0,0,Main,"fee=0.01%, tax=0.10%",0.0001,0.001,962ee2b19f04a8163c755bcd0b9b2e5d3a6d5e2f61e4c9c178fd97dd8cf05314
20220819,3086284.2524,0.015522368881876029,1,Main,"fee=0.01%, tax=0.10%",0.0001,0.001,962ee2b19f04a8163c755bcd0b9b2e5d3a6d5e2f61e4c9c178fd97dd8cf05314
20220822,3167751.8149,0.02639664912156035,1,Main,"fee=0.01%, tax=0.10%",0.0001,0.001,962ee2b19f04a8163c755bcd0b9b2e5d3a6d5e2f61e4c9c178fd97dd8cf05314
20220823,3131063.9589,-0.011581669948836668,2,Main,"fee=0.01%, tax=0.10%",0.0001,0.001,962ee2b19f04a8163c755bcd0b9b2e5d3a6d5e2f61e4c9c178fd97dd8cf05314
20220824,3195005.5626,0.020421685580151394,4,Main,"fee=0.01%, tax=0.10%",0.0001,0.001,962ee2b19f04a8163c755bcd0b9b2e5d3a6d5e2f61e4c9c178fd97dd8cf05314
20220825,3195005.5626,0.0,0,Main,"fee=0.01%, tax=0.10%",0.0001,0.001,962ee2b19f04a8163c755bcd0b9b2e5d3a6d5e2f61e4c9c178fd97dd8cf05314
20220826,3195005.5626,0.0,0,Main,"fee=0.01%, tax=0.10%",0.0001,0.001,962ee2b19f04a8163c755bcd0b9b2e5d3a6d5e2f61e4c9c178fd97dd8cf05314
20220829,3204012.3107,0.002819008581841262,1,Main,"fee=0.01%, tax=0.10%",0.0001,0.001,962ee2b19f04a8163c755bcd0b9b2e5d3a6d5e2f61e4c9c178fd97dd8cf05314
20220830,3232536.0045,0.008902491948842814,1,Main,"fee=0.01%, tax=0.10%",0.0001,0.001,962ee2b19f04a8163c755bcd0b9b2e5d3a6d5e2f61e4c9c178fd97dd8cf05314
20220831,3411239.8323999993,0.055282857685491085,1,Main,"fee=0.01%, tax=0.10%",0.0001,0.001,962ee2b19f04a8163c755bcd0b9b2e5d3a6d5e2f61e4c9c178fd97dd8cf05314
20220901,3411239.8323999993,0.0,0,Main,"fee=0.01%, tax=0.10%",0.0001,0.001,962ee2b19f04a8163c755bcd0b9b2e5d3a6d5e2f61e4c9c178fd97dd8cf05314
20220902,3411239.8323999993,0.0,0,Main,"fee=0.01%, tax=0.10%",0.0001,0.001,962ee2b19f04a8163c755bcd0b9b2e5d3a6d5e2f61e4c9c178fd97dd8cf05314
20220905,3480267.3205999993,0.020235307862078784,1,Main,"fee=0.01%, tax=0.10%",0.0001,0.001,962ee2b19f04a8163c755bcd0b9b2e5d3a6d5e2f61e4c9c178fd97dd8cf05314
20220906,3412719.2401999994,-0.019408877013606687,1,Main,"fee=0.01%, tax=0.10%",0.0001,0.001,962ee2b19f04a8163c755bcd0b9b2e5d3a6d5e2f61e4c9c178fd97dd8cf05314
20220907,3339692.829099999,-0.021398306148302126,2,Main,"fee=0.01%, tax=0.10%",0.0001,0.001,962ee2b19f04a8163c755bcd0b9b2e5d3a6d5e2f61e4c9c178fd97dd8cf05314
20220908,3339692.829099999,0.0,0,Main,"fee=0.01%, tax=0.10%",0.0001,0.001,962ee2b19f04a8163c755bcd0b9b2e5d3a6d5e2f61e4c9c178fd97dd8cf05314
20220909,3339692.829099999,0.0,0,Main,"fee=0.01%, tax=0.10%",0.0001,0.001,962ee2b19f04a8163c755bcd0b9b2e5d3a6d5e2f61e4c9c178fd97dd8cf05314
20220913,3296430.1422999986,-0.012954091592806442,4,Main,"fee=0.01%, tax=0.10%",0.0001,0.001,962ee2b19f04a8163c755bcd0b9b2e5d3a6d5e2f61e4c9c178fd97dd8cf05314
20220914,3222153.5829999987,-0.022532423286293367,4,Main,"fee=0.01%, tax=0.10%",0.0001,0.001,962ee2b19f04a8163c755bcd0b9b2e5d3a6d5e2f61e4c9c178fd97dd8cf05314
20220915,3141415.0512999985,-0.025057319466699115,2,Main,"fee=0.01%, tax=0.10%",0.0001,0.001,962ee2b19f04a8163c755bcd0b9b2e5d3a6d5e2f61e4c9c178fd97dd8cf05314
20220916,3187068.700199999,0.0145328293633494,2,Main,"fee=0.01%, tax=0.10%",0.0001,0.001,962ee2b19f04a8163c755bcd0b9b2e5d3a6d5e2f61e4c9c178fd97dd8cf05314
20220919,3187068.700199999,0.0,0,Main,"fee=0.01%, tax=0.10%",0.0001,0.001,962ee2b19f04a8163c755bcd0b9b2e5d3a6d5e2f61e4c9c178fd97dd8cf05314
20220920,3132369.713899999,-0.017162788582677068,4,Main,"fee=0.01%, tax=0.10%",0.0001,0.001,962ee2b19f04a8163c755bcd0b9b2e5d3a6d5e2f61e4c9c178fd97dd8cf05314
20220921,3161013.3599999985,0.009144401432848868,4,Main,"fee=0.01%, tax=0.10%",0.0001,0.001,962ee2b19f04a8163c755bcd0b9b2e5d3a6d5e2f61e4c9c178fd97dd8cf05314
20220922,3263549.0364999985,0.0324375966889302,1,Main,"fee=0.01%, tax=0.10%",0.0001,0.001,962ee2b19f04a8163c755bcd0b9b2e5d3a6d5e2f61e4c9c178fd97dd8cf05314
20220923,3174415.0282999985,-0.027311986798149057,1,Main,"fee=0.01%, tax=0.10%",0.0001,0.001,962ee2b19f04a8163c755bcd0b9b2e5d3a6d5e2f61e4c9c178fd97dd8cf05314
20220926,3207685.6842999985,0.010480877800599838,1,Main,"fee=0.01%, tax=0.10%",0.0001,0.001,962ee2b19f04a8163c755bcd0b9b2e5d3a6d5e2f61e4c9c178fd97dd8cf05314
20220927,3076891.7196999984,-0.040775181072188735,3,Main,"fee=0.01%, tax=0.10%",0.0001,0.001,962ee2b19f04a8163c755bcd0b9b2e5d3a6d5e2f61e4c9c178fd97dd8cf05314
20220928,2972596.5170999984,-0.03389628628535843,3,Main,"fee=0.01%, tax=0.10%",0.0001,0.001,962ee2b19f04a8163c755bcd0b9b2e5d3a6d5e2f61e4c9c178fd97dd8cf05314
20220930,2734000.8320999984,-0.08026507587809761,1,Main,"fee=0.01%, tax=0.10%",0.0001,0.001,962ee2b19f04a8163c755bcd0b9b2e5d3a6d5e2f61e4c9c178fd97dd8cf05314
20221010,2750562.2437999984,0.006057573759873058,2,Main,"fee=0.01%, tax=0.10%",0.0001,0.001,962ee2b19f04a8163c755bcd0b9b2e5d3a6d5e2f61e4c9c178fd97dd8cf05314
20221011,2804430.420199998,0.019584423701526195,2,Main,"fee=0.01%, tax=0.10%",0.0001,0.001,962ee2b19f04a8163c755bcd0b9b2e5d3a6d5e2f61e4c9c178fd97dd8cf05314
20221012,2852747.728399998,0.017228920301240385,2,Main,"fee=0.01%, tax=0.10%",0.0001,0.001,962ee2b19f04a8163c755bcd0b9b2e5d3a6d5e2f61e4c9c178fd97dd8cf05314
20221013,2890220.791199998,0.01313577868345801,2,Main,"fee=0.01%, tax=0.10%",0.0001,0.001,962ee2b19f04a8163c755bcd0b9b2e5d3a6d5e2f61e4c9c178fd97dd8cf05314
20221014,2895218.032899998,0.0017290172831139702,3,Main,"fee=0.01%, tax=0.10%",0.0001,0.001,962ee2b19f04a8163c755bcd0b9b2e5d3a6d5e2f61e4c9c178fd97dd8cf05314
20221017,2903260.622899998,0.0027778875057447687,3,Main,"fee=0.01%, tax=0.10%",0.0001,0.001,962ee2b19f04a8163c755bcd0b9b2e5d3a6d5e2f61e4c9c178fd97dd8cf05314
20221018,3044529.382299998,0.04865865581812282,2,Main,"fee=0.01%, tax=0.10%",0.0001,0.001,962ee2b19f04a8163c755bcd0b9b2e5d3a6d5e2f61e4c9c178fd97dd8cf05314
20221019,3115869.293799998,0.02343216390511758,1,Main,"fee=0.01%, tax=0.10%",0.0001,0.001,962ee2b19f04a8163c755bcd0b9b2e5d3a6d5e2f61e4c9c178fd97dd8cf05314
20221020,3261947.398199998,0.04688197437892161,2,Main,"fee=0.01%, tax=0.10%",0.0001,0.001,962ee2b19f04a8163c755bcd0b9b2e5d3a6d5e2f61e4c9c178fd97dd8cf05314
20221021,3361212.564099998,0.030431258932862224,4,Main,"fee=0.01%, tax=0.10%",0.0001,0.001,962ee2b19f04a8163c755bcd0b9b2e5d3a6d5e2f61e4c9c178fd97dd8cf05314
20221024,3351679.6363999983,-0.002836157344470843,4,Main,"fee=0.01%, tax=0.10%",0.0001,0.001,962ee2b19f04a8163c755bcd0b9b2e5d3a6d5e2f61e4c9c178fd97dd8cf05314
20221025,3382805.2804999985,0.009286580901697353,3,Main,"fee=0.01%, tax=0.10%",0.0001,0.001,962ee2b19f04a8163c755bcd0b9b2e5d3a6d5e2f61e4c9c178fd97dd8cf05314
20221026,3219589.572899999,-0.0482486262336315,3,Main,"fee=0.01%, tax=0.10%",0.0001,0.001,962ee2b19f04a8163c755bcd0b9b2e5d3a6d5e2f61e4c9c178fd97dd8cf05314
20221027,2977282.146999999,-0.07526034620672013,1,Main,"fee=0.01%, tax=0.10%",0.0001,0.001,962ee2b19f04a8163c755bcd0b9b2e5d3a6d5e2f61e4c9c178fd97dd8cf05314
20221028,3005133.7119999984,0.009354694525026314,1,Main,"fee=0.01%, tax=0.10%",0.0001,0.001,962ee2b19f04a8163c755bcd0b9b2e5d3a6d5e2f61e4c9c178fd97dd8cf05314
20221031,3191718.5719999983,0.06208870482366076,1,Main,"fee=0.01%, tax=0.10%",0.0001,0.001,962ee2b19f04a8163c755bcd0b9b2e5d3a6d5e2f61e4c9c178fd97dd8cf05314
20221101,3450549.1644999986,0.08109442817754811,4,Main,"fee=0.01%, tax=0.10%",0.0001,0.001,962ee2b19f04a8163c755bcd0b9b2e5d3a6d5e2f61e4c9c178fd97dd8cf05314
20221102,3425330.890699999,-0.007308481229437537,4,Main,"fee=0.01%, tax=0.10%",0.0001,0.001,962ee2b19f04a8163c755bcd0b9b2e5d3a6d5e2f61e4c9c178fd97dd8cf05314
20221103,3524600.563699999,0.028981046260238306,2,Main,"fee=0.01%, tax=0.10%",0.0001,0.001,962ee2b19f04a8163c755bcd0b9b2e5d3a6d5e2f61e4c9c178fd97dd8cf05314
20221104,3546899.459299999,0.006326644735195569,2,Main,"fee=0.01%, tax=0.10%",0.0001,0.001,962ee2b19f04a8163c755bcd0b9b2e5d3a6d5e2f61e4c9c178fd97dd8cf05314
20221107,3511862.9056999986,-0.009878079151111569,2,Main,"fee=0.01%, tax=0.10%",0.0001,0.001,962ee2b19f04a8163c755bcd0b9b2e5d3a6d5e2f61e4c9c178fd97dd8cf05314
20221108,3512725.082299999,0.00024550405956934784,1,Main,"fee=0.01%, tax=0.10%",0.0001,0.001,962ee2b19f04a8163c755bcd0b9b2e5d3a6d5e2f61e4c9c178fd97dd8cf05314
20221109,3454684.3885999992,-0.016522982112222934,4,Main,"fee=0.01%, tax=0.10%",0.0001,0.001,962ee2b19f04a8163c755bcd0b9b2e5d3a6d5e2f61e4c9c178fd97dd8cf05314
20221110,3470851.5342999995,0.004679775018913353,4,Main,"fee=0.01%, tax=0.10%",0.0001,0.001,962ee2b19f04a8163c755bcd0b9b2e5d3a6d5e2f61e4c9c178fd97dd8cf05314
20221111,3356814.457,-0.03285564829640531,4,Main,"fee=0.01%, tax=0.10%",0.0001,0.001,962ee2b19f04a8163c755bcd0b9b2e5d3a6d5e2f61e4c9c178fd97dd8cf05314
20221114,3393416.0678000003,0.010903674084123016,3,Main,"fee=0.01%, tax=0.10%",0.0001,0.001,962ee2b19f04a8163c755bcd0b9b2e5d3a6d5e2f61e4c9c178fd97dd8cf05314
20221115,3507357.005,0.03357706067380918,3,Main,"fee=0.01%, tax=0.10%",0.0001,0.001,962ee2b19f04a8163c755bcd0b9b2e5d3a6d5e2f61e4c9c178fd97dd8cf05314
20221116,3627520.9645,0.03426054414440764,4,Main,"fee=0.01%, tax=0.10%",0.0001,0.001,962ee2b19f04a8163c755bcd0b9b2e5d3a6d5e2f61e4c9c178fd97dd8cf05314
20221117,3515087.7476999997,-0.030994505035340937,1,Main,"fee=0.01%, tax=0.10%",0.0001,0.001,962ee2b19f04a8163c755bcd0b9b2e5d3a6d5e2f61e4c9c178fd97dd8cf05314
20221118,3604296.3129,0.025378759110173343,1,Main,"fee=0.01%, tax=0.10%",0.0001,0.001,962ee2b19f04a8163c755bcd0b9b2e5d3a6d5e2f61e4c9c178fd97dd8cf05314
20221121,3543544.5638999995,-0.01685537029310438,2,Main,"fee=0.01%, tax=0.10%",0.0001,0.001,962ee2b19f04a8163c755bcd0b9b2e5d3a6d5e2f61e4c9c178fd97dd8cf05314
20221122,3562204.0812999997,0.005265777546611045,2,Main,"fee=0.01%, tax=0.10%",0.0001,0.001,962ee2b19f04a8163c755bcd0b9b2e5d3a6d5e2f61e4c9c178fd97dd8cf05314
20221123,3698026.8320999998,0.03812885160426646,2,Main,"fee=0.01%, tax=0.10%",0.0001,0.001,962ee2b19f04a8163c755bcd0b9b2e5d3a6d5e2f61e4c9c178fd97dd8cf05314
20221124,3657946.2816,-0.010838361190916329,2,Main,"fee=0.01%, tax=0.10%",0.0001,0.001,962ee2b19f04a8163c755bcd0b9b2e5d3a6d5e2f61e4c9c178fd97dd8cf05314
20221125,3662812.6607999993,0.0013303583009072542,1,Main,"fee=0.01%, tax=0.10%",0.0001,0.001,962ee2b19f04a8163c755bcd0b9b2e5d3a6d5e2f61e4c9c178fd97dd8cf05314
20221128,3676512.2789999987,0.0037401907956186036,1,Main,"fee=0.01%, tax=0.10%",0.0001,0.001,962ee2b19f04a8163c755bcd0b9b2e5d3a6d5e2f61e4c9c178fd97dd8cf05314
20221129,3642934.9182999986,-0.009132938543899826,4,Main,"fee=0.01%, tax=0.10%",0.0001,0.001,962ee2b19f04a8163c755bcd0b9b2e5d3a6d5e2f61e4c9c178fd97dd8cf05314
20221130,3665235.2656999985,0.0061215332966767545,4,Main,"fee=0.01%, tax=0.10%",0.0001,0.001,962ee2b19f04a8163c755bcd0b9b2e5d3a6d5e2f61e4c9c178fd97dd8cf05314
20221201,3687475.608499998,0.006067916842372796,3,Main,"fee=0.01%, tax=0.10%",0.0001,0.001,962ee2b19f04a8163c755bcd0b9b2e5d3a6d5e2f61e4c9c178fd97dd8cf05314
20221202,3788356.514399998,0.02735771476493543,2,Main,"fee=0.01%, tax=0.10%",0.0001,0.001,962ee2b19f04a8163c755bcd0b9b2e5d3a6d5e2f61e4c9c178fd97dd8cf05314
20221205,3732897.5323999976,-0.014639324939243194,2,Main,"fee=0.01%, tax=0.10%",0.0001,0.001,962ee2b19f04a8163c755bcd0b9b2e5d3a6d5e2f61e4c9c178fd97dd8cf05314
20221206,3699063.0771999974,-0.009063858545896641,1,Main,"fee=0.01%, tax=0.10%",0.0001,0.001,962ee2b19f04a8163c755bcd0b9b2e5d3a6d5e2f61e4c9c178fd97dd8cf05314
20221207,3784472.7594999974,0.023089544708345653,4,Main,"fee=0.01%, tax=0.10%",0.0001,0.001,962ee2b19f04a8163c755bcd0b9b2e5d3a6d5e2f61e4c9c178fd97dd8cf05314
20221208,3798039.605899998,0.0035848709350448766,4,Main,"fee=0.01%, tax=0.10%",0.0001,0.001,962ee2b19f04a8163c755bcd0b9b2e5d3a6d5e2f61e4c9c178fd97dd8cf05314
20221209,3845347.1104999976,0.012455769162204266,3,Main,"fee=0.01%, tax=0.10%",0.0001,0.001,962ee2b19f04a8163c755bcd0b9b2e5d3a6d5e2f61e4c9c178fd97dd8cf05314
20221212,3772706.5412999974,-0.01889051030052656,2,Main,"fee=0.01%, tax=0.10%",0.0001,0.001,962ee2b19f04a8163c755bcd0b9b2e5d3a6d5e2f61e4c9c178fd97dd8cf05314
20221213,3825563.2856999976,0.01401029839489897,2,Main,"fee=0.01%, tax=0.10%",0.0001,0.001,962ee2b19f04a8163c755bcd0b9b2e5d3a6d5e2f61e4c9c178fd97dd8cf05314
20221214,3797604.193699997,-0.007308490256719076,2,Main,"fee=0.01%, tax=0.10%",0.0001,0.001,962ee2b19f04a8163c755bcd0b9b2e5d3a6d5e2f61e4c9c178fd97dd8cf05314
20221215,3811683.7954999963,0.0037074958531372487,1,Main,"fee=0.01%, tax=0.10%",0.0001,0.001,962ee2b19f04a8163c755bcd0b9b2e5d3a6d5e2f61e4c9c178fd97dd8cf05314
20221216,3784037.0810999954,-0.007253150020639192,4,Main,"fee=0.01%, tax=0.10%",0.0001,0.001,962ee2b19f04a8163c755bcd0b9b2e5d3a6d5e2f61e4c9c178fd97dd8cf05314
20221219,3742931.7715999954,-0.010862818893955163,3,Main,"fee=0.01%, tax=0.10%",0.0001,0.001,962ee2b19f04a8163c755bcd0b9b2e5d3a6d5e2f61e4c9c178fd97dd8cf05314
20221220,3715669.500099996,-0.0072836677672982264,3,Main,"fee=0.01%, tax=0.10%",0.0001,0.001,962ee2b19f04a8163c755bcd0b9b2e5d3a6d5e2f61e4c9c178fd97dd8cf05314
20221221,3652649.2232999965,-0.016960678768201436,4,Main,"fee=0.01%, tax=0.10%",0.0001,0.001,962ee2b19f04a8163c755bcd0b9b2e5d3a6d5e2f61e4c9c178fd97dd8cf05314
20221222,3642491.6050999966,-0.002780890684822722,4,Main,"fee=0.01%, tax=0.10%",0.0001,0.001,962ee2b19f04a8163c755bcd0b9b2e5d3a6d5e2f61e4c9c178fd97dd8cf05314
20221223,3777121.5682999967,0.03696095359876722,4,Main,"fee=0.01%, tax=0.10%",0.0001,0.001,962ee2b19f04a8163c755bcd0b9b2e5d3a6d5e2f61e4c9c178fd97dd8cf05314
20221226,3815094.9730999963,0.010053529946903643,1,Main,"fee=0.01%, tax=0.10%",0.0001,0.001,962ee2b19f04a8163c755bcd0b9b2e5d3a6d5e2f61e4c9c178fd97dd8cf05314
20221227,3778632.7570999963,-0.009557354733523777,1,Main,"fee=0.01%, tax=0.10%",0.0001,0.001,962ee2b19f04a8163c755bcd0b9b2e5d3a6d5e2f61e4c9c178fd97dd8cf05314
20221228,3807591.4651999963,0.007663805921754883,2,Main,"fee=0.01%, tax=0.10%",0.0001,0.001,962ee2b19f04a8163c755bcd0b9b2e5d3a6d5e2f61e4c9c178fd97dd8cf05314
20221229,3808779.2955999966,0.00031196372059782805,4,Main,"fee=0.01%, tax=0.10%",0.0001,0.001,962ee2b19f04a8163c755bcd0b9b2e5d3a6d5e2f61e4c9c178fd97dd8cf05314
20221230,3938598.8146999967,0.034084285022755484,4,Main,"fee=0.01%, tax=0.10%",0.0001,0.001,962ee2b19f04a8163c755bcd0b9b2e5d3a6d5e2f61e4c9c178fd97dd8cf05314
20230103,3940210.1117999973,0.0004091041448513922,4,Main,"fee=0.01%, tax=0.10%",0.0001,0.001,962ee2b19f04a8163c755bcd0b9b2e5d3a6d5e2f61e4c9c178fd97dd8cf05314
20230104,4013666.5067999973,0.018642760897449477,1,Main,"fee=0.01%, tax=0.10%",0.0001,0.001,962ee2b19f04a8163c755bcd0b9b2e5d3a6d5e2f61e4c9c178fd97dd8cf05314
20230105,3971623.250999997,-0.01047502470092377,1,Main,"fee=0.01%, tax=0.10%",0.0001,0.001,962ee2b19f04a8163c755bcd0b9b2e5d3a6d5e2f61e4c9c178fd97dd8cf05314
20230106,3966857.979499997,-0.0011998296914995583,1,Main,"fee=0.01%, tax=0.10%",0.0001,0.001,962ee2b19f04a8163c755bcd0b9b2e5d3a6d5e2f61e4c9c178fd97dd8cf05314
20230109,3994531.4207999967,0.006976161345581548,4,Main,"fee=0.01%, tax=0.10%",0.0001,0.001,962ee2b19f04a8163c755bcd0b9b2e5d3a6d5e2f61e4c9c178fd97dd8cf05314
20230110,3978087.2146999966,-0.004116679622138694,4,Main,"fee=0.01%, tax=0.10%",0.0001,0.001,962ee2b19f04a8163c755bcd0b9b2e5d3a6d5e2f61e4c9c178fd97dd8cf05314
20230111,4012173.072599997,0.008568403873611586,4,Main,"fee=0.01%, tax=0.10%",0.0001,0.001,962ee2b19f04a8163c755bcd0b9b2e5d3a6d5e2f61e4c9c178fd97dd8cf05314
20230112,4012173.072599997,0.0,0,Main,"fee=0.01%, tax=0.10%",0.0001,0.001,962ee2b19f04a8163c755bcd0b9b2e5d3a6d5e2f61e4c9c178fd97dd8cf05314
20230113,4012173.072599997,0.0,0,Main,"fee=0.01%, tax=0.10%",0.0001,0.001,962ee2b19f04a8163c755bcd0b9b2e5d3a6d5e2f61e4c9c178fd97dd8cf05314
20230116,4002872.3865999966,-0.002318116848826046,1,Main,"fee=0.01%, tax=0.10%",0.0001,0.001,962ee2b19f04a8163c755bcd0b9b2e5d3a6d5e2f61e4c9c178fd97dd8cf05314
20230117,4098927.824299996,0.023996627527161266,1,Main,"fee=0.01%, tax=0.10%",0.0001,0.001,962ee2b19f04a8163c755bcd0b9b2e5d3a6d5e2f61e4c9c178fd97dd8cf05314
20230118,4142933.191999996,0.010735823997465829,4,Main,"fee=0.01%, tax=0.10%",0.0001,0.001,962ee2b19f04a8163c755bcd0b9b2e5d3a6d5e2f61e4c9c178fd97dd8cf05314
20230119,4384715.059599997,0.0583600691574948,2,Main,"fee=0.01%, tax=0.10%",0.0001,0.001,962ee2b19f04a8163c755bcd0b9b2e5d3a6d5e2f61e4c9c178fd97dd8cf05314
20230120,4501680.229999997,0.026675660518444392,2,Main,"fee=0.01%, tax=0.10%",0.0001,0.001,962ee2b19f04a8163c755bcd0b9b2e5d3a6d5e2f61e4c9c178fd97dd8cf05314
20230130,4580161.449099997,0.017433761415790387,1,Main,"fee=0.01%, tax=0.10%",0.0001,0.001,962ee2b19f04a8163c755bcd0b9b2e5d3a6d5e2f61e4c9c178fd97dd8cf05314
20230131,4736633.634699997,0.03416302838642213,3,Main,"fee=0.01%, tax=0.10%",0.0001,0.001,962ee2b19f04a8163c755bcd0b9b2e5d3a6d5e2f61e4c9c178fd97dd8cf05314
20230201,4886944.914299997,0.03173377786680355,4,Main,"fee=0.01%, tax=0.10%",0.0001,0.001,962ee2b19f04a8163c755bcd0b9b2e5d3a6d5e2f61e4c9c178fd97dd8cf05314
20230202,4815583.513799996,-0.014602456494073705,4,Main,"fee=0.01%, tax=0.10%",0.0001,0.001,962ee2b19f04a8163c755bcd0b9b2e5d3a6d5e2f61e4c9c178fd97dd8cf05314
20230203,4764385.444699995,-0.010631747731771824,2,Main,"fee=0.01%, tax=0.10%",0.0001,0.001,962ee2b19f04a8163c755bcd0b9b2e5d3a6d5e2f61e4c9c178fd97dd8cf05314
20230206,4999445.313899996,0.0493368708154136,2,Main,"fee=0.01%, tax=0.10%",0.0001,0.001,962ee2b19f04a8163c755bcd0b9b2e5d3a6d5e2f61e4c9c178fd97dd8cf05314
20230207,4914765.211699996,-0.016937899483481275,2,Main,"fee=0.01%, tax=0.10%",0.0001,0.001,962ee2b19f04a8163c755bcd0b9b2e5d3a6d5e2f61e4c9c178fd97dd8cf05314
20230208,4925478.803499997,0.002179878659207554,3,Main,"fee=0.01%, tax=0.10%",0.0001,0.001,962ee2b19f04a8163c755bcd0b9b2e5d3a6d5e2f61e4c9c178fd97dd8cf05314
20230209,4863902.025299997,-0.012501683725903712,3,Main,"fee=0.01%, tax=0.10%",0.0001,0.001,962ee2b19f04a8163c755bcd0b9b2e5d3a6d5e2f61e4c9c178fd97dd8cf05314
20230210,5031949.560199997,0.034549942417813284,4,Main,"fee=0.01%, tax=0.10%",0.0001,0.001,962ee2b19f04a8163c755bcd0b9b2e5d3a6d5e2f61e4c9c178fd97dd8cf05314
20230213,4998109.556499997,-0.006725028400057183,1,Main,"fee=0.01%, tax=0.10%",0.0001,0.001,962ee2b19f04a8163c755bcd0b9b2e5d3a6d5e2f61e4c9c178fd97dd8cf05314
20230214,4998109.556499997,0.0,0,Main,"fee=0.01%, tax=0.10%",0.0001,0.001,962ee2b19f04a8163c755bcd0b9b2e5d3a6d5e2f61e4c9c178fd97dd8cf05314
20230215,4860936.405499998,-0.027445006846960194,3,Main,"fee=0.01%, tax=0.10%",0.0001,0.001,962ee2b19f04a8163c755bcd0b9b2e5d3a6d5e2f61e4c9c178fd97dd8cf05314
20230216,4860936.405499998,0.0,0,Main,"fee=0.01%, tax=0.10%",0.0001,0.001,962ee2b19f04a8163c755bcd0b9b2e5d3a6d5e2f61e4c9c178fd97dd8cf05314
20230217,4860936.405499998,0.0,0,Main,"fee=0.01%, tax=0.10%",0.0001,0.001,962ee2b19f04a8163c755bcd0b9b2e5d3a6d5e2f61e4c9c178fd97dd8cf05314
20230220,5341243.749799998,0.09880963341889173,1,Main,"fee=0.01%, tax=0.10%",0.0001,0.001,962ee2b19f04a8163c755bcd0b9b2e5d3a6d5e2f61e4c9c178fd97dd8cf05314
20230221,5339360.020799997,-0.0003526760972237635,1,Main,"fee=0.01%, tax=0.10%",0.0001,0.001,962ee2b19f04a8163c755bcd0b9b2e5d3a6d5e2f61e4c9c178fd97dd8cf05314
20230222,5482143.275999996,0.026741642190032614,1,Main,"fee=0.01%, tax=0.10%",0.0001,0.001,962ee2b19f04a8163c755bcd0b9b2e5d3a6d5e2f61e4c9c178fd97dd8cf05314
20230223,5721252.759699997,0.04361605884085268,1,Main,"fee=0.01%, tax=0.10%",0.0001,0.001,962ee2b19f04a8163c755bcd0b9b2e5d3a6d5e2f61e4c9c178fd97dd8cf05314
20230224,5700064.298499997,-0.0037034653230581687,4,Main,"fee=0.01%, tax=0.10%",0.0001,0.001,962ee2b19f04a8163c755bcd0b9b2e5d3a6d5e2f61e4c9c178fd97dd8cf05314
20230227,5740153.587799998,0.0070331293123396775,4,Main,"fee=0.01%, tax=0.10%",0.0001,0.001,962ee2b19f04a8163c755bcd0b9b2e5d3a6d5e2f61e4c9c178fd97dd8cf05314
20230228,5700484.2826999985,-0.006910843846462896,4,Main,"fee=0.01%, tax=0.10%",0.0001,0.001,962ee2b19f04a8163c755bcd0b9b2e5d3a6d5e2f61e4c9c178fd97dd8cf05314
20230301,5765277.4597,0.011366258336442985,2,Main,"fee=0.01%, tax=0.10%",0.0001,0.001,962ee2b19f04a8163c755bcd0b9b2e5d3a6d5e2f61e4c9c178fd97dd8cf05314
20230302,5763335.8915,-0.00033676925587214693,2,Main,"fee=0.01%, tax=0.10%",0.0001,0.001,962ee2b19f04a8163c755bcd0b9b2e5d3a6d5e2f61e4c9c178fd97dd8cf05314
20230303,5763335.8915,0.0,0,Main,"fee=0.01%, tax=0.10%",0.0001,0.001,962ee2b19f04a8163c755bcd0b9b2e5d3a6d5e2f61e4c9c178fd97dd8cf05314
20211207,1009481.0168999999,0.009481016899999929,3,Main,"fee=0.03%, tax=0.10%",0.0003,0.001,962ee2b19f04a8163c755bcd0b9b2e5d3a6d5e2f61e4c9c178fd97dd8cf05314
20211208,1004545.7115999999,-0.004888953053476689,3,Main,"fee=0.03%, tax=0.10%",0.0003,0.001,962ee2b19f04a8163c755bcd0b9b2e5d3a6d5e2f61e4c9c178fd97dd8cf05314
20211209,1077413.9133000001,0.07253846276834797,1,Main,"fee=0.03%, tax=0.10%",0.0003,0.001,962ee2b19f04a8163c755bcd0b9b2e5d3a6d5e2f61e4c9c178fd97dd8cf05314
20211210,1092143.0112,0.013670788652511763,4,Main,"fee=0.03%, tax=0.10%",0.0003,0.001,962ee2b19f04a8163c755bcd0b9b2e5d3a6d5e2f61e4c9c178fd97dd8cf05314
20211213,1058385.9972,-0.03090896856347522,2,Main,"fee=0.03%, tax=0.10%",0.0003,0.001,962ee2b19f04a8163c755bcd0b9b2e5d3a6d5e2f61e4c9c178fd97dd8cf05314
20211214,1118099.6853000002,0.0564195749546715,2,Main,"fee=0.03%, tax=0.10%",0.0003,0.001,962ee2b19f04a8163c755bcd0b9b2e5d3a6d5e2f61e4c9c178fd97dd8cf05314
20211215,1118099.6853000002,0.0,0,Main,"fee=0.03%, tax=0.10%",0.0003,0.001,962ee2b19f04a8163c755bcd0b9b2e5d3a6d5e2f61e4c9c178fd97dd8cf05314
20211216,1118099.6853000002,0.0,0,Main,"fee=0.03%, tax=0.10%",0.0003,0.001,962ee2b19f04a8163c755bcd0b9b2e5d3a6d5e2f61e4c9c178fd97dd8cf05314
20211217,1104506.8633000003,-0.012157075239988822,3,Main,"fee=0.03%, tax=0.10%",0.0003,0.001,962ee2b19f04a8163c755bcd0b9b2e5d3a6d5e2f61e4c9c178fd97dd8cf05314
20211220,1157864.7690000003,0.04830925680314873,3,Main,"fee=0.03%, tax=0.10%",0.0003,0.001,962ee2b19f04a8163c755bcd0b9b2e5d3a6d5e2f61e4c9c178fd97dd8cf05314
20211221,1146635.2234000002,-0.009698494937106138,1,Main,"fee=0.03%, tax=0.10%",0.0003,0.001,962ee2b19f04a8163c755bcd0b9b2e5d3a6d5e2f61e4c9c178fd97dd8cf05314
20211222,1186601.1156000004,0.034854931528697806,1,Main,"fee=0.03%, tax=0.10%",0.0003,0.001,962ee2b19f04a8163c755bcd0b9b2e5d3a6d5e2f61e4c9c178fd97dd8cf05314
20211223,1202994.2813000004,0.013815228626100583,4,Main,"fee=0.03%, tax=0.10%",0.0003,0.001,962ee2b19f04a8163c755bcd0b9b2e5d3a6d5e2f61e4c9c178fd97dd8cf05314
20211224,1236696.7046000005,0.028015447640848342,4,Main,"fee=0.03%, tax=0.10%",0.0003,0.001,962ee2b19f04a8163c755bcd0b9b2e5d3a6d5e2f61e4c9c178fd97dd8cf05314
20211227,1200104.2071000007,-0.02958890192226668,2,Main,"fee=0.03%, tax=0.10%",0.0003,0.001,962ee2b19f04a8163c755bcd0b9b2e5d3a6d5e2f61e4c9c178fd97dd8cf05314
20211228,1220391.6556000009,0.01690473908846958,3,Main,"fee=0.03%, tax=0.10%",0.0003,0.001,962ee2b19f04a8163c755bcd0b9b2e5d3a6d5e2f61e4c9c178fd97dd8cf05314
20211229,1235879.576200001,0.01269094272230622,3,Main,"fee=0.03%, tax=0.10%",0.0003,0.001,962ee2b19f04a8163c755bcd0b9b2e5d3a6d5e2f61e4c9c178fd97dd8cf05314
20211230,1232547.3091000011,-0.0026962716790301304,3,Main,"fee=0.03%, tax=0.10%",0.0003,0.001,962ee2b19f04a8163c755bcd0b9b2e5d3a6d5e2f61e4c9c178fd97dd8cf05314
20211231,1242667.0351000011,0.00821041588041711,1,Main,"fee=0.03%, tax=0.10%",0.0003,0.001,962ee2b19f04a8163c755bcd0b9b2e5d3a6d5e2f61e4c9c178fd97dd8cf05314
20220104,1242177.8851000008,-0.0003936291751402331,1,Main,"fee=0.03%, tax=0.10%",0.0003,0.001,962ee2b19f04a8163c755bcd0b9b2e5d3a6d5e2f61e4c9c178fd97dd8cf05314
20220105,1309426.4263000006,0.054137609441167966,1,Main,"fee=0.03%, tax=0.10%",0.0003,0.001,962ee2b19f04a8163c755bcd0b9b2e5d3a6d5e2f61e4c9c178fd97dd8cf05314
20220106,1299501.5717000007,-0.007579543531929678,4,Main,"fee=0.03%, tax=0.10%",0.0003,0.001,962ee2b19f04a8163c755bcd0b9b2e5d3a6d5e2f61e4c9c178fd97dd8cf05314
20220107,1290897.0030000007,-0.006621437701490039,4,Main,"fee=0.03%, tax=0.10%",0.0003,0.001,962ee2b19f04a8163c755bcd0b9b2e5d3a6d5e2f61e4c9c178fd97dd8cf05314
20220110,1273553.0607000007,-0.013435574069575856,3,Main,"fee=0.03%, tax=0.10%",0.0003,0.001,962ee2b19f04a8163c755bcd0b9b2e5d3a6d5e2f61e4c9c178fd97dd8cf05314
20220111,1291017.0808000006,0.01371283273458654,4,Main,"fee=0.03%, tax=0.10%",0.0003,0.001,962ee2b19f04a8163c755bcd0b9b2e5d3a6d5e2f61e4c9c178fd97dd8cf05314
20220112,1290428.6980000006,-0.00045575136746867816,1,Main,"fee=0.03%, tax=0.10%",0.0003,0.001,962ee2b19f04a8163c755bcd0b9b2e5d3a6d5e2f61e4c9c178fd97dd8cf05314
20220113,1256231.6455000006,-0.026500536258222594,1,Main,"fee=0.03%, tax=0.10%",0.0003,0.001,962ee2b19f04a8163c755bcd0b9b2e5d3a6d5e2f61e4c9c178fd97dd8cf05314
20220114,1379354.4063000004,0.09800959977488465,1,Main,"fee=0.03%, tax=0.10%",0.0003,0.001,962ee2b19f04a8163c755bcd0b9b2e5d3a6d5e2f61e4c9c178fd97dd8cf05314
20220117,1330249.6419000004,-0.03559981696924382,1,Main,"fee=0.03%, tax=0.10%",0.0003,0.001,962ee2b19f04a8163c755bcd0b9b2e5d3a6d5e2f61e4c9c178fd97dd8cf05314
20220118,1329544.5443000004,-0.0005300490808573988,2,Main,"fee=0.03%, tax=0.10%",0.0003,0.001,962ee2b19f04a8163c755bcd0b9b2e5d3a6d5e2f61e4c9c178fd97dd8cf05314
20220119,1296047.3969000005,-0.02519445290013657,4,Main,"fee=0.03%, tax=0.10%",0.0003,0.001,962ee2b19f04a8163c755bcd0b9b2e5d3a6d5e2f61e4c9c178fd97dd8cf05314
20220120,1241408.2541000005,-0.04215829060780548,4,Main,"fee=0.03%, tax=0.10%",0.0003,0.001,962ee2b19f04a8163c755bcd0b9b2e5d3a6d5e2f61e4c9c178fd97dd8cf05314
20220121,1239231.9118000006,-0.0017531237550677578,4,Main,"fee=0.03%, tax=0.10%",0.0003,0.001,962ee2b19f04a8163c755bcd0b9b2e5d3a6d5e2f61e4c9c178fd97dd8cf05314
20220124,1157741.4900000007,-0.06575881481427798,3,Main,"fee=0.03%, tax=0.10%",0.0003,0.001,962ee2b19f04a8163c755bcd0b9b2e5d3a6d5e2f61e4c9c178fd97dd8cf05314
20220125,1181483.1762000008,0.020506897614941743,3,Main,"fee=0.03%, tax=0.10%",0.0003,0.001,962ee2b19f04a8163c755bcd0b9b2e5d3a6d5e2f61e4c9c178fd97dd8cf05314
20220126,1189535.8200000008,0.006815707546424524,1,Main,"fee=0.03%, tax=0.10%",0.0003,0.001,962ee2b19f04a8163c755bcd0b9b2e5d3a6d5e2f61e4c9c178fd97dd8cf05314
20220127,1174970.3040000007,-0.012244705670149599,1,Main,"fee=0.03%, tax=0.10%",0.0003,0.001,962ee2b19f04a8163c755bcd0b9b2e5d3a6d5e2f61e4c9c178fd97dd8cf05314
20220128,1195046.8256000008,0.017086833200509622,1,Main,"fee=0.03%, tax=0.10%",0.0003,0.001,962ee2b19f04a8163c755bcd0b9b2e5d3a6d5e2f61e4c9c178fd97dd8cf05314
20220207,1208912.176400001,0.011602349383287733,1,Main,"fee=0.03%, tax=0.10%",0.0003,0.001,962ee2b19f04a8163c755bcd0b9b2e5d3a6d5e2f61e4c9c178fd97dd8cf05314
20220208,1264642.283500001,0.04609938437873782,4,Main,"fee=0.03%, tax=0.10%",0.0003,0.001,962ee2b19f04a8163c755bcd0b9b2e5d3a6d5e2f61e4c9c178fd97dd8cf05314
20220209,1240654.0143000009,-0.018968422543654568,2,Main,"fee=0.03%, tax=0.10%",0.0003,0.001,962ee2b19f04a8163c755bcd0b9b2e5d3a6d5e2f61e4c9c178fd97dd8cf05314
20220210,1236527.1912000007,-0.0033263287366450682,2,Main,"fee=0.03%, tax=0.10%",0.0003,0.001,962ee2b19f04a8163c755bcd0b9b2e5d3a6d5e2f61e4c9c178fd97dd8cf05314
20220216,1230451.4221000008,-0.004913575005256151,1,Main,"fee=0.03%, tax=0.10%",0.0003,0.001,962ee2b19f04a8163c755bcd0b9b2e5d3a6d5e2f61e4c9c178fd97dd8cf05314
20220217,1230451.4221000008,0.0,0,Main,"fee=0.03%, tax=0.10%",0.0003,0.001,962ee2b19f04a8163c755bcd0b9b2e5d3a6d5e2f61e4c9c178fd97dd8cf05314
20220218,1244473.7019000007,0.011396045019045285,4,Main,"fee=0.03%, tax=0.10%",0.0003,0.001,962ee2b19f04a8163c755bcd0b9b2e5d3a6d5e2f61e4c9c178fd97dd8cf05314
20220221,1267234.5977000007,0.018289575557321823,3,Main,"fee=0.03%, tax=0.10%",0.0003,0.001,962ee2b19f04a8163c755bcd0b9b2e5d3a6d5e2f61e4c9c178fd97dd8cf05314
20220222,1298142.0038000008,0.024389648259364283,3,Main,"fee=0.03%, tax=0.10%",0.0003,0.001,962ee2b19f04a8163c755bcd0b9b2e5d3a6d5e2f61e4c9c178fd97dd8cf05314
20220223,1295702.7676000006,-0.001879021087723745,3,Main,"fee=0.03%, tax=0.10%",0.0003,0.001,962ee2b19f04a8163c755bcd0b9b2e5d3a6d5e2f61e4c9c178fd97dd8cf05314
20220224,1276238.8486000006,-0.015021901231292843,1,Main,"fee=0.03%, tax=0.10%",0.0003,0.001,962ee2b19f04a8163c755bcd0b9b2e5d3a6d5e2f61e4c9c178fd97dd8cf05314
20220225,1334113.9994000006,0.0453482127295274,1,Main,"fee=0.03%, tax=0.10%",0.0003,0.001,962ee2b19f04a8163c755bcd0b9b2e5d3a6d5e2f61e4c9c178fd97dd8cf05314
20220228,1350143.6152000006,0.012015176969291327,4,Main,"fee=0.03%, tax=0.10%",0.0003,0.001,962ee2b19f04a8163c755bcd0b9b2e5d3a6d5e2f61e4c9c178fd97dd8cf05314
20220301,1348723.5970000005,-0.0010517534460878061,4,Main,"fee=0.03%, tax=0.10%",0.0003,0.001,962ee2b19f04a8163c755bcd0b9b2e5d3a6d5e2f61e4c9c178fd97dd8cf05314
20220302,1318969.6416000007,-0.022060825113598016,3,Main,"fee=0.03%, tax=0.10%",0.0003,0.001,962ee2b19f04a8163c755bcd0b9b2e5d3a6d5e2f61e4c9c178fd97dd8cf05314
20220303,1302757.7839000006,-0.012291304658334634,2,Main,"fee=0.03%, tax=0.10%",0.0003,0.001,962ee2b19f04a8163c755bcd0b9b2e5d3a6d5e2f61e4c9c178fd97dd8cf05314
20220304,1267184.3247000007,-0.027306272616161573,2,Main,"fee=0.03%, tax=0.10%",0.0003,0.001,962ee2b19f04a8163c755bcd0b9b2e5d3a6d5e2f61e4c9c178fd97dd8cf05314
20220307,1299320.5356000008,0.02536032862275829,2,Main,"fee=0.03%, tax=0.10%",0.0003,0.001,962ee2b19f04a8163c755bcd0b9b2e5d3a6d5e2f61e4c9c178fd97dd8cf05314
20220308,1299320.5356000008,0.0,0,Main,"fee=0.03%, tax=0.10%",0.0003,0.001,962ee2b19f04a8163c755bcd0b9b2e5d3a6d5e2f61e4c9c178fd97dd8cf05314
20220309,1299320.5356000008,0.0,0,Main,"fee=0.03%, tax=0.10%",0.0003,0.001,962ee2b19f04a8163c755bcd0b9b2e5d3a6d5e2f61e4c9c178fd97dd8cf05314
20220310,1292272.821300001,-0.005424153707187718,4,Main,"fee=0.03%, tax=0.10%",0.0003,0.001,962ee2b19f04a8163c755bcd0b9b2e5d3a6d5e2f61e4c9c178fd97dd8cf05314
20220311,1263928.176900001,-0.021933947640782017,1,Main,"fee=0.03%, tax=0.10%",0.0003,0.001,962ee2b19f04a8163c755bcd0b9b2e5d3a6d5e2f61e4c9c178fd97dd8cf05314
20220314,1235036.0594000008,-0.022858986790580935,1,Main,"fee=0.03%, tax=0.10%",0.0003,0.001,962ee2b19f04a8163c755bcd0b9b2e5d3a6d5e2f61e4c9c178fd97dd8cf05314
20220315,1235036.0594000008,0.0,0,Main,"fee=0.03%, tax=0.10%",0.0003,0.001,962ee2b19f04a8163c755bcd0b9b2e5d3a6d5e2f61e4c9c178fd97dd8cf05314
20220316,1235036.0594000008,0.0,0,Main,"fee=0.03%, tax=0.10%",0.0003,0.001,962ee2b19f04a8163c755bcd0b9b2e5d3a6d5e2f61e4c9c178fd97dd8cf05314
20220317,1227093.9483000007,-0.006430671428216027,4,Main,"fee=0.03%, tax=0.10%",0.0003,0.001,962ee2b19f04a8163c755bcd0b9b2e5d3a6d5e2f61e4c9c178fd97dd8cf05314
20220318,1203273.9471000007,-0.019411717605648665,4,Main,"fee=0.03%, tax=0.10%",0.0003,0.001,962ee2b19f04a8163c755bcd0b9b2e5d3a6d5e2f61e4c9c178fd97dd8cf05314
20220321,1206172.7958000007,0.0024091344344207414,1,Main,"fee=0.03%, tax=0.10%",0.0003,0.001,962ee2b19f04a8163c755bcd0b9b2e5d3a6d5e2f61e4c9c178fd97dd8cf05314
20220322,1236027.2646000006,0.02475140287026518,1,Main,"fee=0.03%, tax=0.10%",0.0003,0.001,962ee2b19f04a8163c755bcd0b9b2e5d3a6d5e2f61e4c9c178fd97dd8cf05314
20220323,1236027.2646000006,0.0,0,Main,"fee=0.03%, tax=0.10%",0.0003,0.001,962ee2b19f04a8163c755bcd0b9b2e5d3a6d5e2f61e4c9c178fd97dd8cf05314
20220324,1236027.2646000006,0.0,0,Main,"fee=0.03%, tax=0.10%",0.0003,0.001,962ee2b19f04a8163c755bcd0b9b2e5d3a6d5e2f61e4c9c178fd97dd8cf05314
20220325,1236027.2646000006,0.0,0,Main,"fee=0.03%, tax=0.10%",0.0003,0.001,962ee2b19f04a8163c755bcd0b9b2e5d3a6d5e2f61e4c9c178fd97dd8cf05314
20220328,1233492.9072000007,-0.0020504057415109073,4,Main,"fee=0.03%, tax=0.10%",0.0003,0.001,962ee2b19f04a8163c755bcd0b9b2e5d3a6d5e2f61e4c9c178fd97dd8cf05314
20220329,1249837.4797000007,0.013250641657195902,4,Main,"fee=0.03%, tax=0.10%",0.0003,0.001,962ee2b19f04a8163c755bcd0b9b2e5d3a6d5e2f61e4c9c178fd97dd8cf05314
20220330,1267213.1871000007,0.013902373454323564,1,Main,"fee=0.03%, tax=0.10%",0.0003,0.001,962ee2b19f04a8163c755bcd0b9b2e5d3a6d5e2f61e4c9c178fd97dd8cf05314
20220331,1266943.3164000008,-0.0002129639296269077,1,Main,"fee=0.03%, tax=0.10%",0.0003,0.001,962ee2b19f04a8163c755bcd0b9b2e5d3a6d5e2f61e4c9c178fd97dd8cf05314
20220401,1266943.3164000008,0.0,0,Main,"fee=0.03%, tax=0.10%",0.0003,0.001,962ee2b19f04a8163c755bcd0b9b2e5d3a6d5e2f61e4c9c178fd97dd8cf05314
20220406,1266943.3164000008,0.0,0,Main,"fee=0.03%, tax=0.10%",0.0003,0.001,962ee2b19f04a8163c755bcd0b9b2e5d3a6d5e2f61e4c9c178fd97dd8cf05314
20220407,1245193.3114000007,-0.017167307107158046,2,Main,"fee=0.03%, tax=0.10%",0.0003,0.001,962ee2b19f04a8163c755bcd0b9b2e5d3a6d5e2f61e4c9c178fd97dd8cf05314
20220408,1234021.6467000009,-0.008971831600540223,4,Main,"fee=0.03%, tax=0.10%",0.0003,0.001,962ee2b19f04a8163c755bcd0b9b2e5d3a6d5e2f61e4c9c178fd97dd8cf05314
20220411,1196395.0866000007,-0.030491004919257624,1,Main,"fee=0.03%, tax=0.10%",0.0003,0.001,962ee2b19f04a8163c755bcd0b9b2e5d3a6d5e2f61e4c9c178fd97dd8cf05314
20220412,1189940.7045000007,-0.005394858414491287,1,Main,"fee=0.03%, tax=0.10%",0.0003,0.001,962ee2b19f04a8163c755bcd0b9b2e5d3a6d5e2f61e4c9c178fd97dd8cf05314
20220413,1189940.7045000007,0.0,0,Main,"fee=0.03%, tax=0.10%",0.0003,0.001,962ee2b19f04a8163c755bcd0b9b2e5d3a6d5e2f61e4c9c178fd97dd8cf05314
20220414,1189940.7045000007,0.0,0,Main,"fee=0.03%, tax=0.10%",0.0003,0.001,962ee2b19f04a8163c755bcd0b9b2e5d3a6d5e2f61e4c9c178fd97dd8cf05314
20220415,1175108.8131000006,-0.012464395363491889,4,Main,"fee=0.03%, tax=0.10%",0.0003,0.001,962ee2b19f04a8163c755bcd0b9b2e5d3a6d5e2f61e4c9c178fd97dd8cf05314
20220418,1159911.5497000008,-0.01293264353954475,4,Main,"fee=0.03%, tax=0.10%",0.0003,0.001,962ee2b19f04a8163c755bcd0b9b2e5d3a6d5e2f61e4c9c178fd97dd8cf05314
20220419,1169545.0753000008,0.00830539673692504,4,Main,"fee=0.03%, tax=0.10%",0.0003,0.001,962ee2b19f04a8163c755bcd0b9b2e5d3a6d5e2f61e4c9c178fd97dd8cf05314
20220420,1235487.110900001,0.056382637140415665,1,Main,"fee=0.03%, tax=0.10%",0.0003,0.001,962ee2b19f04a8163c755bcd0b9b2e5d3a6d5e2f61e4c9c178fd97dd8cf05314
20220421,1196220.9977000009,-0.031781888174775286,3,Main,"fee=0.03%, tax=0.10%",0.0003,0.001,962ee2b19f04a8163c755bcd0b9b2e5d3a6d5e2f61e4c9c178fd97dd8cf05314
20220422,1141818.9935000008,-0.04547822208822613,2,Main,"fee=0.03%, tax=0.10%",0.0003,0.001,962ee2b19f04a8163c755bcd0b9b2e5d3a6d5e2f61e4c9c178fd97dd8cf05314
20220425,1090336.4062000008,-0.04508822115683258,4,Main,"fee=0.03%, tax=0.10%",0.0003,0.001,962ee2b19f04a8163c755bcd0b9b2e5d3a6d5e2f61e4c9c178fd97dd8cf05314
20220426,1134435.3395000007,0.040445254372172945,4,Main,"fee=0.03%, tax=0.10%",0.0003,0.001,962ee2b19f04a8163c755bcd0b9b2e5d3a6d5e2f61e4c9c178fd97dd8cf05314
20220427,1126314.4479000005,-0.007158531929708279,4,Main,"fee=0.03%, tax=0.10%",0.0003,0.001,962ee2b19f04a8163c755bcd0b9b2e5d3a6d5e2f61e4c9c178fd97dd8cf05314
20220428,1209234.5555000005,0.07362074397128042,1,Main,"fee=0.03%, tax=0.10%",0.0003,0.001,962ee2b19f04a8163c755bcd0b9b2e5d3a6d5e2f61e4c9c178fd97dd8cf05314
20220429,1328133.2045000005,0.09832554690006949,1,Main,"fee=0.03%, tax=0.10%",0.0003,0.001,962ee2b19f04a8163c755bcd0b9b2e5d3a6d5e2f61e4c9c178fd97dd8cf05314
20220505,1250186.0294000003,-0.058689275169010416,1,Main,"fee=0.03%, tax=0.10%",0.0003,0.001,962ee2b19f04a8163c755bcd0b9b2e5d3a6d5e2f61e4c9c178fd97dd8cf05314
20220506,1250186.0294000003,0.0,0,Main,"fee=0.03%, tax=0.10%",0.0003,0.001,962ee2b19f04a8163c755bcd0b9b2e5d3a6d5e2f61e4c9c178fd97dd8cf05314
20220509,1234797.9289000004,-0.012308648583591297,4,Main,"fee=0.03%, tax=0.10%",0.0003,0.001,962ee2b19f04a8163c755bcd0b9b2e5d3a6d5e2f61e4c9c178fd97dd8cf05314
20220510,1245815.2147000004,0.008922339066291213,4,Main,"fee=0.03%, tax=0.10%",0.0003,0.001,962ee2b19f04a8163c755bcd0b9b2e5d3a6d5e2f61e4c9c178fd97dd8cf05314
20220511,1254944.4163000004,0.007327893809836313,3,Main,"fee=0.03%, tax=0.10%",0.0003,0.001,962ee2b19f04a8163c755bcd0b9b2e5d3a6d5e2f61e4c9c178fd97dd8cf05314
20220512,1274515.1663000002,0.015594913803195318,3,Main,"fee=0.03%, tax=0.10%",0.0003,0.001,962ee2b19f04a8163c755bcd0b9b2e5d3a6d5e2f61e4c9c178fd97dd8cf05314
20220513,1266478.8795000003,-0.006305367729228162,3,Main,"fee=0.03%, tax=0.10%",0.0003,0.001,962ee2b19f04a8163c755bcd0b9b2e5d3a6d5e2f61e4c9c178fd97dd8cf05314
20220516,1266478.8795000003,0.0,0,Main,"fee=0.03%, tax=0.10%",0.0003,0.001,962ee2b19f04a8163c755bcd0b9b2e5d3a6d5e2f61e4c9c178fd97dd8cf05314
20220517,1326950.2543000001,0.04774763778443244,2,Main,"fee=0.03%, tax=0.10%",0.0003,0.001,962ee2b19f04a8163c755bcd0b9b2e5d3a6d5e2f61e4c9c178fd97dd8cf05314
20220518,1322858.1249000002,-0.003083860443704936,2,Main,"fee=0.03%, tax=0.10%",0.0003,0.001,962ee2b19f04a8163c755bcd0b9b2e5d3a6d5e2f61e4c9c178fd97dd8cf05314
20220519,1327926.5973,0.003831455773371765,2,Main,"fee=0.03%, tax=0.10%",0.0003,0.001,962ee2b19f04a8163c755bcd0b9b2e5d3a6d5e2f61e4c9c178fd97dd8cf05314
20220520,1387827.1965,0.04510836617158858,2,Main,"fee=0.03%, tax=0.10%",0.0003,0.001,962ee2b19f04a8163c755bcd0b9b2e5d3a6d5e2f61e4c9c178fd97dd8cf05314
20220523,1387827.1965,0.0,0,Main,"fee=0.03%, tax=0.10%",0.0003,0.001,962ee2b19f04a8163c755bcd0b9b2e5d3a6d5e2f61e4c9c178fd97dd8cf05314
20220524,1387827.1965,0.0,0,Main,"fee=0.03%, tax=0.10%",0.0003,0.001,962ee2b19f04a8163c755bcd0b9b2e5d3a6d5e2f61e4c9c178fd97dd8cf05314
20220525,1402545.301,0.010605142006957275,1,Main,"fee=0.03%, tax=0.10%",0.0003,0.001,962ee2b19f04a8163c755bcd0b9b2e5d3a6d5e2f61e4c9c178fd97dd8cf05314
20220526,1426637.7163,0.01717763788650702,1,Main,"fee=0.03%, tax=0.10%",0.0003,0.001,962ee2b19f04a8163c755bcd0b9b2e5d3a6d5e2f61e4c9c178fd97dd8cf05314
20220527,1443094.3136,0.011535232184019629,1,Main,"fee=0.03%, tax=0.10%",0.0003,0.001,962ee2b19f04a8163c755bcd0b9b2e5d3a6d5e2f61e4c9c178fd97dd8cf05314
20220530,1443094.3136,0.0,0,Main,"fee=0.03%, tax=0.10%",0.0003,0.001,962ee2b19f04a8163c755bcd0b9b2e5d3a6d5e2f61e4c9c178fd97dd8cf05314
20220531,1443094.3136,0.0,0,Main,"fee=0.03%, tax=0.10%",0.0003,0.001,962ee2b19f04a8163c755bcd0b9b2e5d3a6d5e2f61e4c9c178fd97dd8cf05314
20220601,1443094.3136,0.0,0,Main,"fee=0.03%, tax=0.10%",0.0003,0.001,962ee2b19f04a8163c755bcd0b9b2e5d3a6d5e2f61e4c9c178fd97dd8cf05314
20220602,1478371.5687999998,0.024445564553570828,4,Main,"fee=0.03%, tax=0.10%",0.0003,0.001,962ee2b19f04a8163c755bcd0b9b2e5d3a6d5e2f61e4c9c178fd97dd8cf05314
20220606,1496403.6023,0.012197226922211993,4,Main,"fee=0.03%, tax=0.10%",0.0003,0.001,962ee2b19f04a8163c755bcd0b9b2e5d3a6d5e2f61e4c9c178fd97dd8cf05314
20220607,1531223.8837,0.023269311398663145,4,Main,"fee=0.03%, tax=0.10%",0.0003,0.001,962ee2b19f04a8163c755bcd0b9b2e5d3a6d5e2f61e4c9c178fd97dd8cf05314
20220608,1531223.8837,0.0,0,Main,"fee=0.03%, tax=0.10%",0.0003,0.001,962ee2b19f04a8163c755bcd0b9b2e5d3a6d5e2f61e4c9c178fd97dd8cf05314
20220609,1526391.8261999998,-0.003155683209645401,1,Main,"fee=0.03%, tax=0.10%",0.0003,0.001,962ee2b19f04a8163c755bcd0b9b2e5d3a6d5e2f61e4c9c178fd97dd8cf05314
20220610,1676548.9435999999,0.09837390034629637,1,Main,"fee=0.03%, tax=0.10%",0.0003,0.001,962ee2b19f04a8163c755bcd0b9b2e5d3a6d5e2f61e4c9c178fd97dd8cf05314
20220613,1707480.25,0.018449390647422625,1,Main,"fee=0.03%, tax=0.10%",0.0003,0.001,962ee2b19f04a8163c755bcd0b9b2e5d3a6d5e2f61e4c9c178fd97dd8cf05314
20220614,1685698.8562,-0.012756454313307554,4,Main,"fee=0.03%, tax=0.10%",0.0003,0.001,962ee2b19f04a8163c755bcd0b9b2e5d3a6d5e2f61e4c9c178fd97dd8cf05314
20220615,1737164.8257000002,0.03053093932567392,4,Main,"fee=0.03%, tax=0.10%",0.0003,0.001,962ee2b19f04a8163c755bcd0b9b2e5d3a6d5e2f61e4c9c178fd97dd8cf05314
20220616,1724384.9576,-0.007356738929393393,3,Main,"fee=0.03%, tax=0.10%",0.0003,0.001,962ee2b19f04a8163c755bcd0b9b2e5d3a6d5e2f61e4c9c178fd97dd8cf05314
20220617,1729888.7755999998,0.003191757139693421,3,Main,"fee=0.03%, tax=0.10%",0.0003,0.001,962ee2b19f04a8163c755bcd0b9b2e5d3a6d5e2f61e4c9c178fd97dd8cf05314
20220620,1781821.0084,0.030020561745068137,2,Main,"fee=0.03%, tax=0.10%",0.0003,0.001,962ee2b19f04a8163c755bcd0b9b2e5d3a6d5e2f61e4c9c178fd97dd8cf05314
20220621,1781821.0084,0.0,0,Main,"fee=0.03%, tax=0.10%",0.0003,0.001,962ee2b19f04a8163c755bcd0b9b2e5d3a6d5e2f61e4c9c178fd97dd8cf05314
20220622,1790400.2389999998,0.004814866678277455,2,Main,"fee=0.03%, tax=0.10%",0.0003,0.001,962ee2b19f04a8163c755bcd0b9b2e5d3a6d5e2f61e4c9c178fd97dd8cf05314
20220623,1831796.0561999998,0.023120985072656672,4,Main,"fee=0.03%, tax=0.10%",0.0003,0.001,962ee2b19f04a8163c755bcd0b9b2e5d3a6d5e2f61e4c9c178fd97dd8cf05314
20220624,1863902.5964999995,0.017527355292271847,4,Main,"fee=0.03%, tax=0.10%",0.0003,0.001,962ee2b19f04a8163c755bcd0b9b2e5d3a6d5e2f61e4c9c178fd97dd8cf05314
20220627,1898031.5438999995,0.01831047795313265,1,Main,"fee=0.03%, tax=0.10%",0.0003,0.001,962ee2b19f04a8163c755bcd0b9b2e5d3a6d5e2f61e4c9c178fd97dd8cf05314
20220628,1832758.6398999994,-0.03438978883663858,1,Main,"fee=0.03%, tax=0.10%",0.0003,0.001,962ee2b19f04a8163c755bcd0b9b2e5d3a6d5e2f61e4c9c178fd97dd8cf05314
20220629,1818740.5412999992,-0.007648633210516477,3,Main,"fee=0.03%, tax=0.10%",0.0003,0.001,962ee2b19f04a8163c755bcd0b9b2e5d3a6d5e2f61e4c9c178fd97dd8cf05314
20220630,1849355.6997999996,0.016833164382049386,3,Main,"fee=0.03%, tax=0.10%",0.0003,0.001,962ee2b19f04a8163c755bcd0b9b2e5d3a6d5e2f61e4c9c178fd97dd8cf05314
20220701,1925704.5384999998,0.0412840205419958,4,Main,"fee=0.03%, tax=0.10%",0.0003,0.001,962ee2b19f04a8163c755bcd0b9b2e5d3a6d5e2f61e4c9c178fd97dd8cf05314
20220704,1867035.5348,-0.03046625405250338,4,Main,"fee=0.03%, tax=0.10%",0.0003,0.001,962ee2b19f04a8163c755bcd0b9b2e5d3a6d5e2f61e4c9c178fd97dd8cf05314
20220705,1867781.0915,0.00039932646492448203,4,Main,"fee=0.03%, tax=0.10%",0.0003,0.001,962ee2b19f04a8163c755bcd0b9b2e5d3a6d5e2f61e4c9c178fd97dd8cf05314
20220706,1859734.8687,-0.004307904623629233,1,Main,"fee=0.03%, tax=0.10%",0.0003,0.001,962ee2b19f04a8163c755bcd0b9b2e5d3a6d5e2f61e4c9c178fd97dd8cf05314
20220707,1859734.8687,0.0,0,Main,"fee=0.03%, tax=0.10%",0.0003,0.001,962ee2b19f04a8163c755bcd0b9b2e5d3a6d5e2f61e4c9c178fd97dd8cf05314
20220708,1885825.4236999997,0.014029179878870387,3,Main,"fee=0.03%, tax=0.10%",0.0003,0.001,962ee2b19f04a8163c755bcd0b9b2e5d3a6d5e2f61e4c9c178fd97dd8cf05314
20220711,1925342.8570999997,0.020954979662150573,3,Main,"fee=0.03%, tax=0.10%",0.0003,0.001,962ee2b19f04a8163c755bcd0b9b2e5d3a6d5e2f61e4c9c178fd97dd8cf05314
20220712,2038388.0375999995,0.058714311626694535,4,Main,"fee=0.03%, tax=0.10%",0.0003,0.001,962ee2b19f04a8163c755bcd0b9b2e5d3a6d5e2f61e4c9c178fd97dd8cf05314
20220713,2106926.5319999997,0.0336238700069578,4,Main,"fee=0.03%, tax=0.10%",0.0003,0.001,962ee2b19f04a8163c755bcd0b9b2e5d3a6d5e2f61e4c9c178fd97dd8cf05314
20220714,2313649.3313999996,0.09811580815006792,1,Main,"fee=0.03%, tax=0.10%",0.0003,0.001,962ee2b19f04a8163c755bcd0b9b2e5d3a6d5e2f61e4c9c178fd97dd8cf05314
20220715,2386056.0953999995,0.03129547897225476,1,Main,"fee=0.03%, tax=0.10%",0.0003,0.001,962ee2b19f04a8163c755bcd0b9b2e5d3a6d5e2f61e4c9c178fd97dd8cf05314
20220718,2494578.295999999,0.04548183121478832,2,Main,"fee=0.03%, tax=0.10%",0.0003,0.001,962ee2b19f04a8163c755bcd0b9b2e5d3a6d5e2f61e4c9c178fd97dd8cf05314
20220719,2419541.036499999,-0.030080138041896996,1,Main,"fee=0.03%, tax=0.10%",0.0003,0.001,962ee2b19f04a8163c755bcd0b9b2e5d3a6d5e2f61e4c9c178fd97dd8cf05314
20220720,2405983.708299999,-0.005603264418945877,4,Main,"fee=0.03%, tax=0.10%",0.0003,0.001,962ee2b19f04a8163c755bcd0b9b2e5d3a6d5e2f61e4c9c178fd97dd8cf05314
20220721,2418126.8997999993,0.005047079686412436,4,Main,"fee=0.03%, tax=0.10%",0.0003,0.001,962ee2b19f04a8163c755bcd0b9b2e5d3a6d5e2f61e4c9c178fd97dd8cf05314
20220722,2418126.8997999993,0.0,0,Main,"fee=0.03%, tax=0.10%",0.0003,0.001,962ee2b19f04a8163c755bcd0b9b2e5d3a6d5e2f61e4c9c178fd97dd8cf05314
20220725,2536750.3335999995,0.04905591754089144,2,Main,"fee=0.03%, tax=0.10%",0.0003,0.001,962ee2b19f04a8163c755bcd0b9b2e5d3a6d5e2f61e4c9c178fd97dd8cf05314
20220726,2609721.7954999995,0.028765724767420606,2,Main,"fee=0.03%, tax=0.10%",0.0003,0.001,962ee2b19f04a8163c755bcd0b9b2e5d3a6d5e2f61e4c9c178fd97dd8cf05314
20220727,2768234.1267,0.060739168241353024,2,Main,"fee=0.03%, tax=0.10%",0.0003,0.001,962ee2b19f04a8163c755bcd0b9b2e5d3a6d5e2f61e4c9c178fd97dd8cf05314
20220728,2768234.1267,0.0,0,Main,"fee=0.03%, tax=0.10%",0.0003,0.001,962ee2b19f04a8163c755bcd0b9b2e5d3a6d5e2f61e4c9c178fd97dd8cf05314
20220729,2876917.7263999996,0.03926098542450993,4,Main,"fee=0.03%, tax=0.10%",0.0003,0.001,962ee2b19f04a8163c755bcd0b9b2e5d3a6d5e2f61e4c9c178fd97dd8cf05314
20220801,2655474.9163999995,-0.07697224288617394,1,Main,"fee=0.03%, tax=0.10%",0.0003,0.001,962ee2b19f04a8163c755bcd0b9b2e5d3a6d5e2f61e4c9c178fd97dd8cf05314
20220802,2621261.6268999996,-0.012884056742054475,1,Main,"fee=0.03%, tax=0.10%",0.0003,0.001,962ee2b19f04a8163c755bcd0b9b2e5d3a6d5e2f61e4c9c178fd97dd8cf05314
20220803,2621261.6268999996,0.0,0,Main,"fee=0.03%, tax=0.10%",0.0003,0.001,962ee2b19f04a8163c755bcd0b9b2e5d3a6d5e2f61e4c9c178fd97dd8cf05314
20220804,2621261.6268999996,0.0,0,Main,"fee=0.03%, tax=0.10%",0.0003,0.001,962ee2b19f04a8163c755bcd0b9b2e5d3a6d5e2f61e4c9c178fd97dd8cf05314
20220805,2736483.3551999996,0.043956592168277964,4,Main,"fee=0.03%, tax=0.10%",0.0003,0.001,962ee2b19f04a8163c755bcd0b9b2e5d3a6d5e2f61e4c9c178fd97dd8cf05314
20220808,2779679.157099999,0.015785150608687827,4,Main,"fee=0.03%, tax=0.10%",0.0003,0.001,962ee2b19f04a8163c755bcd0b9b2e5d3a6d5e2f61e4c9c178fd97dd8cf05314
20220809,2727649.6530999993,-0.01871780916409122,2,Main,"fee=0.03%, tax=0.10%",0.0003,0.001,962ee2b19f04a8163c755bcd0b9b2e5d3a6d5e2f61e4c9c178fd97dd8cf05314
20220810,2727649.6530999993,0.0,0,Main,"fee=0.03%, tax=0.10%",0.0003,0.001,962ee2b19f04a8163c755bcd0b9b2e5d3a6d5e2f61e4c9c178fd97dd8cf05314
20220811,2727649.6530999993,0.0,0,Main,"fee=0.03%, tax=0.10%",0.0003,0.001,962ee2b19f04a8163c755bcd0b9b2e5d3a6d5e2f61e4c9c178fd97dd8cf05314
20220812,2727645.1958999997,-1.6340808265208379e-06,2,Main,"fee=0.03%, tax=0.10%",0.0003,0.001,962ee2b19f04a8163c755bcd0b9b2e5d3a6d5e2f61e4c9c178fd97dd8cf05314
20220815,2821462.5485999994,0.03439499860209796,4,Main,"fee=0.03%, tax=0.10%",0.0003,0.001,962ee2b19f04a8163c755bcd0b9b2e5d3a6d5e2f61e4c9c178fd97dd8cf05314
20220816,2876646.8699999996,0.019558764452635578,4,Main,"fee=0.03%, tax=0.10%",0.0003,0.001,962ee2b19f04a8163c755bcd0b9b2e5d3a6d5e2f61e4c9c178fd97dd8cf05314
20220817,2876646.8699999996,0.0,0,Main,"fee=0.03%, tax=0.10%",0.0003,0.001,962ee2b19f04a8163c755bcd0b9b2e5d3a6d5e2f61e4c9c178fd97dd8cf05314
20220818,2876646.8699999996,0.0,0,Main,"fee=0.03%, tax=0.10%",0.0003,0.001,962ee2b19f04a8163c755bcd0b9b2e5d3a6d5e2f61e4c9c178fd97dd8cf05314
20220819,2920122.3747999994,0.015113257471188937,1,Main,"fee=0.03%, tax=0.10%",0.0003,0.001,962ee2b19f04a8163c755bcd0b9b2e5d3a6d5e2f61e4c9c178fd97dd8cf05314
20220822,2996003.1921999995,0.02598549227074676,1,Main,"fee=0.03%, tax=0.10%",0.0003,0.001,962ee2b19f04a8163c755bcd0b9b2e5d3a6d5e2f61e4c9c178fd97dd8cf05314
20220823,2960111.995299999,-0.011979692476110151,2,Main,"fee=0.03%, tax=0.10%",0.0003,0.001,962ee2b19f04a8163c755bcd0b9b2e5d3a6d5e2f61e4c9c178fd97dd8cf05314
20220824,3019352.525099999,0.020012935285577196,4,Main,"fee=0.03%, tax=0.10%",0.0003,0.001,962ee2b19f04a8163c755bcd0b9b2e5d3a6d5e2f61e4c9c178fd97dd8cf05314
20220825,3019352.525099999,0.0,0,Main,"fee=0.03%, tax=0.10%",0.0003,0.001,962ee2b19f04a8163c755bcd0b9b2e5d3a6d5e2f61e4c9c178fd97dd8cf05314
20220826,3019352.525099999,0.0,0,Main,"fee=0.03%, tax=0.10%",0.0003,0.001,962ee2b19f04a8163c755bcd0b9b2e5d3a6d5e2f61e4c9c178fd97dd8cf05314
20220829,3026653.1874999986,0.0024179562801326104,1,Main,"fee=0.03%, tax=0.10%",0.0003,0.001,962ee2b19f04a8163c755bcd0b9b2e5d3a6d5e2f61e4c9c178fd97dd8cf05314
20220830,3052389.2973999986,0.008503157879564637,1,Main,"fee=0.03%, tax=0.10%",0.0003,0.001,962ee2b19f04a8163c755bcd0b9b2e5d3a6d5e2f61e4c9c178fd97dd8cf05314
20220831,3219866.397699998,0.054867542761552486,1,Main,"fee=0.03%, tax=0.10%",0.0003,0.001,962ee2b19f04a8163c755bcd0b9b2e5d3a6d5e2f61e4c9c178fd97dd8cf05314
20220901,3219866.397699998,0.0,0,Main,"fee=0.03%, tax=0.10%",0.0003,0.001,962ee2b19f04a8163c755bcd0b9b2e5d3a6d5e2f61e4c9c178fd97dd8cf05314
20220902,3219866.397699998,0.0,0,Main,"fee=0.03%, tax=0.10%",0.0003,0.001,962ee2b19f04a8163c755bcd0b9b2e5d3a6d5e2f61e4c9c178fd97dd8cf05314
20220905,3283722.282299998,0.01983184291298958,1,Main,"fee=0.03%, tax=0.10%",0.0003,0.001,962ee2b19f04a8163c755bcd0b9b2e5d3a6d5e2f61e4c9c178fd97dd8cf05314
20220906,3218674.112099998,-0.01980927880248105,1,Main,"fee=0.03%, tax=0.10%",0.0003,0.001,962ee2b19f04a8163c755bcd0b9b2e5d3a6d5e2f61e4c9c178fd97dd8cf05314
20220907,3148624.598199998,-0.02176346888821773,2,Main,"fee=0.03%, tax=0.10%",0.0003,0.001,962ee2b19f04a8163c755bcd0b9b2e5d3a6d5e2f61e4c9c178fd97dd8cf05314
20220908,3148624.598199998,0.0,0,Main,"fee=0.03%, tax=0.10%",0.0003,0.001,962ee2b19f04a8163c755bcd0b9b2e5d3a6d5e2f61e4c9c178fd97dd8cf05314
20220909,3148624.598199998,0.0,0,Main,"fee=0.03%, tax=0.10%",0.0003,0.001,962ee2b19f04a8163c755bcd0b9b2e5d3a6d5e2f61e4c9c178fd97dd8cf05314
20220913,3106612.1738999975,-0.013343103628174077,4,Main,"fee=0.03%, tax=0.10%",0.0003,0.001,962ee2b19f04a8163c755bcd0b9b2e5d3a6d5e2f61e4c9c178fd97dd8cf05314
20220914,3035411.7970999978,-0.0229189782355793,4,Main,"fee=0.03%, tax=0.10%",0.0003,0.001,962ee2b19f04a8163c755bcd0b9b2e5d3a6d5e2f61e4c9c178fd97dd8cf05314
20220915,2958165.686499998,-0.025448313363544264,2,Main,"fee=0.03%, tax=0.10%",0.0003,0.001,962ee2b19f04a8163c755bcd0b9b2e5d3a6d5e2f61e4c9c178fd97dd8cf05314
20220916,2999946.0989999985,0.01412375672217121,2,Main,"fee=0.03%, tax=0.10%",0.0003,0.001,962ee2b19f04a8163c755bcd0b9b2e5d3a6d5e2f61e4c9c178fd97dd8cf05314
20220919,2999946.0989999985,0.0,0,Main,"fee=0.03%, tax=0.10%",0.0003,0.001,962ee2b19f04a8163c755bcd0b9b2e5d3a6d5e2f61e4c9c178fd97dd8cf05314
20220920,2947301.5436999984,-0.017548500393906628,4,Main,"fee=0.03%, tax=0.10%",0.0003,0.001,962ee2b19f04a8163c755bcd0b9b2e5d3a6d5e2f61e4c9c178fd97dd8cf05314
20220921,2973110.3323999983,0.00875675200427573,4,Main,"fee=0.03%, tax=0.10%",0.0003,0.001,962ee2b19f04a8163c755bcd0b9b2e5d3a6d5e2f61e4c9c178fd97dd8cf05314
20220922,3068326.2394999983,0.03202568907798936,1,Main,"fee=0.03%, tax=0.10%",0.0003,0.001,962ee2b19f04a8163c755bcd0b9b2e5d3a6d5e2f61e4c9c178fd97dd8cf05314
20220923,2983330.463299998,-0.027701023152561104,1,Main,"fee=0.03%, tax=0.10%",0.0003,0.001,962ee2b19f04a8163c755bcd0b9b2e5d3a6d5e2f61e4c9c178fd97dd8cf05314
20220926,3013393.330099998,0.0100769482864282,1,Main,"fee=0.03%, tax=0.10%",0.0003,0.001,962ee2b19f04a8163c755bcd0b9b2e5d3a6d5e2f61e4c9c178fd97dd8cf05314
20220927,2889379.461499998,-0.041154225490996496,3,Main,"fee=0.03%, tax=0.10%",0.0003,0.001,962ee2b19f04a8163c755bcd0b9b2e5d3a6d5e2f61e4c9c178fd97dd8cf05314
20220928,2790524.7173999976,-0.034213140024426075,3,Main,"fee=0.03%, tax=0.10%",0.0003,0.001,962ee2b19f04a8163c755bcd0b9b2e5d3a6d5e2f61e4c9c178fd97dd8cf05314
20220930,2565481.4678999977,-0.08064549584412153,1,Main,"fee=0.03%, tax=0.10%",0.0003,0.001,962ee2b19f04a8163c755bcd0b9b2e5d3a6d5e2f61e4c9c178fd97dd8cf05314
20221010,2580003.9152999977,0.005660710311771401,2,Main,"fee=0.03%, tax=0.10%",0.0003,0.001,962ee2b19f04a8163c755bcd0b9b2e5d3a6d5e2f61e4c9c178fd97dd8cf05314
20221011,2629511.2162999976,0.019188847236397844,2,Main,"fee=0.03%, tax=0.10%",0.0003,0.001,962ee2b19f04a8163c755bcd0b9b2e5d3a6d5e2f61e4c9c178fd97dd8cf05314
20221012,2673737.0326999975,0.01681902557625532,2,Main,"fee=0.03%, tax=0.10%",0.0003,0.001,962ee2b19f04a8163c755bcd0b9b2e5d3a6d5e2f61e4c9c178fd97dd8cf05314
20221013,2707773.387699997,0.01272988127992111,2,Main,"fee=0.03%, tax=0.10%",0.0003,0.001,962ee2b19f04a8163c755bcd0b9b2e5d3a6d5e2f61e4c9c178fd97dd8cf05314
20221014,2711390.5154999974,0.0013358310619459854,3,Main,"fee=0.03%, tax=0.10%",0.0003,0.001,962ee2b19f04a8163c755bcd0b9b2e5d3a6d5e2f61e4c9c178fd97dd8cf05314
20221017,2717834.6107999976,0.002376675459754579,3,Main,"fee=0.03%, tax=0.10%",0.0003,0.001,962ee2b19f04a8163c755bcd0b9b2e5d3a6d5e2f61e4c9c178fd97dd8cf05314
20221018,2848935.2738999976,0.04823717476370293,2,Main,"fee=0.03%, tax=0.10%",0.0003,0.001,962ee2b19f04a8163c755bcd0b9b2e5d3a6d5e2f61e4c9c178fd97dd8cf05314
20221019,2914532.2625999977,0.02302508916259172,1,Main,"fee=0.03%, tax=0.10%",0.0003,0.001,962ee2b19f04a8163c755bcd0b9b2e5d3a6d5e2f61e4c9c178fd97dd8cf05314
20221020,3049881.8227999974,0.04643954775757294,2,Main,"fee=0.03%, tax=0.10%",0.0003,0.001,962ee2b19f04a8163c755bcd0b9b2e5d3a6d5e2f61e4c9c178fd97dd8cf05314
20221021,3141326.0892999973,0.02998288845698549,4,Main,"fee=0.03%, tax=0.10%",0.0003,0.001,962ee2b19f04a8163c755bcd0b9b2e5d3a6d5e2f61e4c9c178fd97dd8cf05314
20221024,3130874.9741999973,-0.0033269755520124768,4,Main,"fee=0.03%, tax=0.10%",0.0003,0.001,962ee2b19f04a8163c755bcd0b9b2e5d3a6d5e2f61e4c9c178fd97dd8cf05314
20221025,3158694.106099997,0.008885417696089342,3,Main,"fee=0.03%, tax=0.10%",0.0003,0.001,962ee2b19f04a8163c755bcd0b9b2e5d3a6d5e2f61e4c9c178fd97dd8cf05314
20221026,3005111.0817999975,-0.04862231641975198,3,Main,"fee=0.03%, tax=0.10%",0.0003,0.001,962ee2b19f04a8163c755bcd0b9b2e5d3a6d5e2f61e4c9c178fd97dd8cf05314
20221027,2777822.9160999977,-0.07563386494314181,1,Main,"fee=0.03%, tax=0.10%",0.0003,0.001,962ee2b19f04a8163c755bcd0b9b2e5d3a6d5e2f61e4c9c178fd97dd8cf05314
20221028,2802680.435599997,0.008948561607699199,1,Main,"fee=0.03%, tax=0.10%",0.0003,0.001,962ee2b19f04a8163c755bcd0b9b2e5d3a6d5e2f61e4c9c178fd97dd8cf05314
20221031,2975502.703299997,0.06166320837181068,1,Main,"fee=0.03%, tax=0.10%",0.0003,0.001,962ee2b19f04a8163c755bcd0b9b2e5d3a6d5e2f61e4c9c178fd97dd8cf05314
20221101,3215572.190199997,0.0806819925365047,4,Main,"fee=0.03%, tax=0.10%",0.0003,0.001,962ee2b19f04a8163c755bcd0b9b2e5d3a6d5e2f61e4c9c178fd97dd8cf05314
20221102,3190785.3042999967,-0.007708390430649438,4,Main,"fee=0.03%, tax=0.10%",0.0003,0.001,962ee2b19f04a8163c755bcd0b9b2e5d3a6d5e2f61e4c9c178fd97dd8cf05314
20221103,3281968.0867999964,0.028576909382501896,2,Main,"fee=0.03%, tax=0.10%",0.0003,0.001,962ee2b19f04a8163c755bcd0b9b2e5d3a6d5e2f61e4c9c178fd97dd8cf05314
20221104,3301190.1397999963,0.005856867736560424,2,Main,"fee=0.03%, tax=0.10%",0.0003,0.001,962ee2b19f04a8163c755bcd0b9b2e5d3a6d5e2f61e4c9c178fd97dd8cf05314
20221107,3267245.9986999966,-0.010282395034069797,2,Main,"fee=0.03%, tax=0.10%",0.0003,0.001,962ee2b19f04a8163c755bcd0b9b2e5d3a6d5e2f61e4c9c178fd97dd8cf05314
20221108,3266740.374699997,-0.00015475541180585075,1,Main,"fee=0.03%, tax=0.10%",0.0003,0.001,962ee2b19f04a8163c755bcd0b9b2e5d3a6d5e2f61e4c9c178fd97dd8cf05314
20221109,3211586.0633999966,-0.016883591890912146,4,Main,"fee=0.03%, tax=0.10%",0.0003,0.001,962ee2b19f04a8163c755bcd0b9b2e5d3a6d5e2f61e4c9c178fd97dd8cf05314
20221110,3225252.7798999967,0.004255441464187826,4,Main,"fee=0.03%, tax=0.10%",0.0003,0.001,962ee2b19f04a8163c755bcd0b9b2e5d3a6d5e2f61e4c9c178fd97dd8cf05314
20221111,3118088.8651999966,-0.033226516497513986,4,Main,"fee=0.03%, tax=0.10%",0.0003,0.001,962ee2b19f04a8163c755bcd0b9b2e5d3a6d5e2f61e4c9c178fd97dd8cf05314
20221114,3150829.159699997,0.010500115909268776,3,Main,"fee=0.03%, tax=0.10%",0.0003,0.001,962ee2b19f04a8163c755bcd0b9b2e5d3a6d5e2f61e4c9c178fd97dd8cf05314
20221115,3255397.812699997,0.03318766194545322,3,Main,"fee=0.03%, tax=0.10%",0.0003,0.001,962ee2b19f04a8163c755bcd0b9b2e5d3a6d5e2f61e4c9c178fd97dd8cf05314
20221116,3365410.9690999966,0.033794074558511744,4,Main,"fee=0.03%, tax=0.10%",0.0003,0.001,962ee2b19f04a8163c755bcd0b9b2e5d3a6d5e2f61e4c9c178fd97dd8cf05314
20221117,3259808.9500999963,-0.031378639925287104,1,Main,"fee=0.03%, tax=0.10%",0.0003,0.001,962ee2b19f04a8163c755bcd0b9b2e5d3a6d5e2f61e4c9c178fd97dd8cf05314
20221118,3341172.5321999965,0.024959616758369954,1,Main,"fee=0.03%, tax=0.10%",0.0003,0.001,962ee2b19f04a8163c755bcd0b9b2e5d3a6d5e2f61e4c9c178fd97dd8cf05314
20221121,3283547.9423999963,-0.0172468165725214,2,Main,"fee=0.03%, tax=0.10%",0.0003,0.001,962ee2b19f04a8163c755bcd0b9b2e5d3a6d5e2f61e4c9c178fd97dd8cf05314
20221122,3299536.4425999965,0.00486927569826006,2,Main,"fee=0.03%, tax=0.10%",0.0003,0.001,962ee2b19f04a8163c755bcd0b9b2e5d3a6d5e2f61e4c9c178fd97dd8cf05314
20221123,3423899.4813999967,0.037691063870173104,2,Main,"fee=0.03%, tax=0.10%",0.0003,0.001,962ee2b19f04a8163c755bcd0b9b2e5d3a6d5e2f61e4c9c178fd97dd8cf05314
20221124,3385451.347199997,-0.011229340817061223,2,Main,"fee=0.03%, tax=0.10%",0.0003,0.001,962ee2b19f04a8163c755bcd0b9b2e5d3a6d5e2f61e4c9c178fd97dd8cf05314
20221125,3388600.0057999967,0.0009300557819576678,1,Main,"fee=0.03%, tax=0.10%",0.0003,0.001,962ee2b19f04a8163c755bcd0b9b2e5d3a6d5e2f61e4c9c178fd97dd8cf05314
20221128,3399911.1506999964,0.003337999433582995,1,Main,"fee=0.03%, tax=0.10%",0.0003,0.001,962ee2b19f04a8163c755bcd0b9b2e5d3a6d5e2f61e4c9c178fd97dd8cf05314
20221129,3367509.027299996,-0.009530285340935814,4,Main,"fee=0.03%, tax=0.10%",0.0003,0.001,962ee2b19f04a8163c755bcd0b9b2e5d3a6d5e2f61e4c9c178fd97dd8cf05314
20221130,3386767.231199996,0.005718827698419249,4,Main,"fee=0.03%, tax=0.10%",0.0003,0.001,962ee2b19f04a8163c755bcd0b9b2e5d3a6d5e2f61e4c9c178fd97dd8cf05314
20221201,3405962.998499996,0.005667873222334953,3,Main,"fee=0.03%, tax=0.10%",0.0003,0.001,962ee2b19f04a8163c755bcd0b9b2e5d3a6d5e2f61e4c9c178fd97dd8cf05314
20221202,3497752.8823999963,0.02694975956592159,2,Main,"fee=0.03%, tax=0.10%",0.0003,0.001,962ee2b19f04a8163c755bcd0b9b2e5d3a6d5e2f61e4c9c178fd97dd8cf05314
20221205,3445178.6506999964,-0.015030859373897759,2,Main,"fee=0.03%, tax=0.10%",0.0003,0.001,962ee2b19f04a8163c755bcd0b9b2e5d3a6d5e2f61e4c9c178fd97dd8cf05314
20221206,3412585.2216999964,-0.009460591831247306,1,Main,"fee=0.03%, tax=0.10%",0.0003,0.001,962ee2b19f04a8163c755bcd0b9b2e5d3a6d5e2f61e4c9c178fd97dd8cf05314
20221207,3489997.6816999963,0.02268440345687149,4,Main,"fee=0.03%, tax=0.10%",0.0003,0.001,962ee2b19f04a8163c755bcd0b9b2e5d3a6d5e2f61e4c9c178fd97dd8cf05314
20221208,3501255.8668999965,0.0032258431743473997,4,Main,"fee=0.03%, tax=0.10%",0.0003,0.001,962ee2b19f04a8163c755bcd0b9b2e5d3a6d5e2f61e4c9c178fd97dd8cf05314
20221209,3543457.8787999963,0.0120533926980222,3,Main,"fee=0.03%, tax=0.10%",0.0003,0.001,962ee2b19f04a8163c755bcd0b9b2e5d3a6d5e2f61e4c9c178fd97dd8cf05314
20221212,3475146.5489999964,-0.019278154880490297,2,Main,"fee=0.03%, tax=0.10%",0.0003,0.001,962ee2b19f04a8163c755bcd0b9b2e5d3a6d5e2f61e4c9c178fd97dd8cf05314
20221213,3522430.6126999967,0.013606350993631245,2,Main,"fee=0.03%, tax=0.10%",0.0003,0.001,962ee2b19f04a8163c755bcd0b9b2e5d3a6d5e2f61e4c9c178fd97dd8cf05314
20221214,3495296.5207999963,-0.007703229639831472,2,Main,"fee=0.03%, tax=0.10%",0.0003,0.001,962ee2b19f04a8163c755bcd0b9b2e5d3a6d5e2f61e4c9c178fd97dd8cf05314
20221215,3506852.057399996,0.0033060246909624,1,Main,"fee=0.03%, tax=0.10%",0.0003,0.001,962ee2b19f04a8163c755bcd0b9b2e5d3a6d5e2f61e4c9c178fd97dd8cf05314
20221216,3480038.2383999955,-0.007646122095005213,4,Main,"fee=0.03%, tax=0.10%",0.0003,0.001,962ee2b19f04a8163c755bcd0b9b2e5d3a6d5e2f61e4c9c178fd97dd8cf05314
20221219,3440831.5657999953,-0.011266161436785268,3,Main,"fee=0.03%, tax=0.10%",0.0003,0.001,962ee2b19f04a8163c755bcd0b9b2e5d3a6d5e2f61e4c9c178fd97dd8cf05314
20221220,3414392.7598999953,-0.007683841941810656,3,Main,"fee=0.03%, tax=0.10%",0.0003,0.001,962ee2b19f04a8163c755bcd0b9b2e5d3a6d5e2f61e4c9c178fd97dd8cf05314
20221221,3355194.390099996,-0.017337891087179258,4,Main,"fee=0.03%, tax=0.10%",0.0003,0.001,962ee2b19f04a8163c755bcd0b9b2e5d3a6d5e2f61e4c9c178fd97dd8cf05314
20221222,3344516.2297999957,-0.00318257574926437,4,Main,"fee=0.03%, tax=0.10%",0.0003,0.001,962ee2b19f04a8163c755bcd0b9b2e5d3a6d5e2f61e4c9c178fd97dd8cf05314
20221223,3466664.4032999957,0.03652192577558656,4,Main,"fee=0.03%, tax=0.10%",0.0003,0.001,962ee2b19f04a8163c755bcd0b9b2e5d3a6d5e2f61e4c9c178fd97dd8cf05314
20221226,3500116.6118999957,0.009649681857913936,1,Main,"fee=0.03%, tax=0.10%",0.0003,0.001,962ee2b19f04a8163c755bcd0b9b2e5d3a6d5e2f61e4c9c178fd97dd8cf05314
20221227,3465276.339899996,-0.009954031783268862,1,Main,"fee=0.03%, tax=0.10%",0.0003,0.001,962ee2b19f04a8163c755bcd0b9b2e5d3a6d5e2f61e4c9c178fd97dd8cf05314
20221228,3490423.9950999953,0.007257041786377472,2,Main,"fee=0.03%, tax=0.10%",0.0003,0.001,962ee2b19f04a8163c755bcd0b9b2e5d3a6d5e2f61e4c9c178fd97dd8cf05314
20221229,3490116.424299995,-8.811846366863078e-05,4,Main,"fee=0.03%, tax=0.10%",0.0003,0.001,962ee2b19f04a8163c755bcd0b9b2e5d3a6d5e2f61e4c9c178fd97dd8cf05314
20221230,3607617.817099995,0.03366689775214792,4,Main,"fee=0.03%, tax=0.10%",0.0003,0.001,962ee2b19f04a8163c755bcd0b9b2e5d3a6d5e2f61e4c9c178fd97dd8cf05314
20230103,3607577.357999995,-1.1214907468390848e-05,4,Main,"fee=0.03%, tax=0.10%",0.0003,0.001,962ee2b19f04a8163c755bcd0b9b2e5d3a6d5e2f61e4c9c178fd97dd8cf05314
20230104,3673354.3649999946,0.01823301359127774,1,Main,"fee=0.03%, tax=0.10%",0.0003,0.001,962ee2b19f04a8163c755bcd0b9b2e5d3a6d5e2f61e4c9c178fd97dd8cf05314
20230105,3633422.939999995,-0.010870561626307968,1,Main,"fee=0.03%, tax=0.10%",0.0003,0.001,962ee2b19f04a8163c755bcd0b9b2e5d3a6d5e2f61e4c9c178fd97dd8cf05314
20230106,3627611.4124999945,-0.0015994635350654568,1,Main,"fee=0.03%, tax=0.10%",0.0003,0.001,962ee2b19f04a8163c755bcd0b9b2e5d3a6d5e2f61e4c9c178fd97dd8cf05314
20230109,3651381.8955999943,0.0065526541839877606,4,Main,"fee=0.03%, tax=0.10%",0.0003,0.001,962ee2b19f04a8163c755bcd0b9b2e5d3a6d5e2f61e4c9c178fd97dd8cf05314
20230110,3634898.2915999945,-0.004514346751804562,4,Main,"fee=0.03%, tax=0.10%",0.0003,0.001,962ee2b19f04a8163c755bcd0b9b2e5d3a6d5e2f61e4c9c178fd97dd8cf05314
20230111,3664591.790799994,0.008169004142046883,4,Main,"fee=0.03%, tax=0.10%",0.0003,0.001,962ee2b19f04a8163c755bcd0b9b2e5d3a6d5e2f61e4c9c178fd97dd8cf05314
20230112,3664591.790799994,0.0,0,Main,"fee=0.03%, tax=0.10%",0.0003,0.001,962ee2b19f04a8163c755bcd0b9b2e5d3a6d5e2f61e4c9c178fd97dd8cf05314
20230113,3664591.790799994,0.0,0,Main,"fee=0.03%, tax=0.10%",0.0003,0.001,962ee2b19f04a8163c755bcd0b9b2e5d3a6d5e2f61e4c9c178fd97dd8cf05314
20230116,3654633.9178999937,-0.0027173211829485833,1,Main,"fee=0.03%, tax=0.10%",0.0003,0.001,962ee2b19f04a8163c755bcd0b9b2e5d3a6d5e2f61e4c9c178fd97dd8cf05314
20230117,3740837.515399993,0.023587478099457104,1,Main,"fee=0.03%, tax=0.10%",0.0003,0.001,962ee2b19f04a8163c755bcd0b9b2e5d3a6d5e2f61e4c9c178fd97dd8cf05314
20230118,3779488.118599993,0.010332072173914639,4,Main,"fee=0.03%, tax=0.10%",0.0003,0.001,962ee2b19f04a8163c755bcd0b9b2e5d3a6d5e2f61e4c9c178fd97dd8cf05314
20230119,3998336.9570999937,0.05790435943507266,2,Main,"fee=0.03%, tax=0.10%",0.0003,0.001,962ee2b19f04a8163c755bcd0b9b2e5d3a6d5e2f61e4c9c178fd97dd8cf05314
20230120,4103363.241299994,0.02626749204153519,2,Main,"fee=0.03%, tax=0.10%",0.0003,0.001,962ee2b19f04a8163c755bcd0b9b2e5d3a6d5e2f61e4c9c178fd97dd8cf05314
20230130,4173238.6025999943,0.01702880227534112,1,Main,"fee=0.03%, tax=0.10%",0.0003,0.001,962ee2b19f04a8163c755bcd0b9b2e5d3a6d5e2f61e4c9c178fd97dd8cf05314
20230131,4314035.179799994,0.03373796482958862,3,Main,"fee=0.03%, tax=0.10%",0.0003,0.001,962ee2b19f04a8163c755bcd0b9b2e5d3a6d5e2f61e4c9c178fd97dd8cf05314
20230201,4449009.165099994,0.03128717770592159,4,Main,"fee=0.03%, tax=0.10%",0.0003,0.001,962ee2b19f04a8163c755bcd0b9b2e5d3a6d5e2f61e4c9c178fd97dd8cf05314
20230202,4382289.988499994,-0.014996412487385905,4,Main,"fee=0.03%, tax=0.10%",0.0003,0.001,962ee2b19f04a8163c755bcd0b9b2e5d3a6d5e2f61e4c9c178fd97dd8cf05314
20230203,4333955.8639999945,-0.011029421746812358,2,Main,"fee=0.03%, tax=0.10%",0.0003,0.001,962ee2b19f04a8163c755bcd0b9b2e5d3a6d5e2f61e4c9c178fd97dd8cf05314
20230206,4545917.298699995,0.04890715119197632,2,Main,"fee=0.03%, tax=0.10%",0.0003,0.001,962ee2b19f04a8163c755bcd0b9b2e5d3a6d5e2f61e4c9c178fd97dd8cf05314
20230207,4467121.211899994,-0.017333374459437285,2,Main,"fee=0.03%, tax=0.10%",0.0003,0.001,962ee2b19f04a8163c755bcd0b9b2e5d3a6d5e2f61e4c9c178fd97dd8cf05314
20230208,4475062.2181999935,0.0017776563301764553,3,Main,"fee=0.03%, tax=0.10%",0.0003,0.001,962ee2b19f04a8163c755bcd0b9b2e5d3a6d5e2f61e4c9c178fd97dd8cf05314
20230209,4417361.125799994,-0.012893919589616038,3,Main,"fee=0.03%, tax=0.10%",0.0003,0.001,962ee2b19f04a8163c755bcd0b9b2e5d3a6d5e2f61e4c9c178fd97dd8cf05314
20230210,4568244.708099994,0.03415694981756207,4,Main,"fee=0.03%, tax=0.10%",0.0003,0.001,962ee2b19f04a8163c755bcd0b9b2e5d3a6d5e2f61e4c9c178fd97dd8cf05314
20230213,4535712.864799993,-0.0071213004947651495,1,Main,"fee=0.03%, tax=0.10%",0.0003,0.001,962ee2b19f04a8163c755bcd0b9b2e5d3a6d5e2f61e4c9c178fd97dd8cf05314
20230214,4535712.864799993,0.0,0,Main,"fee=0.03%, tax=0.10%",0.0003,0.001,962ee2b19f04a8163c755bcd0b9b2e5d3a6d5e2f61e4c9c178fd97dd8cf05314
20230215,4409470.854199993,-0.027832892946049938,3,Main,"fee=0.03%, tax=0.10%",0.0003,0.001,962ee2b19f04a8163c755bcd0b9b2e5d3a6d5e2f61e4c9c178fd97dd8cf05314
20230216,4409470.854199993,0.0,0,Main,"fee=0.03%, tax=0.10%",0.0003,0.001,962ee2b19f04a8163c755bcd0b9b2e5d3a6d5e2f61e4c9c178fd97dd8cf05314
20230217,4409470.854199993,0.0,0,Main,"fee=0.03%, tax=0.10%",0.0003,0.001,962ee2b19f04a8163c755bcd0b9b2e5d3a6d5e2f61e4c9c178fd97dd8cf05314
20230220,4843219.033299994,0.09836739904672641,1,Main,"fee=0.03%, tax=0.10%",0.0003,0.001,962ee2b19f04a8163c755bcd0b9b2e5d3a6d5e2f61e4c9c178fd97dd8cf05314
20230221,4839573.783399994,-0.0007526502260040114,1,Main,"fee=0.03%, tax=0.10%",0.0003,0.001,962ee2b19f04a8163c755bcd0b9b2e5d3a6d5e2f61e4c9c178fd97dd8cf05314
20230222,4966997.824799993,0.026329599899286803,1,Main,"fee=0.03%, tax=0.10%",0.0003,0.001,962ee2b19f04a8163c755bcd0b9b2e5d3a6d5e2f61e4c9c178fd97dd8cf05314
20230223,5181540.009399993,0.0431935330289055,1,Main,"fee=0.03%, tax=0.10%",0.0003,0.001,962ee2b19f04a8163c755bcd0b9b2e5d3a6d5e2f61e4c9c178fd97dd8cf05314
20230224,5160281.638799993,-0.00410271281538588,4,Main,"fee=0.03%, tax=0.10%",0.0003,0.001,962ee2b19f04a8163c755bcd0b9b2e5d3a6d5e2f61e4c9c178fd97dd8cf05314
20230227,5194549.448499993,0.0066406859351128295,4,Main,"fee=0.03%, tax=0.10%",0.0003,0.001,962ee2b19f04a8163c755bcd0b9b2e5d3a6d5e2f61e4c9c178fd97dd8cf05314
20230228,5156625.831699993,-0.007300655653773975,4,Main,"fee=0.03%, tax=0.10%",0.0003,0.001,962ee2b19f04a8163c755bcd0b9b2e5d3a6d5e2f61e4c9c178fd97dd8cf05314
20230301,5213148.841599993,0.010961239334552593,2,Main,"fee=0.03%, tax=0.10%",0.0003,0.001,962ee2b19f04a8163c755bcd0b9b2e5d3a6d5e2f61e4c9c178fd97dd8cf05314
20230302,5209308.886099992,-0.0007365904210060014,2,Main,"fee=0.03%, tax=0.10%",0.0003,0.001,962ee2b19f04a8163c755bcd0b9b2e5d3a6d5e2f61e4c9c178fd97dd8cf05314
20230303,5209308.886099992,0.0,0,Main,"fee=0.03%, tax=0.10%",0.0003,0.001,962ee2b19f04a8163c755bcd0b9b2e5d3a6d5e2f61e4c9c178fd97dd8cf05314
20211207,1009079.9075,0.009079907499999972,3,Main,"fee=0.05%, tax=0.10%",0.0005,0.001,962ee2b19f04a8163c755bcd0b9b2e5d3a6d5e2f61e4c9c178fd97dd8cf05314
20211208,1003738.7024999999,-0.0052931437444165685,3,Main,"fee=0.05%, tax=0.10%",0.0005,0.001,962ee2b19f04a8163c755bcd0b9b2e5d3a6d5e2f61e4c9c178fd97dd8cf05314
20211209,1076034.9745,0.07202698453285966,1,Main,"fee=0.05%, tax=0.10%",0.0005,0.001,962ee2b19f04a8163c755bcd0b9b2e5d3a6d5e2f61e4c9c178fd97dd8cf05314
20211210,1090344.1045,0.013298015714265138,4,Main,"fee=0.05%, tax=0.10%",0.0005,0.001,962ee2b19f04a8163c755bcd0b9b2e5d3a6d5e2f61e4c9c178fd97dd8cf05314
20211213,1056300.5544999999,-0.03122275789771104,2,Main,"fee=0.05%, tax=0.10%",0.0005,0.001,962ee2b19f04a8163c755bcd0b9b2e5d3a6d5e2f61e4c9c178fd97dd8cf05314
20211214,1115416.7364999999,0.05596530433327538,2,Main,"fee=0.05%, tax=0.10%",0.0005,0.001,962ee2b19f04a8163c755bcd0b9b2e5d3a6d5e2f61e4c9c178fd97dd8cf05314
20211215,1115416.7364999999,0.0,0,Main,"fee=0.05%, tax=0.10%",0.0005,0.001,962ee2b19f04a8163c755bcd0b9b2e5d3a6d5e2f61e4c9c178fd97dd8cf05314
20211216,1115416.7364999999,0.0,0,Main,"fee=0.05%, tax=0.10%",0.0005,0.001,962ee2b19f04a8163c755bcd0b9b2e5d3a6d5e2f61e4c9c178fd97dd8cf05314
20211217,1101390.13,-0.01257521609727074,3,Main,"fee=0.05%, tax=0.10%",0.0005,0.001,962ee2b19f04a8163c755bcd0b9b2e5d3a6d5e2f61e4c9c178fd97dd8cf05314
20211220,1154192.609,0.04794166713660314,3,Main,"fee=0.05%, tax=0.10%",0.0005,0.001,962ee2b19f04a8163c755bcd0b9b2e5d3a6d5e2f61e4c9c178fd97dd8cf05314
20211221,1142506.501,-0.010124920146668525,1,Main,"fee=0.05%, tax=0.10%",0.0005,0.001,962ee2b19f04a8163c755bcd0b9b2e5d3a6d5e2f61e4c9c178fd97dd8cf05314
20211222,1181844.6975,0.03443148591764563,1,Main,"fee=0.05%, tax=0.10%",0.0005,0.001,962ee2b19f04a8163c755bcd0b9b2e5d3a6d5e2f61e4c9c178fd97dd8cf05314
20211223,1197752.3320000002,0.013460004122073035,4,Main,"fee=0.05%, tax=0.10%",0.0005,0.001,962ee2b19f04a8163c755bcd0b9b2e5d3a6d5e2f61e4c9c178fd97dd8cf05314
20211224,1230910.0300000003,0.027683267328424695,4,Main,"fee=0.05%, tax=0.10%",0.0005,0.001,962ee2b19f04a8163c755bcd0b9b2e5d3a6d5e2f61e4c9c178fd97dd8cf05314
20211227,1194016.0765000002,-0.029972908336769386,2,Main,"fee=0.05%, tax=0.10%",0.0005,0.001,962ee2b19f04a8163c755bcd0b9b2e5d3a6d5e2f61e4c9c178fd97dd8cf05314
20211228,1213613.2120000003,0.016412790318070802,3,Main,"fee=0.05%, tax=0.10%",0.0005,0.001,962ee2b19f04a8163c755bcd0b9b2e5d3a6d5e2f61e4c9c178fd97dd8cf05314
20211229,1228518.6530000004,0.012281871071126823,3,Main,"fee=0.05%, tax=0.10%",0.0005,0.001,962ee2b19f04a8163c755bcd0b9b2e5d3a6d5e2f61e4c9c178fd97dd8cf05314
20211230,1224727.4945000005,-0.0030859592491672993,3,Main,"fee=0.05%, tax=0.10%",0.0005,0.001,962ee2b19f04a8163c755bcd0b9b2e5d3a6d5e2f61e4c9c178fd97dd8cf05314
20211231,1234292.5870000003,0.007809976131796388,1,Main,"fee=0.05%, tax=0.10%",0.0005,0.001,962ee2b19f04a8163c755bcd0b9b2e5d3a6d5e2f61e4c9c178fd97dd8cf05314
20220104,1233313.399,-0.0007933191937742024,1,Main,"fee=0.05%, tax=0.10%",0.0005,0.001,962ee2b19f04a8163c755bcd0b9b2e5d3a6d5e2f61e4c9c178fd97dd8cf05314
20220105,1299526.0929999999,0.05368683584698483,1,Main,"fee=0.05%, tax=0.10%",0.0005,0.001,962ee2b19f04a8163c755bcd0b9b2e5d3a6d5e2f61e4c9c178fd97dd8cf05314
20220106,1289211.966,-0.007936837171302464,4,Main,"fee=0.05%, tax=0.10%",0.0005,0.001,962ee2b19f04a8163c755bcd0b9b2e5d3a6d5e2f61e4c9c178fd97dd8cf05314
20220107,1280156.724,-0.0070238581698054805,4,Main,"fee=0.05%, tax=0.10%",0.0005,0.001,962ee2b19f04a8163c755bcd0b9b2e5d3a6d5e2f61e4c9c178fd97dd8cf05314
20220110,1262483.0074999998,-0.013805900612525391,3,Main,"fee=0.05%, tax=0.10%",0.0005,0.001,962ee2b19f04a8163c755bcd0b9b2e5d3a6d5e2f61e4c9c178fd97dd8cf05314
20220111,1279267.8795,0.013295127063324223,4,Main,"fee=0.05%, tax=0.10%",0.0005,0.001,962ee2b19f04a8163c755bcd0b9b2e5d3a6d5e2f61e4c9c178fd97dd8cf05314
20220112,1278172.5635,-0.0008562053480371997,1,Main,"fee=0.05%, tax=0.10%",0.0005,0.001,962ee2b19f04a8163c755bcd0b9b2e5d3a6d5e2f61e4c9c178fd97dd8cf05314
20220113,1243891.1494999998,-0.02682064611536321,1,Main,"fee=0.05%, tax=0.10%",0.0005,0.001,962ee2b19f04a8163c755bcd0b9b2e5d3a6d5e2f61e4c9c178fd97dd8cf05314
20220114,1365293.4904999996,0.09759884620836737,1,Main,"fee=0.05%, tax=0.10%",0.0005,0.001,962ee2b19f04a8163c755bcd0b9b2e5d3a6d5e2f61e4c9c178fd97dd8cf05314
20220117,1316146.1724999996,-0.03599762127482287,1,Main,"fee=0.05%, tax=0.10%",0.0005,0.001,962ee2b19f04a8163c755bcd0b9b2e5d3a6d5e2f61e4c9c178fd97dd8cf05314
20220118,1314912.7734999997,-0.0009371291926163134,2,Main,"fee=0.05%, tax=0.10%",0.0005,0.001,962ee2b19f04a8163c755bcd0b9b2e5d3a6d5e2f61e4c9c178fd97dd8cf05314
20220119,1281187.221,-0.02564850930014923,4,Main,"fee=0.05%, tax=0.10%",0.0005,0.001,962ee2b19f04a8163c755bcd0b9b2e5d3a6d5e2f61e4c9c178fd97dd8cf05314
20220120,1226791.432,-0.04245733028584421,4,Main,"fee=0.05%, tax=0.10%",0.0005,0.001,962ee2b19f04a8163c755bcd0b9b2e5d3a6d5e2f61e4c9c178fd97dd8cf05314
20220121,1224183.4565,-0.0021258507615660805,4,Main,"fee=0.05%, tax=0.10%",0.0005,0.001,962ee2b19f04a8163c755bcd0b9b2e5d3a6d5e2f61e4c9c178fd97dd8cf05314
20220124,1143147.905,-0.06619559435289596,3,Main,"fee=0.05%, tax=0.10%",0.0005,0.001,962ee2b19f04a8163c755bcd0b9b2e5d3a6d5e2f61e4c9c178fd97dd8cf05314
20220125,1166074.1235,0.020055338770882808,3,Main,"fee=0.05%, tax=0.10%",0.0005,0.001,962ee2b19f04a8163c755bcd0b9b2e5d3a6d5e2f61e4c9c178fd97dd8cf05314
20220126,1173556.7415,0.006416931693450804,1,Main,"fee=0.05%, tax=0.10%",0.0005,0.001,962ee2b19f04a8163c755bcd0b9b2e5d3a6d5e2f61e4c9c178fd97dd8cf05314
20220127,1158731.7415,-0.0126325378873894,1,Main,"fee=0.05%, tax=0.10%",0.0005,0.001,962ee2b19f04a8163c755bcd0b9b2e5d3a6d5e2f61e4c9c178fd97dd8cf05314
20220128,1178055.9415,0.01667702653504979,1,Main,"fee=0.05%, tax=0.10%",0.0005,0.001,962ee2b19f04a8163c755bcd0b9b2e5d3a6d5e2f61e4c9c178fd97dd8cf05314
20220207,1191258.567,0.011207129504554247,1,Main,"fee=0.05%, tax=0.10%",0.0005,0.001,962ee2b19f04a8163c755bcd0b9b2e5d3a6d5e2f61e4c9c178fd97dd8cf05314
20220208,1245695.263,0.04569679287771283,4,Main,"fee=0.05%, tax=0.10%",0.0005,0.001,962ee2b19f04a8163c755bcd0b9b2e5d3a6d5e2f61e4c9c178fd97dd8cf05314
20220209,1221574.4525000001,-0.01936333164012353,2,Main,"fee=0.05%, tax=0.10%",0.0005,0.001,962ee2b19f04a8163c755bcd0b9b2e5d3a6d5e2f61e4c9c178fd97dd8cf05314
20220210,1217063.341,-0.0036928666040518024,2,Main,"fee=0.05%, tax=0.10%",0.0005,0.001,962ee2b19f04a8163c755bcd0b9b2e5d3a6d5e2f61e4c9c178fd97dd8cf05314
20220216,1210598.185,-0.005312094927358394,1,Main,"fee=0.05%, tax=0.10%",0.0005,0.001,962ee2b19f04a8163c755bcd0b9b2e5d3a6d5e2f61e4c9c178fd97dd8cf05314
20220217,1210598.185,0.0,0,Main,"fee=0.05%, tax=0.10%",0.0005,0.001,962ee2b19f04a8163c755bcd0b9b2e5d3a6d5e2f61e4c9c178fd97dd8cf05314
20220218,1223923.2715,0.011007026662608102,4,Main,"fee=0.05%, tax=0.10%",0.0005,0.001,962ee2b19f04a8163c755bcd0b9b2e5d3a6d5e2f61e4c9c178fd97dd8cf05314
20220221,1245819.798,0.017890440528321894,3,Main,"fee=0.05%, tax=0.10%",0.0005,0.001,962ee2b19f04a8163c755bcd0b9b2e5d3a6d5e2f61e4c9c178fd97dd8cf05314
20220222,1275717.1775,0.02399815731616752,3,Main,"fee=0.05%, tax=0.10%",0.0005,0.001,962ee2b19f04a8163c755bcd0b9b2e5d3a6d5e2f61e4c9c178fd97dd8cf05314
20220223,1272822.9529999997,-0.0022687038718660225,3,Main,"fee=0.05%, tax=0.10%",0.0005,0.001,962ee2b19f04a8163c755bcd0b9b2e5d3a6d5e2f61e4c9c178fd97dd8cf05314
20220224,1253205.8454999998,-0.0154122829524429,1,Main,"fee=0.05%, tax=0.10%",0.0005,0.001,962ee2b19f04a8163c755bcd0b9b2e5d3a6d5e2f61e4c9c178fd97dd8cf05314
20220225,1309526.2514999998,0.04494106550989589,1,Main,"fee=0.05%, tax=0.10%",0.0005,0.001,962ee2b19f04a8163c755bcd0b9b2e5d3a6d5e2f61e4c9c178fd97dd8cf05314
20220228,1324836.1804999998,0.01169119670755986,4,Main,"fee=0.05%, tax=0.10%",0.0005,0.001,962ee2b19f04a8163c755bcd0b9b2e5d3a6d5e2f61e4c9c178fd97dd8cf05314
20220301,1322887.072,-0.001471207179188187,4,Main,"fee=0.05%, tax=0.10%",0.0005,0.001,962ee2b19f04a8163c755bcd0b9b2e5d3a6d5e2f61e4c9c178fd97dd8cf05314
20220302,1293129.613,-0.022494330491121494,3,Main,"fee=0.05%, tax=0.10%",0.0005,0.001,962ee2b19f04a8163c755bcd0b9b2e5d3a6d5e2f61e4c9c178fd97dd8cf05314
20220303,1276746.5195,-0.012669335954647231,2,Main,"fee=0.05%, tax=0.10%",0.0005,0.001,962ee2b19f04a8163c755bcd0b9b2e5d3a6d5e2f61e4c9c178fd97dd8cf05314
20220304,1241458.1099999999,-0.02763932304575205,2,Main,"fee=0.05%, tax=0.10%",0.0005,0.001,962ee2b19f04a8163c755bcd0b9b2e5d3a6d5e2f61e4c9c178fd97dd8cf05314
20220307,1272458.8069999998,0.024971198585186198,2,Main,"fee=0.05%, tax=0.10%",0.0005,0.001,962ee2b19f04a8163c755bcd0b9b2e5d3a6d5e2f61e4c9c178fd97dd8cf05314
20220308,1272458.8069999998,0.0,0,Main,"fee=0.05%, tax=0.10%",0.0005,0.001,962ee2b19f04a8163c755bcd0b9b2e5d3a6d5e2f61e4c9c178fd97dd8cf05314
20220309,1272458.8069999998,0.0,0,Main,"fee=0.05%, tax=0.10%",0.0005,0.001,962ee2b19f04a8163c755bcd0b9b2e5d3a6d5e2f61e4c9c178fd97dd8cf05314
20220310,1264877.7144999998,-0.005957829407360948,4,Main,"fee=0.05%, tax=0.10%",0.0005,0.001,962ee2b19f04a8163c755bcd0b9b2e5d3a6d5e2f61e4c9c178fd97dd8cf05314
20220311,1236636.7909999997,-0.02232699902627626,1,Main,"fee=0.05%, tax=0.10%",0.0005,0.001,962ee2b19f04a8163c755bcd0b9b2e5d3a6d5e2f61e4c9c178fd97dd8cf05314
20220314,1207865.9264999996,-0.023265412050966668,1,Main,"fee=0.05%, tax=0.10%",0.0005,0.001,962ee2b19f04a8163c755bcd0b9b2e5d3a6d5e2f61e4c9c178fd97dd8cf05314
20220315,1207865.9264999996,0.0,0,Main,"fee=0.05%, tax=0.10%",0.0005,0.001,962ee2b19f04a8163c755bcd0b9b2e5d3a6d5e2f61e4c9c178fd97dd8cf05314
20220316,1207865.9264999996,0.0,0,Main,"fee=0.05%, tax=0.10%",0.0005,0.001,962ee2b19f04a8163c755bcd0b9b2e5d3a6d5e2f61e4c9c178fd97dd8cf05314
20220317,1199716.2969999996,-0.0067471308869644165,4,Main,"fee=0.05%, tax=0.10%",0.0005,0.001,962ee2b19f04a8163c755bcd0b9b2e5d3a6d5e2f61e4c9c178fd97dd8cf05314
20220318,1175958.1909999996,-0.01980310349989346,4,Main,"fee=0.05%, tax=0.10%",0.0005,0.001,962ee2b19f04a8163c755bcd0b9b2e5d3a6d5e2f61e4c9c178fd97dd8cf05314
20220321,1178320.0504999997,0.002008455332915846,1,Main,"fee=0.05%, tax=0.10%",0.0005,0.001,962ee2b19f04a8163c755bcd0b9b2e5d3a6d5e2f61e4c9c178fd97dd8cf05314
20220322,1206995.8864999998,0.024336203044183144,1,Main,"fee=0.05%, tax=0.10%",0.0005,0.001,962ee2b19f04a8163c755bcd0b9b2e5d3a6d5e2f61e4c9c178fd97dd8cf05314
20220323,1206995.8864999998,0.0,0,Main,"fee=0.05%, tax=0.10%",0.0005,0.001,962ee2b19f04a8163c755bcd0b9b2e5d3a6d5e2f61e4c9c178fd97dd8cf05314
20220324,1206995.8864999998,0.0,0,Main,"fee=0.05%, tax=0.10%",0.0005,0.001,962ee2b19f04a8163c755bcd0b9b2e5d3a6d5e2f61e4c9c178fd97dd8cf05314
20220325,1206995.8864999998,0.0,0,Main,"fee=0.05%, tax=0.10%",0.0005,0.001,962ee2b19f04a8163c755bcd0b9b2e5d3a6d5e2f61e4c9c178fd97dd8cf05314
20220328,1204035.5729999996,-0.0024526293197107466,4,Main,"fee=0.05%, tax=0.10%",0.0005,0.001,962ee2b19f04a8163c755bcd0b9b2e5d3a6d5e2f61e4c9c178fd97dd8cf05314
20220329,1219484.9669999997,0.012831343480580114,4,Main,"fee=0.05%, tax=0.10%",0.0005,0.001,962ee2b19f04a8163c755bcd0b9b2e5d3a6d5e2f61e4c9c178fd97dd8cf05314
20220330,1235943.7174999998,0.013496476746646181,1,Main,"fee=0.05%, tax=0.10%",0.0005,0.001,962ee2b19f04a8163c755bcd0b9b2e5d3a6d5e2f61e4c9c178fd97dd8cf05314
20220331,1235186.1849999998,-0.0006129182820171357,1,Main,"fee=0.05%, tax=0.10%",0.0005,0.001,962ee2b19f04a8163c755bcd0b9b2e5d3a6d5e2f61e4c9c178fd97dd8cf05314
20220401,1235186.1849999998,0.0,0,Main,"fee=0.05%, tax=0.10%",0.0005,0.001,962ee2b19f04a8163c755bcd0b9b2e5d3a6d5e2f61e4c9c178fd97dd8cf05314
20220406,1235186.1849999998,0.0,0,Main,"fee=0.05%, tax=0.10%",0.0005,0.001,962ee2b19f04a8163c755bcd0b9b2e5d3a6d5e2f61e4c9c178fd97dd8cf05314
20220407,1213513.9255,-0.01754574311402287,2,Main,"fee=0.05%, tax=0.10%",0.0005,0.001,962ee2b19f04a8163c755bcd0b9b2e5d3a6d5e2f61e4c9c178fd97dd8cf05314
20220408,1202166.5304999999,-0.009350856847666244,4,Main,"fee=0.05%, tax=0.10%",0.0005,0.001,962ee2b19f04a8163c755bcd0b9b2e5d3a6d5e2f61e4c9c178fd97dd8cf05314
20220411,1165040.1829999997,-0.030882865691293802,1,Main,"fee=0.05%, tax=0.10%",0.0005,0.001,962ee2b19f04a8163c755bcd0b9b2e5d3a6d5e2f61e4c9c178fd97dd8cf05314
20220412,1158291.3854999999,-0.005792759424504649,1,Main,"fee=0.05%, tax=0.10%",0.0005,0.001,962ee2b19f04a8163c755bcd0b9b2e5d3a6d5e2f61e4c9c178fd97dd8cf05314
20220413,1158291.3854999999,0.0,0,Main,"fee=0.05%, tax=0.10%",0.0005,0.001,962ee2b19f04a8163c755bcd0b9b2e5d3a6d5e2f61e4c9c178fd97dd8cf05314
20220414,1158291.3854999999,0.0,0,Main,"fee=0.05%, tax=0.10%",0.0005,0.001,962ee2b19f04a8163c755bcd0b9b2e5d3a6d5e2f61e4c9c178fd97dd8cf05314
20220415,1143417.8784999999,-0.01284090271773845,4,Main,"fee=0.05%, tax=0.10%",0.0005,0.001,962ee2b19f04a8163c755bcd0b9b2e5d3a6d5e2f61e4c9c178fd97dd8cf05314
20220418,1128184.1845,-0.013322945430925324,4,Main,"fee=0.05%, tax=0.10%",0.0005,0.001,962ee2b19f04a8163c755bcd0b9b2e5d3a6d5e2f61e4c9c178fd97dd8cf05314
20220419,1137167.9294999999,0.00796301270965023,4,Main,"fee=0.05%, tax=0.10%",0.0005,0.001,962ee2b19f04a8163c755bcd0b9b2e5d3a6d5e2f61e4c9c178fd97dd8cf05314
20220420,1200797.2094999999,0.05595416327646271,1,Main,"fee=0.05%, tax=0.10%",0.0005,0.001,962ee2b19f04a8163c755bcd0b9b2e5d3a6d5e2f61e4c9c178fd97dd8cf05314
20220421,1162065.4179999998,-0.03225506454676688,3,Main,"fee=0.05%, tax=0.10%",0.0005,0.001,962ee2b19f04a8163c755bcd0b9b2e5d3a6d5e2f61e4c9c178fd97dd8cf05314
20220422,1108788.713,-0.045846562658832905,2,Main,"fee=0.05%, tax=0.10%",0.0005,0.001,962ee2b19f04a8163c755bcd0b9b2e5d3a6d5e2f61e4c9c178fd97dd8cf05314
20220425,1058454.0835000002,-0.04539605148379591,4,Main,"fee=0.05%, tax=0.10%",0.0005,0.001,962ee2b19f04a8163c755bcd0b9b2e5d3a6d5e2f61e4c9c178fd97dd8cf05314
20220426,1100913.5350000004,0.04011458991173158,4,Main,"fee=0.05%, tax=0.10%",0.0005,0.001,962ee2b19f04a8163c755bcd0b9b2e5d3a6d5e2f61e4c9c178fd97dd8cf05314
20220427,1092576.2685000005,-0.007573043872151057,4,Main,"fee=0.05%, tax=0.10%",0.0005,0.001,962ee2b19f04a8163c755bcd0b9b2e5d3a6d5e2f61e4c9c178fd97dd8cf05314
20220428,1172527.0135000006,0.07317635144113518,1,Main,"fee=0.05%, tax=0.10%",0.0005,0.001,962ee2b19f04a8163c755bcd0b9b2e5d3a6d5e2f61e4c9c178fd97dd8cf05314
20220429,1287291.5595000007,0.09787795477515455,1,Main,"fee=0.05%, tax=0.10%",0.0005,0.001,962ee2b19f04a8163c755bcd0b9b2e5d3a6d5e2f61e4c9c178fd97dd8cf05314
20220505,1211255.8940000006,-0.059066390157590465,1,Main,"fee=0.05%, tax=0.10%",0.0005,0.001,962ee2b19f04a8163c755bcd0b9b2e5d3a6d5e2f61e4c9c178fd97dd8cf05314
20220506,1211255.8940000006,0.0,0,Main,"fee=0.05%, tax=0.10%",0.0005,0.001,962ee2b19f04a8163c755bcd0b9b2e5d3a6d5e2f61e4c9c178fd97dd8cf05314
20220509,1195809.7335000006,-0.012752186038072637,4,Main,"fee=0.05%, tax=0.10%",0.0005,0.001,962ee2b19f04a8163c755bcd0b9b2e5d3a6d5e2f61e4c9c178fd97dd8cf05314
20220510,1205992.9665000006,0.008515763599109391,4,Main,"fee=0.05%, tax=0.10%",0.0005,0.001,962ee2b19f04a8163c755bcd0b9b2e5d3a6d5e2f61e4c9c178fd97dd8cf05314
20220511,1214340.4500000004,0.006921668477243024,3,Main,"fee=0.05%, tax=0.10%",0.0005,0.001,962ee2b19f04a8163c755bcd0b9b2e5d3a6d5e2f61e4c9c178fd97dd8cf05314
20220512,1232771.4180000003,0.015177760075438376,3,Main,"fee=0.05%, tax=0.10%",0.0005,0.001,962ee2b19f04a8163c755bcd0b9b2e5d3a6d5e2f61e4c9c178fd97dd8cf05314
20220513,1224499.0715000003,-0.0067103652625404905,3,Main,"fee=0.05%, tax=0.10%",0.0005,0.001,962ee2b19f04a8163c755bcd0b9b2e5d3a6d5e2f61e4c9c178fd97dd8cf05314
20220516,1224499.0715000003,0.0,0,Main,"fee=0.05%, tax=0.10%",0.0005,0.001,962ee2b19f04a8163c755bcd0b9b2e5d3a6d5e2f61e4c9c178fd97dd8cf05314
20220517,1282467.3990000002,0.047340442185055495,2,Main,"fee=0.05%, tax=0.10%",0.0005,0.001,962ee2b19f04a8163c755bcd0b9b2e5d3a6d5e2f61e4c9c178fd97dd8cf05314
20220518,1277997.1320000002,-0.003485676909592921,2,Main,"fee=0.05%, tax=0.10%",0.0005,0.001,962ee2b19f04a8163c755bcd0b9b2e5d3a6d5e2f61e4c9c178fd97dd8cf05314
20220519,1282420.3105000001,0.003461023807680909,2,Main,"fee=0.05%, tax=0.10%",0.0005,0.001,962ee2b19f04a8163c755bcd0b9b2e5d3a6d5e2f61e4c9c178fd97dd8cf05314
20220520,1339753.6325,0.044707122563932535,2,Main,"fee=0.05%, tax=0.10%",0.0005,0.001,962ee2b19f04a8163c755bcd0b9b2e5d3a6d5e2f61e4c9c178fd97dd8cf05314
20220523,1339753.6325,0.0,0,Main,"fee=0.05%, tax=0.10%",0.0005,0.001,962ee2b19f04a8163c755bcd0b9b2e5d3a6d5e2f61e4c9c178fd97dd8cf05314
20220524,1339753.6325,0.0,0,Main,"fee=0.05%, tax=0.10%",0.0005,0.001,962ee2b19f04a8163c755bcd0b9b2e5d3a6d5e2f61e4c9c178fd97dd8cf05314
20220525,1353420.741,0.010201210258707663,1,Main,"fee=0.05%, tax=0.10%",0.0005,0.001,962ee2b19f04a8163c755bcd0b9b2e5d3a6d5e2f61e4c9c178fd97dd8cf05314
20220526,1376117.142,0.016769656554273298,1,Main,"fee=0.05%, tax=0.10%",0.0005,0.001,962ee2b19f04a8163c755bcd0b9b2e5d3a6d5e2f61e4c9c178fd97dd8cf05314
20220527,1391439.118,0.011134209096277665,1,Main,"fee=0.05%, tax=0.10%",0.0005,0.001,962ee2b19f04a8163c755bcd0b9b2e5d3a6d5e2f61e4c9c178fd97dd8cf05314
20220530,1391439.118,0.0,0,Main,"fee=0.05%, tax=0.10%",0.0005,0.001,962ee2b19f04a8163c755bcd0b9b2e5d3a6d5e2f61e4c9c178fd97dd8cf05314
20220531,1391439.118,0.0,0,Main,"fee=0.05%, tax=0.10%",0.0005,0.001,962ee2b19f04a8163c755bcd0b9b2e5d3a6d5e2f61e4c9c178fd97dd8cf05314
20220601,1391439.118,0.0,0,Main,"fee=0.05%, tax=0.10%",0.0005,0.001,962ee2b19f04a8163c755bcd0b9b2e5d3a6d5e2f61e4c9c178fd97dd8cf05314
20220602,1424987.8669999999,0.024110827822795073,4,Main,"fee=0.05%, tax=0.10%",0.0005,0.001,962ee2b19f04a8163c755bcd0b9b2e5d3a6d5e2f61e4c9c178fd97dd8cf05314
20220606,1441821.4064999998,0.011813110756822997,4,Main,"fee=0.05%, tax=0.10%",0.0005,0.001,962ee2b19f04a8163c755bcd0b9b2e5d3a6d5e2f61e4c9c178fd97dd8cf05314
20220607,1474875.3704999997,0.02292514443951691,4,Main,"fee=0.05%, tax=0.10%",0.0005,0.001,962ee2b19f04a8163c755bcd0b9b2e5d3a6d5e2f61e4c9c178fd97dd8cf05314
20220608,1474875.3704999997,0.0,0,Main,"fee=0.05%, tax=0.10%",0.0005,0.001,962ee2b19f04a8163c755bcd0b9b2e5d3a6d5e2f61e4c9c178fd97dd8cf05314
20220609,1469631.0079999997,-0.0035558004458520094,1,Main,"fee=0.05%, tax=0.10%",0.0005,0.001,962ee2b19f04a8163c755bcd0b9b2e5d3a6d5e2f61e4c9c178fd97dd8cf05314
20220610,1613557.9609999997,0.09793407475517828,1,Main,"fee=0.05%, tax=0.10%",0.0005,0.001,962ee2b19f04a8163c755bcd0b9b2e5d3a6d5e2f61e4c9c178fd97dd8cf05314
20220613,1642653.7839999998,0.01803209038860185,1,Main,"fee=0.05%, tax=0.10%",0.0005,0.001,962ee2b19f04a8163c755bcd0b9b2e5d3a6d5e2f61e4c9c178fd97dd8cf05314
20220614,1621049.1359999997,-0.013152283342014357,4,Main,"fee=0.05%, tax=0.10%",0.0005,0.001,962ee2b19f04a8163c755bcd0b9b2e5d3a6d5e2f61e4c9c178fd97dd8cf05314
20220615,1669897.5489999996,0.030133826245720877,4,Main,"fee=0.05%, tax=0.10%",0.0005,0.001,962ee2b19f04a8163c755bcd0b9b2e5d3a6d5e2f61e4c9c178fd97dd8cf05314
20220616,1656946.3759999997,-0.007755669207225092,3,Main,"fee=0.05%, tax=0.10%",0.0005,0.001,962ee2b19f04a8163c755bcd0b9b2e5d3a6d5e2f61e4c9c178fd97dd8cf05314
20220617,1661598.8179999997,0.002807841018507433,3,Main,"fee=0.05%, tax=0.10%",0.0005,0.001,962ee2b19f04a8163c755bcd0b9b2e5d3a6d5e2f61e4c9c178fd97dd8cf05314
20220620,1710967.3959999997,0.029711490803431703,2,Main,"fee=0.05%, tax=0.10%",0.0005,0.001,962ee2b19f04a8163c755bcd0b9b2e5d3a6d5e2f61e4c9c178fd97dd8cf05314
20220621,1710967.3959999997,0.0,0,Main,"fee=0.05%, tax=0.10%",0.0005,0.001,962ee2b19f04a8163c755bcd0b9b2e5d3a6d5e2f61e4c9c178fd97dd8cf05314
20220622,1718522.1649999996,0.0044154955948674645,2,Main,"fee=0.05%, tax=0.10%",0.0005,0.001,962ee2b19f04a8163c755bcd0b9b2e5d3a6d5e2f61e4c9c178fd97dd8cf05314
20220623,1757556.2029999995,0.022713723916386003,4,Main,"fee=0.05%, tax=0.10%",0.0005,0.001,962ee2b19f04a8163c755bcd0b9b2e5d3a6d5e2f61e4c9c178fd97dd8cf05314
20220624,1787474.4204999993,0.017022623486481932,4,Main,"fee=0.05%, tax=0.10%",0.0005,0.001,962ee2b19f04a8163c755bcd0b9b2e5d3a6d5e2f61e4c9c178fd97dd8cf05314
20220627,1819466.9279999994,0.01789816242016543,1,Main,"fee=0.05%, tax=0.10%",0.0005,0.001,962ee2b19f04a8163c755bcd0b9b2e5d3a6d5e2f61e4c9c178fd97dd8cf05314
20220628,1756226.5044999993,-0.03475766584530085,1,Main,"fee=0.05%, tax=0.10%",0.0005,0.001,962ee2b19f04a8163c755bcd0b9b2e5d3a6d5e2f61e4c9c178fd97dd8cf05314
20220629,1742077.5094999992,-0.008056475041087228,3,Main,"fee=0.05%, tax=0.10%",0.0005,0.001,962ee2b19f04a8163c755bcd0b9b2e5d3a6d5e2f61e4c9c178fd97dd8cf05314
20220630,1770716.101999999,0.016439333120269416,3,Main,"fee=0.05%, tax=0.10%",0.0005,0.001,962ee2b19f04a8163c755bcd0b9b2e5d3a6d5e2f61e4c9c178fd97dd8cf05314
20220701,1843196.750999999,0.04093295865900474,4,Main,"fee=0.05%, tax=0.10%",0.0005,0.001,962ee2b19f04a8163c755bcd0b9b2e5d3a6d5e2f61e4c9c178fd97dd8cf05314
20220704,1787038.7054999992,-0.030467743321233646,4,Main,"fee=0.05%, tax=0.10%",0.0005,0.001,962ee2b19f04a8163c755bcd0b9b2e5d3a6d5e2f61e4c9c178fd97dd8cf05314
20220705,1787031.1559999993,-4.224586729279778e-06,4,Main,"fee=0.05%, tax=0.10%",0.0005,0.001,962ee2b19f04a8163c755bcd0b9b2e5d3a6d5e2f61e4c9c178fd97dd8cf05314
20220706,1778617.0964999993,-0.0047084011220227305,1,Main,"fee=0.05%, tax=0.10%",0.0005,0.001,962ee2b19f04a8163c755bcd0b9b2e5d3a6d5e2f61e4c9c178fd97dd8cf05314
20220707,1778617.0964999993,0.0,0,Main,"fee=0.05%, tax=0.10%",0.0005,0.001,962ee2b19f04a8163c755bcd0b9b2e5d3a6d5e2f61e4c9c178fd97dd8cf05314
20220708,1802801.8699999992,0.013597515478509235,3,Main,"fee=0.05%, tax=0.10%",0.0005,0.001,962ee2b19f04a8163c755bcd0b9b2e5d3a6d5e2f61e4c9c178fd97dd8cf05314
20220711,1839815.3964999993,0.020531111663424317,3,Main,"fee=0.05%, tax=0.10%",0.0005,0.001,962ee2b19f04a8163c755bcd0b9b2e5d3a6d5e2f61e4c9c178fd97dd8cf05314
20220712,1946934.9289999993,0.05822297862262727,4,Main,"fee=0.05%, tax=0.10%",0.0005,0.001,962ee2b19f04a8163c755bcd0b9b2e5d3a6d5e2f61e4c9c178fd97dd8cf05314
20220713,2011447.208999999,0.03313530361958996,4,Main,"fee=0.05%, tax=0.10%",0.0005,0.001,962ee2b19f04a8163c755bcd0b9b2e5d3a6d5e2f61e4c9c178fd97dd8cf05314
20220714,2207836.351499999,0.09763574287273274,1,Main,"fee=0.05%, tax=0.10%",0.0005,0.001,962ee2b19f04a8163c755bcd0b9b2e5d3a6d5e2f61e4c9c178fd97dd8cf05314
20220715,2275927.891499999,0.030840845587916332,1,Main,"fee=0.05%, tax=0.10%",0.0005,0.001,962ee2b19f04a8163c755bcd0b9b2e5d3a6d5e2f61e4c9c178fd97dd8cf05314
20220718,2378391.9694999987,0.04502079278639562,2,Main,"fee=0.05%, tax=0.10%",0.0005,0.001,962ee2b19f04a8163c755bcd0b9b2e5d3a6d5e2f61e4c9c178fd97dd8cf05314
20220719,2305919.1669999985,-0.030471345106011242,1,Main,"fee=0.05%, tax=0.10%",0.0005,0.001,962ee2b19f04a8163c755bcd0b9b2e5d3a6d5e2f61e4c9c178fd97dd8cf05314
20220720,2292063.4619999984,-0.006008755726691994,4,Main,"fee=0.05%, tax=0.10%",0.0005,0.001,962ee2b19f04a8163c755bcd0b9b2e5d3a6d5e2f61e4c9c178fd97dd8cf05314
20220721,2302722.9409999982,0.004650603779835405,4,Main,"fee=0.05%, tax=0.10%",0.0005,0.001,962ee2b19f04a8163c755bcd0b9b2e5d3a6d5e2f61e4c9c178fd97dd8cf05314
20220722,2302722.9409999982,0.0,0,Main,"fee=0.05%, tax=0.10%",0.0005,0.001,962ee2b19f04a8163c755bcd0b9b2e5d3a6d5e2f61e4c9c178fd97dd8cf05314
20220725,2414610.3079999983,0.048589157213768414,2,Main,"fee=0.05%, tax=0.10%",0.0005,0.001,962ee2b19f04a8163c755bcd0b9b2e5d3a6d5e2f61e4c9c178fd97dd8cf05314
20220726,2483076.0064999983,0.028354761127773662,2,Main,"fee=0.05%, tax=0.10%",0.0005,0.001,962ee2b19f04a8163c755bcd0b9b2e5d3a6d5e2f61e4c9c178fd97dd8cf05314
20220727,2632655.8939999985,0.06023975388125127,2,Main,"fee=0.05%, tax=0.10%",0.0005,0.001,962ee2b19f04a8163c755bcd0b9b2e5d3a6d5e2f61e4c9c178fd97dd8cf05314
20220728,2632655.8939999985,0.0,0,Main,"fee=0.05%, tax=0.10%",0.0005,0.001,962ee2b19f04a8163c755bcd0b9b2e5d3a6d5e2f61e4c9c178fd97dd8cf05314
20220729,2734883.4669999983,0.0388305867215626,4,Main,"fee=0.05%, tax=0.10%",0.0005,0.001,962ee2b19f04a8163c755bcd0b9b2e5d3a6d5e2f61e4c9c178fd97dd8cf05314
20220801,2523352.3919999986,-0.07734555331238172,1,Main,"fee=0.05%, tax=0.10%",0.0005,0.001,962ee2b19f04a8163c755bcd0b9b2e5d3a6d5e2f61e4c9c178fd97dd8cf05314
20220802,2489860.969999999,-0.013272590109166095,1,Main,"fee=0.05%, tax=0.10%",0.0005,0.001,962ee2b19f04a8163c755bcd0b9b2e5d3a6d5e2f61e4c9c178fd97dd8cf05314
20220803,2489860.969999999,0.0,0,Main,"fee=0.05%, tax=0.10%",0.0005,0.001,962ee2b19f04a8163c755bcd0b9b2e5d3a6d5e2f61e4c9c178fd97dd8cf05314
20220804,2489860.969999999,0.0,0,Main,"fee=0.05%, tax=0.10%",0.0005,0.001,962ee2b19f04a8163c755bcd0b9b2e5d3a6d5e2f61e4c9c178fd97dd8cf05314
20220805,2598352.803999999,0.043573450609172094,4,Main,"fee=0.05%, tax=0.10%",0.0005,0.001,962ee2b19f04a8163c755bcd0b9b2e5d3a6d5e2f61e4c9c178fd97dd8cf05314
20220808,2638279.7144999993,0.015366239118311913,4,Main,"fee=0.05%, tax=0.10%",0.0005,0.001,962ee2b19f04a8163c755bcd0b9b2e5d3a6d5e2f61e4c9c178fd97dd8cf05314
20220809,2587866.1094999993,-0.019108514052898387,2,Main,"fee=0.05%, tax=0.10%",0.0005,0.001,962ee2b19f04a8163c755bcd0b9b2e5d3a6d5e2f61e4c9c178fd97dd8cf05314
20220810,2587866.1094999993,0.0,0,Main,"fee=0.05%, tax=0.10%",0.0005,0.001,962ee2b19f04a8163c755bcd0b9b2e5d3a6d5e2f61e4c9c178fd97dd8cf05314
20220811,2587866.1094999993,0.0,0,Main,"fee=0.05%, tax=0.10%",0.0005,0.001,962ee2b19f04a8163c755bcd0b9b2e5d3a6d5e2f61e4c9c178fd97dd8cf05314
20220812,2586833.420499999,-0.0003990503976265493,2,Main,"fee=0.05%, tax=0.10%",0.0005,0.001,962ee2b19f04a8163c755bcd0b9b2e5d3a6d5e2f61e4c9c178fd97dd8cf05314
20220815,2674834.611499999,0.034018885909936444,4,Main,"fee=0.05%, tax=0.10%",0.0005,0.001,962ee2b19f04a8163c755bcd0b9b2e5d3a6d5e2f61e4c9c178fd97dd8cf05314
20220816,2726071.1659999993,0.019155036457101753,4,Main,"fee=0.05%, tax=0.10%",0.0005,0.001,962ee2b19f04a8163c755bcd0b9b2e5d3a6d5e2f61e4c9c178fd97dd8cf05314
20220817,2726071.1659999993,0.0,0,Main,"fee=0.05%, tax=0.10%",0.0005,0.001,962ee2b19f04a8163c755bcd0b9b2e5d3a6d5e2f61e4c9c178fd97dd8cf05314
20220818,2726071.1659999993,0.0,0,Main,"fee=0.05%, tax=0.10%",0.0005,0.001,962ee2b19f04a8163c755bcd0b9b2e5d3a6d5e2f61e4c9c178fd97dd8cf05314
20220819,2766175.235999999,0.01471130706350747,1,Main,"fee=0.05%, tax=0.10%",0.0005,0.001,962ee2b19f04a8163c755bcd0b9b2e5d3a6d5e2f61e4c9c178fd97dd8cf05314
20220822,2836930.606999999,0.02557877392551418,1,Main,"fee=0.05%, tax=0.10%",0.0005,0.001,962ee2b19f04a8163c755bcd0b9b2e5d3a6d5e2f61e4c9c178fd97dd8cf05314
20220823,2801833.8819999984,-0.012371372395715625,2,Main,"fee=0.05%, tax=0.10%",0.0005,0.001,962ee2b19f04a8163c755bcd0b9b2e5d3a6d5e2f61e4c9c178fd97dd8cf05314
20220824,2856793.4394999985,0.019615566023767624,4,Main,"fee=0.05%, tax=0.10%",0.0005,0.001,962ee2b19f04a8163c755bcd0b9b2e5d3a6d5e2f61e4c9c178fd97dd8cf05314
20220825,2856793.4394999985,0.0,0,Main,"fee=0.05%, tax=0.10%",0.0005,0.001,962ee2b19f04a8163c755bcd0b9b2e5d3a6d5e2f61e4c9c178fd97dd8cf05314
20220826,2856793.4394999985,0.0,0,Main,"fee=0.05%, tax=0.10%",0.0005,0.001,962ee2b19f04a8163c755bcd0b9b2e5d3a6d5e2f61e4c9c178fd97dd8cf05314
20220829,2862554.9289999986,0.0020167679680084005,1,Main,"fee=0.05%, tax=0.10%",0.0005,0.001,962ee2b19f04a8163c755bcd0b9b2e5d3a6d5e2f61e4c9c178fd97dd8cf05314
20220830,2885740.4224999985,0.008099580296298264,1,Main,"fee=0.05%, tax=0.10%",0.0005,0.001,962ee2b19f04a8163c755bcd0b9b2e5d3a6d5e2f61e4c9c178fd97dd8cf05314
20220831,3042817.8164999983,0.05443226728754739,1,Main,"fee=0.05%, tax=0.10%",0.0005,0.001,962ee2b19f04a8163c755bcd0b9b2e5d3a6d5e2f61e4c9c178fd97dd8cf05314
20220901,3042817.8164999983,0.0,0,Main,"fee=0.05%, tax=0.10%",0.0005,0.001,962ee2b19f04a8163c755bcd0b9b2e5d3a6d5e2f61e4c9c178fd97dd8cf05314
20220902,3042817.8164999983,0.0,0,Main,"fee=0.05%, tax=0.10%",0.0005,0.001,962ee2b19f04a8163c755bcd0b9b2e5d3a6d5e2f61e4c9c178fd97dd8cf05314
20220905,3101917.4174999986,0.01942265510591087,1,Main,"fee=0.05%, tax=0.10%",0.0005,0.001,962ee2b19f04a8163c755bcd0b9b2e5d3a6d5e2f61e4c9c178fd97dd8cf05314
20220906,3039296.8454999984,-0.02018769798535431,1,Main,"fee=0.05%, tax=0.10%",0.0005,0.001,962ee2b19f04a8163c755bcd0b9b2e5d3a6d5e2f61e4c9c178fd97dd8cf05314
20220907,2972060.940999998,-0.02212219072959278,2,Main,"fee=0.05%, tax=0.10%",0.0005,0.001,962ee2b19f04a8163c755bcd0b9b2e5d3a6d5e2f61e4c9c178fd97dd8cf05314
20220908,2972060.940999998,0.0,0,Main,"fee=0.05%, tax=0.10%",0.0005,0.001,962ee2b19f04a8163c755bcd0b9b2e5d3a6d5e2f61e4c9c178fd97dd8cf05314
20220909,2972060.940999998,0.0,0,Main,"fee=0.05%, tax=0.10%",0.0005,0.001,962ee2b19f04a8163c755bcd0b9b2e5d3a6d5e2f61e4c9c178fd97dd8cf05314
20220913,2931324.0574999973,-0.013706611105455287,4,Main,"fee=0.05%, tax=0.10%",0.0005,0.001,962ee2b19f04a8163c755bcd0b9b2e5d3a6d5e2f61e4c9c178fd97dd8cf05314
20220914,2862957.456999998,-0.023322771266137746,4,Main,"fee=0.05%, tax=0.10%",0.0005,0.001,962ee2b19f04a8163c755bcd0b9b2e5d3a6d5e2f61e4c9c178fd97dd8cf05314
20220915,2788979.971999998,-0.025839533458355515,2,Main,"fee=0.05%, tax=0.10%",0.0005,0.001,962ee2b19f04a8163c755bcd0b9b2e5d3a6d5e2f61e4c9c178fd97dd8cf05314
20220916,2827238.2279999983,0.013717651752287332,2,Main,"fee=0.05%, tax=0.10%",0.0005,0.001,962ee2b19f04a8163c755bcd0b9b2e5d3a6d5e2f61e4c9c178fd97dd8cf05314
20220919,2827238.2279999983,0.0,0,Main,"fee=0.05%, tax=0.10%",0.0005,0.001,962ee2b19f04a8163c755bcd0b9b2e5d3a6d5e2f61e4c9c178fd97dd8cf05314
20220920,2776490.8484999985,-0.017949452931633122,4,Main,"fee=0.05%, tax=0.10%",0.0005,0.001,962ee2b19f04a8163c755bcd0b9b2e5d3a6d5e2f61e4c9c178fd97dd8cf05314
20220921,2799544.1299999985,0.00830302808757846,4,Main,"fee=0.05%, tax=0.10%",0.0005,0.001,962ee2b19f04a8163c755bcd0b9b2e5d3a6d5e2f61e4c9c178fd97dd8cf05314
20220922,2888051.7724999986,0.031615019585349464,1,Main,"fee=0.05%, tax=0.10%",0.0005,0.001,962ee2b19f04a8163c755bcd0b9b2e5d3a6d5e2f61e4c9c178fd97dd8cf05314
20220923,2806927.2074999986,-0.028089719780118653,1,Main,"fee=0.05%, tax=0.10%",0.0005,0.001,962ee2b19f04a8163c755bcd0b9b2e5d3a6d5e2f61e4c9c178fd97dd8cf05314
20220926,2834075.143499999,0.009671763459865295,1,Main,"fee=0.05%, tax=0.10%",0.0005,0.001,962ee2b19f04a8163c755bcd0b9b2e5d3a6d5e2f61e4c9c178fd97dd8cf05314
20220927,2716391.1399999987,-0.0415246588538453,3,Main,"fee=0.05%, tax=0.10%",0.0005,0.001,962ee2b19f04a8163c755bcd0b9b2e5d3a6d5e2f61e4c9c178fd97dd8cf05314
20220928,2622462.453499999,-0.03457848360527339,3,Main,"fee=0.05%, tax=0.10%",0.0005,0.001,962ee2b19f04a8163c755bcd0b9b2e5d3a6d5e2f61e4c9c178fd97dd8cf05314
20220930,2410073.8864999986,-0.0809882203333518,1,Main,"fee=0.05%, tax=0.10%",0.0005,0.001,962ee2b19f04a8163c755bcd0b9b2e5d3a6d5e2f61e4c9c178fd97dd8cf05314
20221010,2422735.2114999983,0.005253500762330146,2,Main,"fee=0.05%, tax=0.10%",0.0005,0.001,962ee2b19f04a8163c755bcd0b9b2e5d3a6d5e2f61e4c9c178fd97dd8cf05314
20221011,2468228.483499998,0.018777649238784718,2,Main,"fee=0.05%, tax=0.10%",0.0005,0.001,962ee2b19f04a8163c755bcd0b9b2e5d3a6d5e2f61e4c9c178fd97dd8cf05314
20221012,2508765.1484999983,0.016423384330496917,2,Main,"fee=0.05%, tax=0.10%",0.0005,0.001,962ee2b19f04a8163c755bcd0b9b2e5d3a6d5e2f61e4c9c178fd97dd8cf05314
20221013,2539657.9229999976,0.01231393640750721,2,Main,"fee=0.05%, tax=0.10%",0.0005,0.001,962ee2b19f04a8163c755bcd0b9b2e5d3a6d5e2f61e4c9c178fd97dd8cf05314
20221014,2542026.8874999983,0.0009327888132281753,3,Main,"fee=0.05%, tax=0.10%",0.0005,0.001,962ee2b19f04a8163c755bcd0b9b2e5d3a6d5e2f61e4c9c178fd97dd8cf05314
20221017,2547051.1614999985,0.001976483421440684,3,Main,"fee=0.05%, tax=0.10%",0.0005,0.001,962ee2b19f04a8163c755bcd0b9b2e5d3a6d5e2f61e4c9c178fd97dd8cf05314
20221018,2668877.8649999984,0.047830489368047936,2,Main,"fee=0.05%, tax=0.10%",0.0005,0.001,962ee2b19f04a8163c755bcd0b9b2e5d3a6d5e2f61e4c9c178fd97dd8cf05314
20221019,2729210.9059999986,0.02260614537338532,1,Main,"fee=0.05%, tax=0.10%",0.0005,0.001,962ee2b19f04a8163c755bcd0b9b2e5d3a6d5e2f61e4c9c178fd97dd8cf05314
20221020,2854822.144999998,0.04602474609926671,2,Main,"fee=0.05%, tax=0.10%",0.0005,0.001,962ee2b19f04a8163c755bcd0b9b2e5d3a6d5e2f61e4c9c178fd97dd8cf05314
20221021,2939306.5764999976,0.029593588394978467,4,Main,"fee=0.05%, tax=0.10%",0.0005,0.001,962ee2b19f04a8163c755bcd0b9b2e5d3a6d5e2f61e4c9c178fd97dd8cf05314
20221024,2928399.9504999975,-0.003710611913435486,4,Main,"fee=0.05%, tax=0.10%",0.0005,0.001,962ee2b19f04a8163c755bcd0b9b2e5d3a6d5e2f61e4c9c178fd97dd8cf05314
20221025,2953234.8374999976,0.008480701891748009,3,Main,"fee=0.05%, tax=0.10%",0.0005,0.001,962ee2b19f04a8163c755bcd0b9b2e5d3a6d5e2f61e4c9c178fd97dd8cf05314
20221026,2808527.862999997,-0.048999481064803944,3,Main,"fee=0.05%, tax=0.10%",0.0005,0.001,962ee2b19f04a8163c755bcd0b9b2e5d3a6d5e2f61e4c9c178fd97dd8cf05314
20221027,2595062.645499997,-0.07600608856768906,1,Main,"fee=0.05%, tax=0.10%",0.0005,0.001,962ee2b19f04a8163c755bcd0b9b2e5d3a6d5e2f61e4c9c178fd97dd8cf05314
20221028,2617239.4744999968,0.008545777898061898,1,Main,"fee=0.05%, tax=0.10%",0.0005,0.001,962ee2b19f04a8163c755bcd0b9b2e5d3a6d5e2f61e4c9c178fd97dd8cf05314
20221031,2777518.5294999965,0.061239736203589,1,Main,"fee=0.05%, tax=0.10%",0.0005,0.001,962ee2b19f04a8163c755bcd0b9b2e5d3a6d5e2f61e4c9c178fd97dd8cf05314
20221101,3000324.838999996,0.0802177580936278,4,Main,"fee=0.05%, tax=0.10%",0.0005,0.001,962ee2b19f04a8163c755bcd0b9b2e5d3a6d5e2f61e4c9c178fd97dd8cf05314
20221102,2975980.293999996,-0.008113969755392861,4,Main,"fee=0.05%, tax=0.10%",0.0005,0.001,962ee2b19f04a8163c755bcd0b9b2e5d3a6d5e2f61e4c9c178fd97dd8cf05314
20221103,3059812.663999996,0.028169665696045842,2,Main,"fee=0.05%, tax=0.10%",0.0005,0.001,962ee2b19f04a8163c755bcd0b9b2e5d3a6d5e2f61e4c9c178fd97dd8cf05314
20221104,3076320.2414999963,0.005394963454533944,2,Main,"fee=0.05%, tax=0.10%",0.0005,0.001,962ee2b19f04a8163c755bcd0b9b2e5d3a6d5e2f61e4c9c178fd97dd8cf05314
20221107,3043494.478999996,-0.010670463385825701,2,Main,"fee=0.05%, tax=0.10%",0.0005,0.001,962ee2b19f04a8163c755bcd0b9b2e5d3a6d5e2f61e4c9c178fd97dd8cf05314
20221108,3041805.620999996,-0.0005549075287151226,1,Main,"fee=0.05%, tax=0.10%",0.0005,0.001,962ee2b19f04a8163c755bcd0b9b2e5d3a6d5e2f61e4c9c178fd97dd8cf05314
20221109,2989249.0624999963,-0.017278079222801158,4,Main,"fee=0.05%, tax=0.10%",0.0005,0.001,962ee2b19f04a8163c755bcd0b9b2e5d3a6d5e2f61e4c9c178fd97dd8cf05314
20221110,3000961.447999996,0.0039181698329962674,4,Main,"fee=0.05%, tax=0.10%",0.0005,0.001,962ee2b19f04a8163c755bcd0b9b2e5d3a6d5e2f61e4c9c178fd97dd8cf05314
20221111,2900100.681499996,-0.03360948424286457,4,Main,"fee=0.05%, tax=0.10%",0.0005,0.001,962ee2b19f04a8163c755bcd0b9b2e5d3a6d5e2f61e4c9c178fd97dd8cf05314
20221114,2929379.472999996,0.010095784496990697,3,Main,"fee=0.05%, tax=0.10%",0.0005,0.001,962ee2b19f04a8163c755bcd0b9b2e5d3a6d5e2f61e4c9c178fd97dd8cf05314
20221115,3025291.1104999958,0.03274128134781255,3,Main,"fee=0.05%, tax=0.10%",0.0005,0.001,962ee2b19f04a8163c755bcd0b9b2e5d3a6d5e2f61e4c9c178fd97dd8cf05314
20221116,3126444.015999995,0.03343575933863822,4,Main,"fee=0.05%, tax=0.10%",0.0005,0.001,962ee2b19f04a8163c755bcd0b9b2e5d3a6d5e2f61e4c9c178fd97dd8cf05314
20221117,3027134.849999995,-0.03176425533026412,1,Main,"fee=0.05%, tax=0.10%",0.0005,0.001,962ee2b19f04a8163c755bcd0b9b2e5d3a6d5e2f61e4c9c178fd97dd8cf05314
20221118,3101460.373499995,0.02455309300145656,1,Main,"fee=0.05%, tax=0.10%",0.0005,0.001,962ee2b19f04a8163c755bcd0b9b2e5d3a6d5e2f61e4c9c178fd97dd8cf05314
20221121,3046786.9949999945,-0.01762826923959751,2,Main,"fee=0.05%, tax=0.10%",0.0005,0.001,962ee2b19f04a8163c755bcd0b9b2e5d3a6d5e2f61e4c9c178fd97dd8cf05314
20221122,3060379.1089999946,0.004461130371865751,2,Main,"fee=0.05%, tax=0.10%",0.0005,0.001,962ee2b19f04a8163c755bcd0b9b2e5d3a6d5e2f61e4c9c178fd97dd8cf05314
20221123,3174563.2059999947,0.03731044192015502,2,Main,"fee=0.05%, tax=0.10%",0.0005,0.001,962ee2b19f04a8163c755bcd0b9b2e5d3a6d5e2f61e4c9c178fd97dd8cf05314
20221124,3137659.2434999947,-0.011624894546201065,2,Main,"fee=0.05%, tax=0.10%",0.0005,0.001,962ee2b19f04a8163c755bcd0b9b2e5d3a6d5e2f61e4c9c178fd97dd8cf05314
20221125,3139319.679499995,0.0005291957702035347,1,Main,"fee=0.05%, tax=0.10%",0.0005,0.001,962ee2b19f04a8163c755bcd0b9b2e5d3a6d5e2f61e4c9c178fd97dd8cf05314
20221128,3148537.556499995,0.0029362657967563245,1,Main,"fee=0.05%, tax=0.10%",0.0005,0.001,962ee2b19f04a8163c755bcd0b9b2e5d3a6d5e2f61e4c9c178fd97dd8cf05314
20221129,3117248.6159999943,-0.00993761069656167,4,Main,"fee=0.05%, tax=0.10%",0.0005,0.001,962ee2b19f04a8163c755bcd0b9b2e5d3a6d5e2f61e4c9c178fd97dd8cf05314
20221130,3133824.2209999943,0.0053173830649637256,4,Main,"fee=0.05%, tax=0.10%",0.0005,0.001,962ee2b19f04a8163c755bcd0b9b2e5d3a6d5e2f61e4c9c178fd97dd8cf05314
20221201,3150315.6469999943,0.005262396623744778,3,Main,"fee=0.05%, tax=0.10%",0.0005,0.001,962ee2b19f04a8163c755bcd0b9b2e5d3a6d5e2f61e4c9c178fd97dd8cf05314
20221202,3233938.8614999945,0.026544392330855343,2,Main,"fee=0.05%, tax=0.10%",0.0005,0.001,962ee2b19f04a8163c755bcd0b9b2e5d3a6d5e2f61e4c9c178fd97dd8cf05314
20221205,3184039.896499994,-0.015429779948547244,2,Main,"fee=0.05%, tax=0.10%",0.0005,0.001,962ee2b19f04a8163c755bcd0b9b2e5d3a6d5e2f61e4c9c178fd97dd8cf05314
20221206,3152653.9894999946,-0.009857259337265252,1,Main,"fee=0.05%, tax=0.10%",0.0005,0.001,962ee2b19f04a8163c755bcd0b9b2e5d3a6d5e2f61e4c9c178fd97dd8cf05314
20221207,3222816.8489999943,0.022255172858702293,4,Main,"fee=0.05%, tax=0.10%",0.0005,0.001,962ee2b19f04a8163c755bcd0b9b2e5d3a6d5e2f61e4c9c178fd97dd8cf05314
20221208,3231874.888999995,0.0028105971963039464,4,Main,"fee=0.05%, tax=0.10%",0.0005,0.001,962ee2b19f04a8163c755bcd0b9b2e5d3a6d5e2f61e4c9c178fd97dd8cf05314
20221209,3269499.710499995,0.01164179394074315,3,Main,"fee=0.05%, tax=0.10%",0.0005,0.001,962ee2b19f04a8163c755bcd0b9b2e5d3a6d5e2f61e4c9c178fd97dd8cf05314
20221212,3205174.736999995,-0.01967425575644502,2,Main,"fee=0.05%, tax=0.10%",0.0005,0.001,962ee2b19f04a8163c755bcd0b9b2e5d3a6d5e2f61e4c9c178fd97dd8cf05314
20221213,3247483.575499995,0.013200165972729659,2,Main,"fee=0.05%, tax=0.10%",0.0005,0.001,962ee2b19f04a8163c755bcd0b9b2e5d3a6d5e2f61e4c9c178fd97dd8cf05314
20221214,3221197.934999995,-0.008094156564272438,2,Main,"fee=0.05%, tax=0.10%",0.0005,0.001,962ee2b19f04a8163c755bcd0b9b2e5d3a6d5e2f61e4c9c178fd97dd8cf05314
20221215,3230554.650999995,0.0029047317764408134,1,Main,"fee=0.05%, tax=0.10%",0.0005,0.001,962ee2b19f04a8163c755bcd0b9b2e5d3a6d5e2f61e4c9c178fd97dd8cf05314
20221216,3204582.4679999948,-0.008039542990539005,4,Main,"fee=0.05%, tax=0.10%",0.0005,0.001,962ee2b19f04a8163c755bcd0b9b2e5d3a6d5e2f61e4c9c178fd97dd8cf05314
20221219,3167225.216499995,-0.011657447381379058,3,Main,"fee=0.05%, tax=0.10%",0.0005,0.001,962ee2b19f04a8163c755bcd0b9b2e5d3a6d5e2f61e4c9c178fd97dd8cf05314
20221220,3141627.769499995,-0.008081978782767816,3,Main,"fee=0.05%, tax=0.10%",0.0005,0.001,962ee2b19f04a8163c755bcd0b9b2e5d3a6d5e2f61e4c9c178fd97dd8cf05314
20221221,3085886.3889999953,-0.017742834157870657,4,Main,"fee=0.05%, tax=0.10%",0.0005,0.001,962ee2b19f04a8163c755bcd0b9b2e5d3a6d5e2f61e4c9c178fd97dd8cf05314
20221222,3074874.066499996,-0.0035686091812239195,4,Main,"fee=0.05%, tax=0.10%",0.0005,0.001,962ee2b19f04a8163c755bcd0b9b2e5d3a6d5e2f61e4c9c178fd97dd8cf05314
20221223,3185789.322499996,0.03607147922199311,4,Main,"fee=0.05%, tax=0.10%",0.0005,0.001,962ee2b19f04a8163c755bcd0b9b2e5d3a6d5e2f61e4c9c178fd97dd8cf05314
20221226,3215239.169499996,0.009244128854349283,1,Main,"fee=0.05%, tax=0.10%",0.0005,0.001,962ee2b19f04a8163c755bcd0b9b2e5d3a6d5e2f61e4c9c178fd97dd8cf05314
20221227,3181962.1969999964,-0.010349765832560011,1,Main,"fee=0.05%, tax=0.10%",0.0005,0.001,962ee2b19f04a8163c755bcd0b9b2e5d3a6d5e2f61e4c9c178fd97dd8cf05314
20221228,3203776.900999996,0.006855739524676531,2,Main,"fee=0.05%, tax=0.10%",0.0005,0.001,962ee2b19f04a8163c755bcd0b9b2e5d3a6d5e2f61e4c9c178fd97dd8cf05314
20221229,3202214.934999996,-0.0004875389417760263,4,Main,"fee=0.05%, tax=0.10%",0.0005,0.001,962ee2b19f04a8163c755bcd0b9b2e5d3a6d5e2f61e4c9c178fd97dd8cf05314
20221230,3308721.351499996,0.03326023351396318,4,Main,"fee=0.05%, tax=0.10%",0.0005,0.001,962ee2b19f04a8163c755bcd0b9b2e5d3a6d5e2f61e4c9c178fd97dd8cf05314
20230103,3307451.436999996,-0.0003838082343876569,4,Main,"fee=0.05%, tax=0.10%",0.0005,0.001,962ee2b19f04a8163c755bcd0b9b2e5d3a6d5e2f61e4c9c178fd97dd8cf05314
20230104,3366411.396999996,0.01782640232912361,1,Main,"fee=0.05%, tax=0.10%",0.0005,0.001,962ee2b19f04a8163c755bcd0b9b2e5d3a6d5e2f61e4c9c178fd97dd8cf05314
20230105,3328480.563999996,-0.011267438386705339,1,Main,"fee=0.05%, tax=0.10%",0.0005,0.001,962ee2b19f04a8163c755bcd0b9b2e5d3a6d5e2f61e4c9c178fd97dd8cf05314
20230106,3321826.2664999957,-0.0019991997465665066,1,Main,"fee=0.05%, tax=0.10%",0.0005,0.001,962ee2b19f04a8163c755bcd0b9b2e5d3a6d5e2f61e4c9c178fd97dd8cf05314
20230109,3342266.342999996,0.006153264758646419,4,Main,"fee=0.05%, tax=0.10%",0.0005,0.001,962ee2b19f04a8163c755bcd0b9b2e5d3a6d5e2f61e4c9c178fd97dd8cf05314
20230110,3325839.0169999963,-0.004915026007548766,4,Main,"fee=0.05%, tax=0.10%",0.0005,0.001,962ee2b19f04a8163c755bcd0b9b2e5d3a6d5e2f61e4c9c178fd97dd8cf05314
20230111,3351644.0229999963,0.00775894619916899,4,Main,"fee=0.05%, tax=0.10%",0.0005,0.001,962ee2b19f04a8163c755bcd0b9b2e5d3a6d5e2f61e4c9c178fd97dd8cf05314
20230112,3351644.0229999963,0.0,0,Main,"fee=0.05%, tax=0.10%",0.0005,0.001,962ee2b19f04a8163c755bcd0b9b2e5d3a6d5e2f61e4c9c178fd97dd8cf05314
20230113,3351644.0229999963,0.0,0,Main,"fee=0.05%, tax=0.10%",0.0005,0.001,962ee2b19f04a8163c755bcd0b9b2e5d3a6d5e2f61e4c9c178fd97dd8cf05314
20230116,3341198.4704999966,-0.003116545918456499,1,Main,"fee=0.05%, tax=0.10%",0.0005,0.001,962ee2b19f04a8163c755bcd0b9b2e5d3a6d5e2f61e4c9c178fd97dd8cf05314
20230117,3418641.5769999963,0.02317824193437115,1,Main,"fee=0.05%, tax=0.10%",0.0005,0.001,962ee2b19f04a8163c755bcd0b9b2e5d3a6d5e2f61e4c9c178fd97dd8cf05314
20230118,3452568.508999996,0.009924097404142582,4,Main,"fee=0.05%, tax=0.10%",0.0005,0.001,962ee2b19f04a8163c755bcd0b9b2e5d3a6d5e2f61e4c9c178fd97dd8cf05314
20230119,3651024.2404999966,0.05748060638990232,2,Main,"fee=0.05%, tax=0.10%",0.0005,0.001,962ee2b19f04a8163c755bcd0b9b2e5d3a6d5e2f61e4c9c178fd97dd8cf05314
20230120,3745418.139499997,0.025854087177211743,2,Main,"fee=0.05%, tax=0.10%",0.0005,0.001,962ee2b19f04a8163c755bcd0b9b2e5d3a6d5e2f61e4c9c178fd97dd8cf05314
20230130,3807676.124999997,0.016622439252753682,1,Main,"fee=0.05%, tax=0.10%",0.0005,0.001,962ee2b19f04a8163c755bcd0b9b2e5d3a6d5e2f61e4c9c178fd97dd8cf05314
20230131,3934503.630499997,0.03330837532827193,3,Main,"fee=0.05%, tax=0.10%",0.0005,0.001,962ee2b19f04a8163c755bcd0b9b2e5d3a6d5e2f61e4c9c178fd97dd8cf05314
20230201,4056080.613499997,0.03090020862035651,4,Main,"fee=0.05%, tax=0.10%",0.0005,0.001,962ee2b19f04a8163c755bcd0b9b2e5d3a6d5e2f61e4c9c178fd97dd8cf05314
20230202,3993613.765499998,-0.015400790554331852,4,Main,"fee=0.05%, tax=0.10%",0.0005,0.001,962ee2b19f04a8163c755bcd0b9b2e5d3a6d5e2f61e4c9c178fd97dd8cf05314
20230203,3947990.634999998,-0.011424021745449884,2,Main,"fee=0.05%, tax=0.10%",0.0005,0.001,962ee2b19f04a8163c755bcd0b9b2e5d3a6d5e2f61e4c9c178fd97dd8cf05314
20230206,4139527.5184999984,0.04851502984884881,2,Main,"fee=0.05%, tax=0.10%",0.0005,0.001,962ee2b19f04a8163c755bcd0b9b2e5d3a6d5e2f61e4c9c178fd97dd8cf05314
20230207,4066162.106499999,-0.017723136679759114,2,Main,"fee=0.05%, tax=0.10%",0.0005,0.001,962ee2b19f04a8163c755bcd0b9b2e5d3a6d5e2f61e4c9c178fd97dd8cf05314
20230208,4071765.3604999995,0.0013780203182365812,3,Main,"fee=0.05%, tax=0.10%",0.0005,0.001,962ee2b19f04a8163c755bcd0b9b2e5d3a6d5e2f61e4c9c178fd97dd8cf05314
20230209,4017659.4034999995,-0.01328808322917603,3,Main,"fee=0.05%, tax=0.10%",0.0005,0.001,962ee2b19f04a8163c755bcd0b9b2e5d3a6d5e2f61e4c9c178fd97dd8cf05314
20230210,4153154.4495,0.03372487122277302,4,Main,"fee=0.05%, tax=0.10%",0.0005,0.001,962ee2b19f04a8163c755bcd0b9b2e5d3a6d5e2f61e4c9c178fd97dd8cf05314
20230213,4121929.5115,-0.007518366672773093,1,Main,"fee=0.05%, tax=0.10%",0.0005,0.001,962ee2b19f04a8163c755bcd0b9b2e5d3a6d5e2f61e4c9c178fd97dd8cf05314
20230214,4121929.5115,0.0,0,Main,"fee=0.05%, tax=0.10%",0.0005,0.001,962ee2b19f04a8163c755bcd0b9b2e5d3a6d5e2f61e4c9c178fd97dd8cf05314
20230215,4005575.474,-0.02822805125011903,3,Main,"fee=0.05%, tax=0.10%",0.0005,0.001,962ee2b19f04a8163c755bcd0b9b2e5d3a6d5e2f61e4c9c178fd97dd8cf05314
20230216,4005575.474,0.0,0,Main,"fee=0.05%, tax=0.10%",0.0005,0.001,962ee2b19f04a8163c755bcd0b9b2e5d3a6d5e2f61e4c9c178fd97dd8cf05314
20230217,4005575.474,0.0,0,Main,"fee=0.05%, tax=0.10%",0.0005,0.001,962ee2b19f04a8163c755bcd0b9b2e5d3a6d5e2f61e4c9c178fd97dd8cf05314
20230220,4397841.6025,0.09793003054022598,1,Main,"fee=0.05%, tax=0.10%",0.0005,0.001,962ee2b19f04a8163c755bcd0b9b2e5d3a6d5e2f61e4c9c178fd97dd8cf05314
20230221,4392772.2075000005,-0.0011527006786960679,1,Main,"fee=0.05%, tax=0.10%",0.0005,0.001,962ee2b19f04a8163c755bcd0b9b2e5d3a6d5e2f61e4c9c178fd97dd8cf05314
20230222,4506604.253500001,0.025913487115414024,1,Main,"fee=0.05%, tax=0.10%",0.0005,0.001,962ee2b19f04a8163c755bcd0b9b2e5d3a6d5e2f61e4c9c178fd97dd8cf05314
20230223,4699365.8765,0.0427731418507169,1,Main,"fee=0.05%, tax=0.10%",0.0005,0.001,962ee2b19f04a8163c755bcd0b9b2e5d3a6d5e2f61e4c9c178fd97dd8cf05314
20230224,4678219.5985,-0.004499815199694408,4,Main,"fee=0.05%, tax=0.10%",0.0005,0.001,962ee2b19f04a8163c755bcd0b9b2e5d3a6d5e2f61e4c9c178fd97dd8cf05314
20230227,4707416.0955,0.006240941962057728,4,Main,"fee=0.05%, tax=0.10%",0.0005,0.001,962ee2b19f04a8163c755bcd0b9b2e5d3a6d5e2f61e4c9c178fd97dd8cf05314
20230228,4671187.086,-0.0076961561852652875,4,Main,"fee=0.05%, tax=0.10%",0.0005,0.001,962ee2b19f04a8163c755bcd0b9b2e5d3a6d5e2f61e4c9c178fd97dd8cf05314
20230301,4720491.462,0.010554999209466509,2,Main,"fee=0.05%, tax=0.10%",0.0005,0.001,962ee2b19f04a8163c755bcd0b9b2e5d3a6d5e2f61e4c9c178fd97dd8cf05314
20230302,4715125.25,-0.001136790955602472,2,Main,"fee=0.05%, tax=0.10%",0.0005,0.001,962ee2b19f04a8163c755bcd0b9b2e5d3a6d5e2f61e4c9c178fd97dd8cf05314
20230303,4715125.25,0.0,0,Main,"fee=0.05%, tax=0.10%",0.0005,0.001,962ee2b19f04a8163c755bcd0b9b2e5d3a6d5e2f61e4c9c178fd97dd8cf05314
20211207,1000154.0,0.000154,3,ChiNext,"fee=0.00%, tax=0.00%",0.0,0.0,962ee2b19f04a8163c755bcd0b9b2e5d3a6d5e2f61e4c9c178fd97dd8cf05314
20211208,1000154.0,0.0,0,ChiNext,"fee=0.00%, tax=0.00%",0.0,0.0,962ee2b19f04a8163c755bcd0b9b2e5d3a6d5e2f61e4c9c178fd97dd8cf05314
20211209,1003745.0,0.0035904470711510426,4,ChiNext,"fee=0.00%, tax=0.00%",0.0,0.0,962ee2b19f04a8163c755bcd0b9b2e5d3a6d5e2f61e4c9c178fd97dd8cf05314
20211210,1013360.0,0.009579126172484046,4,ChiNext,"fee=0.00%, tax=0.00%",0.0,0.0,962ee2b19f04a8163c755bcd0b9b2e5d3a6d5e2f61e4c9c178fd97dd8cf05314
20211213,1013360.0,0.0,0,ChiNext,"fee=0.00%, tax=0.00%",0.0,0.0,962ee2b19f04a8163c755bcd0b9b2e5d3a6d5e2f61e4c9c178fd97dd8cf05314
20211214,1019674.0,0.006230757085339859,3,ChiNext,"fee=0.00%, tax=0.00%",0.0,0.0,962ee2b19f04a8163c755bcd0b9b2e5d3a6d5e2f61e4c9c178fd97dd8cf05314
20211215,1079146.0,0.05832452332804406,1,ChiNext,"fee=0.00%, tax=0.00%",0.0,0.0,962ee2b19f04a8163c755bcd0b9b2e5d3a6d5e2f61e4c9c178fd97dd8cf05314
20211216,1079013.0,-0.00012324560346792742,1,ChiNext,"fee=0.00%, tax=0.00%",0.0,0.0,962ee2b19f04a8163c755bcd0b9b2e5d3a6d5e2f61e4c9c178fd97dd8cf05314
20211217,1138350.0,0.05499192317423423,1,ChiNext,"fee=0.00%, tax=0.00%",0.0,0.0,962ee2b19f04a8163c755bcd0b9b2e5d3a6d5e2f61e4c9c178fd97dd8cf05314
20211220,1163522.0,0.02211270698818465,1,ChiNext,"fee=0.00%, tax=0.00%",0.0,0.0,962ee2b19f04a8163c755bcd0b9b2e5d3a6d5e2f61e4c9c178fd97dd8cf05314
20211221,1163522.0,0.0,0,ChiNext,"fee=0.00%, tax=0.00%",0.0,0.0,962ee2b19f04a8163c755bcd0b9b2e5d3a6d5e2f61e4c9c178fd97dd8cf05314
20211222,1163522.0,0.0,0,ChiNext,"fee=0.00%, tax=0.00%",0.0,0.0,962ee2b19f04a8163c755bcd0b9b2e5d3a6d5e2f61e4c9c178fd97dd8cf05314
20211223,1149798.0,-0.011795221749137533,3,ChiNext,"fee=0.00%, tax=0.00%",0.0,0.0,962ee2b19f04a8163c755bcd0b9b2e5d3a6d5e2f61e4c9c178fd97dd8cf05314
20211224,1152538.0,0.0023830272795743253,4,ChiNext,"fee=0.00%, tax=0.00%",0.0,0.0,962ee2b19f04a8163c755bcd0b9b2e5d3a6d5e2f61e4c9c178fd97dd8cf05314
20211227,1170588.0,0.015661088831778216,4,ChiNext,"fee=0.00%, tax=0.00%",0.0,0.0,962ee2b19f04a8163c755bcd0b9b2e5d3a6d5e2f61e4c9c178fd97dd8cf05314
20211228,1216764.0,0.039446842099867756,1,ChiNext,"fee=0.00%, tax=0.00%",0.0,0.0,962ee2b19f04a8163c755bcd0b9b2e5d3a6d5e2f61e4c9c178fd97dd8cf05314
20211229,1211514.0,-0.004314723315285462,1,ChiNext,"fee=0.00%, tax=0.00%",0.0,0.0,962ee2b19f04a8163c755bcd0b9b2e5d3a6d5e2f61e4c9c178fd97dd8cf05314
20211230,1260558.0,0.040481579247123846,1,ChiNext,"fee=0.00%, tax=0.00%",0.0,0.0,962ee2b19f04a8163c755bcd0b9b2e5d3a6d5e2f61e4c9c178fd97dd8cf05314
20211231,1226642.9999999998,-0.02690475170519741,1,ChiNext,"fee=0.00%, tax=0.00%",0.0,0.0,962ee2b19f04a8163c755bcd0b9b2e5d3a6d5e2f61e4c9c178fd97dd8cf05314
20220104,1226642.9999999998,0.0,0,ChiNext,"fee=0.00%, tax=0.00%",0.0,0.0,962ee2b19f04a8163c755bcd0b9b2e5d3a6d5e2f61e4c9c178fd97dd8cf05314
20220105,1226642.9999999998,0.0,0,ChiNext,"fee=0.00%, tax=0.00%",0.0,0.0,962ee2b19f04a8163c755bcd0b9b2e5d3a6d5e2f61e4c9c178fd97dd8cf05314
20220106,1226642.9999999998,0.0,0,ChiNext,"fee=0.00%, tax=0.00%",0.0,0.0,962ee2b19f04a8163c755bcd0b9b2e5d3a6d5e2f61e4c9c178fd97dd8cf05314
20220107,1267784.9999999998,0.033540321022497994,3,ChiNext,"fee=0.00%, tax=0.00%",0.0,0.0,962ee2b19f04a8163c755bcd0b9b2e5d3a6d5e2f61e4c9c178fd97dd8cf05314
20220110,1247089.9999999998,-0.016323745745532567,3,ChiNext,"fee=0.00%, tax=0.00%",0.0,0.0,962ee2b19f04a8163c755bcd0b9b2e5d3a6d5e2f61e4c9c178fd97dd8cf05314
20220111,1278014.9999999998,0.024797729113375945,3,ChiNext,"fee=0.00%, tax=0.00%",0.0,0.0,962ee2b19f04a8163c755bcd0b9b2e5d3a6d5e2f61e4c9c178fd97dd8cf05314
20220112,1194824.9999999998,-0.06509313270971,1,ChiNext,"fee=0.00%, tax=0.00%",0.0,0.0,962ee2b19f04a8163c755bcd0b9b2e5d3a6d5e2f61e4c9c178fd97dd8cf05314
20220113,1162616.9999999998,-0.026956248823049405,1,ChiNext,"fee=0.00%, tax=0.00%",0.0,0.0,962ee2b19f04a8163c755bcd0b9b2e5d3a6d5e2f61e4c9c178fd97dd8cf05314
20220114,1231298.9999999998,0.05907534467498756,4,ChiNext,"fee=0.00%, tax=0.00%",0.0,0.0,962ee2b19f04a8163c755bcd0b9b2e5d3a6d5e2f61e4c9c178fd97dd8cf05314
20220117,1166938.9999999998,-0.05227000103143104,4,ChiNext,"fee=0.00%, tax=0.00%",0.0,0.0,962ee2b19f04a8163c755bcd0b9b2e5d3a6d5e2f61e4c9c178fd97dd8cf05314
20220118,1166938.9999999998,0.0,0,ChiNext,"fee=0.00%, tax=0.00%",0.0,0.0,962ee2b19f04a8163c755bcd0b9b2e5d3a6d5e2f61e4c9c178fd97dd8cf05314
20220119,1166938.9999999998,0.0,0,ChiNext,"fee=0.00%, tax=0.00%",0.0,0.0,962ee2b19f04a8163c755bcd0b9b2e5d3a6d5e2f61e4c9c178fd97dd8cf05314
20220120,1153082.9999999998,-0.011873799744459653,3,ChiNext,"fee=0.00%, tax=0.00%",0.0,0.0,962ee2b19f04a8163c755bcd0b9b2e5d3a6d5e2f61e4c9c178fd97dd8cf05314
20220121,1156497.9999999998,0.002961625485762951,3,ChiNext,"fee=0.00%, tax=0.00%",0.0,0.0,962ee2b19f04a8163c755bcd0b9b2e5d3a6d5e2f61e4c9c178fd97dd8cf05314
20220124,1120989.9999999998,-0.03070303623525506,3,ChiNext,"fee=0.00%, tax=0.00%",0.0,0.0,962ee2b19f04a8163c755bcd0b9b2e5d3a6d5e2f61e4c9c178fd97dd8cf05314
20220125,1151334.9999999998,0.027069822210724456,1,ChiNext,"fee=0.00%, tax=0.00%",0.0,0.0,962ee2b19f04a8163c755bcd0b9b2e5d3a6d5e2f61e4c9c178fd97dd8cf05314
20220126,1151334.9999999998,0.0,0,ChiNext,"fee=0.00%, tax=0.00%",0.0,0.0,962ee2b19f04a8163c755bcd0b9b2e5d3a6d5e2f61e4c9c178fd97dd8cf05314
20220127,1151334.9999999998,0.0,0,ChiNext,"fee=0.00%, tax=0.00%",0.0,0.0,962ee2b19f04a8163c755bcd0b9b2e5d3a6d5e2f61e4c9c178fd97dd8cf05314
20220128,1151334.9999999998,0.0,0,ChiNext,"fee=0.00%, tax=0.00%",0.0,0.0,962ee2b19f04a8163c755bcd0b9b2e5d3a6d5e2f61e4c9c178fd97dd8cf05314
20220207,1156898.9999999998,0.004832650792341066,1,ChiNext,"fee=0.00%, tax=0.00%",0.0,0.0,962ee2b19f04a8163c755bcd0b9b2e5d3a6d5e2f61e4c9c178fd97dd8cf05314
20220208,1184303.9999999998,0.023688325428581066,1,ChiNext,"fee=0.00%, tax=0.00%",0.0,0.0,962ee2b19f04a8163c755bcd0b9b2e5d3a6d5e2f61e4c9c178fd97dd8cf05314
20220209,1168092.9999999998,-0.013688208432969915,1,ChiNext,"fee=0.00%, tax=0.00%",0.0,0.0,962ee2b19f04a8163c755bcd0b9b2e5d3a6d5e2f61e4c9c178fd97dd8cf05314
20220210,1132452.9999999998,-0.03051126922257047,3,ChiNext,"fee=0.00%, tax=0.00%",0.0,0.0,962ee2b19f04a8163c755bcd0b9b2e5d3a6d5e2f61e4c9c178fd97dd8cf05314
20220216,1203200.9999999998,0.062473232884720176,1,ChiNext,"fee=0.00%, tax=0.00%",0.0,0.0,962ee2b19f04a8163c755bcd0b9b2e5d3a6d5e2f61e4c9c178fd97dd8cf05314
20220217,1270160.9999999998,0.05565154949173082,1,ChiNext,"fee=0.00%, tax=0.00%",0.0,0.0,962ee2b19f04a8163c755bcd0b9b2e5d3a6d5e2f61e4c9c178fd97dd8cf05314
20220218,1244102.9999999998,-0.02051550945116407,1,ChiNext,"fee=0.00%, tax=0.00%",0.0,0.0,962ee2b19f04a8163c755bcd0b9b2e5d3a6d5e2f61e4c9c178fd97dd8cf05314
20220221,1284314.9999999998,0.03232208265714335,3,ChiNext,"fee=0.00%, tax=0.00%",0.0,0.0,962ee2b19f04a8163c755bcd0b9b2e5d3a6d5e2f61e4c9c178fd97dd8cf05314
20220222,1372658.9999999998,0.06878686303593745,4,ChiNext,"fee=0.00%, tax=0.00%",0.0,0.0,962ee2b19f04a8163c755bcd0b9b2e5d3a6d5e2f61e4c9c178fd97dd8cf05314
20220223,1372658.9999999998,0.0,0,ChiNext,"fee=0.00%, tax=0.00%",0.0,0.0,962ee2b19f04a8163c755bcd0b9b2e5d3a6d5e2f61e4c9c178fd97dd8cf05314
20220224,1388454.9999999998,0.011507592198790816,1,ChiNext,"fee=0.00%, tax=0.00%",0.0,0.0,962ee2b19f04a8163c755bcd0b9b2e5d3a6d5e2f61e4c9c178fd97dd8cf05314
20220225,1391235.9999999995,0.0020029457202428366,1,ChiNext,"fee=0.00%, tax=0.00%",0.0,0.0,962ee2b19f04a8163c755bcd0b9b2e5d3a6d5e2f61e4c9c178fd97dd8cf05314
20220228,1388490.9999999995,-0.001973065676851376,1,ChiNext,"fee=0.00%, tax=0.00%",0.0,0.0,962ee2b19f04a8163c755bcd0b9b2e5d3a6d5e2f61e4c9c178fd97dd8cf05314
20220301,1364098.9999999995,-0.01756727267227516,3,ChiNext,"fee=0.00%, tax=0.00%",0.0,0.0,962ee2b19f04a8163c755bcd0b9b2e5d3a6d5e2f61e4c9c178fd97dd8cf05314
20220302,1346853.9999999995,-0.012642044309100736,3,ChiNext,"fee=0.00%, tax=0.00%",0.0,0.0,962ee2b19f04a8163c755bcd0b9b2e5d3a6d5e2f61e4c9c178fd97dd8cf05314
20220303,1343345.9999999995,-0.002604588173625353,4,ChiNext,"fee=0.00%, tax=0.00%",0.0,0.0,962ee2b19f04a8163c755bcd0b9b2e5d3a6d5e2f61e4c9c178fd97dd8cf05314
20220304,1317733.9999999995,-0.019065825185767486,4,ChiNext,"fee=0.00%, tax=0.00%",0.0,0.0,962ee2b19f04a8163c755bcd0b9b2e5d3a6d5e2f61e4c9c178fd97dd8cf05314
20220307,1243659.9999999995,-0.056213165934854856,1,ChiNext,"fee=0.00%, tax=0.00%",0.0,0.0,962ee2b19f04a8163c755bcd0b9b2e5d3a6d5e2f61e4c9c178fd97dd8cf05314
20220308,1260244.9999999995,0.013335638357750515,4,ChiNext,"fee=0.00%, tax=0.00%",0.0,0.0,962ee2b19f04a8163c755bcd0b9b2e5d3a6d5e2f61e4c9c178fd97dd8cf05314
20220309,1297888.9999999995,0.02987038234628982,4,ChiNext,"fee=0.00%, tax=0.00%",0.0,0.0,962ee2b19f04a8163c755bcd0b9b2e5d3a6d5e2f61e4c9c178fd97dd8cf05314
20220310,1300030.9999999995,0.0016503722583364223,3,ChiNext,"fee=0.00%, tax=0.00%",0.0,0.0,962ee2b19f04a8163c755bcd0b9b2e5d3a6d5e2f61e4c9c178fd97dd8cf05314
20220311,1240833.9999999995,-0.045535068009916704,3,ChiNext,"fee=0.00%, tax=0.00%",0.0,0.0,962ee2b19f04a8163c755bcd0b9b2e5d3a6d5e2f61e4c9c178fd97dd8cf05314
20220314,1230054.9999999995,-0.00868689929515149,3,ChiNext,"fee=0.00%, tax=0.00%",0.0,0.0,962ee2b19f04a8163c755bcd0b9b2e5d3a6d5e2f61e4c9c178fd97dd8cf05314
20220315,1310952.9999999995,0.06576779087113993,1,ChiNext,"fee=0.00%, tax=0.00%",0.0,0.0,962ee2b19f04a8163c755bcd0b9b2e5d3a6d5e2f61e4c9c178fd97dd8cf05314
20220316,1356216.9999999995,0.034527553619389875,1,ChiNext,"fee=0.00%, tax=0.00%",0.0,0.0,962ee2b19f04a8163c755bcd0b9b2e5d3a6d5e2f61e4c9c178fd97dd8cf05314
20220317,1368802.9999999993,0.009280225804572403,1,ChiNext,"fee=0.00%, tax=0.00%",0.0,0.0,962ee2b19f04a8163c755bcd0b9b2e5d3a6d5e2f61e4c9c178fd97dd8cf05314
20220318,1376687.9999999995,0.005760507538338414,1,ChiNext,"fee=0.00%, tax=0.00%",0.0,0.0,962ee2b19f04a8163c755bcd0b9b2e5d3a6d5e2f61e4c9c178fd97dd8cf05314
20220321,1453523.9999999995,0.055812210173982794,1,ChiNext,"fee=0.00%, tax=0.00%",0.0,0.0,962ee2b19f04a8163c755bcd0b9b2e5d3a6d5e2f61e4c9c178fd97dd8cf05314
20220322,1514042.9999999995,0.041636051417107675,3,ChiNext,"fee=0.00%, tax=0.00%",0.0,0.0,962ee2b19f04a8163c755bcd0b9b2e5d3a6d5e2f61e4c9c178fd97dd8cf05314
20220323,1568243.9999999995,0.035798851155482384,3,ChiNext,"fee=0.00%, tax=0.00%",0.0,0.0,962ee2b19f04a8163c755bcd0b9b2e5d3a6d5e2f61e4c9c178fd97dd8cf05314
20220324,1568243.9999999995,0.0,0,ChiNext,"fee=0.00%, tax=0.00%",0.0,0.0,962ee2b19f04a8163c755bcd0b9b2e5d3a6d5e2f61e4c9c178fd97dd8cf05314
20220325,1578133.9999999995,0.006306416603538737,4,ChiNext,"fee=0.00%, tax=0.00%",0.0,0.0,962ee2b19f04a8163c755bcd0b9b2e5d3a6d5e2f61e4c9c178fd97dd8cf05314
20220328,1561201.9999999995,-0.010729126930919684,4,ChiNext,"fee=0.00%, tax=0.00%",0.0,0.0,962ee2b19f04a8163c755bcd0b9b2e5d3a6d5e2f61e4c9c178fd97dd8cf05314
20220329,1557143.9999999995,-0.002599279273277898,4,ChiNext,"fee=0.00%, tax=0.00%",0.0,0.0,962ee2b19f04a8163c755bcd0b9b2e5d3a6d5e2f61e4c9c178fd97dd8cf05314
20220330,1521503.9999999995,-0.02288805659592177,1,ChiNext,"fee=0.00%, tax=0.00%",0.0,0.0,962ee2b19f04a8163c755bcd0b9b2e5d3a6d5e2f61e4c9c178fd97dd8cf05314
20220331,1649343.9999999993,0.08402212547584482,3,ChiNext,"fee=0.00%, tax=0.00%",0.0,0.0,962ee2b19f04a8163c755bcd0b9b2e5d3a6d5e2f61e4c9c178fd97dd8cf05314
20220401,1636647.9999999995,-0.00769760583601709,3,ChiNext,"fee=0.00%, tax=0.00%",0.0,0.0,962ee2b19f04a8163c755bcd0b9b2e5d3a6d5e2f61e4c9c178fd97dd8cf05314
20220406,1636647.9999999995,0.0,0,ChiNext,"fee=0.00%, tax=0.00%",0.0,0.0,962ee2b19f04a8163c755bcd0b9b2e5d3a6d5e2f61e4c9c178fd97dd8cf05314
20220407,1636647.9999999995,0.0,0,ChiNext,"fee=0.00%, tax=0.00%",0.0,0.0,962ee2b19f04a8163c755bcd0b9b2e5d3a6d5e2f61e4c9c178fd97dd8cf05314
20220408,1599093.9999999995,-0.02294567921752265,1,ChiNext,"fee=0.00%, tax=0.00%",0.0,0.0,962ee2b19f04a8163c755bcd0b9b2e5d3a6d5e2f61e4c9c178fd97dd8cf05314
20220411,1618563.9999999995,0.012175644458674728,4,ChiNext,"fee=0.00%, tax=0.00%",0.0,0.0,962ee2b19f04a8163c755bcd0b9b2e5d3a6d5e2f61e4c9c178fd97dd8cf05314
20220412,1595783.9999999995,-0.01407420404753844,4,ChiNext,"fee=0.00%, tax=0.00%",0.0,0.0,962ee2b19f04a8163c755bcd0b9b2e5d3a6d5e2f61e4c9c178fd97dd8cf05314
20220413,1595783.9999999995,0.0,0,ChiNext,"fee=0.00%, tax=0.00%",0.0,0.0,962ee2b19f04a8163c755bcd0b9b2e5d3a6d5e2f61e4c9c178fd97dd8cf05314
20220414,1541059.9999999995,-0.03429286169055462,3,ChiNext,"fee=0.00%, tax=0.00%",0.0,0.0,962ee2b19f04a8163c755bcd0b9b2e5d3a6d5e2f61e4c9c178fd97dd8cf05314
20220415,1574174.9999999995,0.021488455997819688,3,ChiNext,"fee=0.00%, tax=0.00%",0.0,0.0,962ee2b19f04a8163c755bcd0b9b2e5d3a6d5e2f61e4c9c178fd97dd8cf05314
20220418,1608191.9999999995,0.02160941445519082,1,ChiNext,"fee=0.00%, tax=0.00%",0.0,0.0,962ee2b19f04a8163c755bcd0b9b2e5d3a6d5e2f61e4c9c178fd97dd8cf05314
20220419,1638571.9999999995,0.01889077921044254,1,ChiNext,"fee=0.00%, tax=0.00%",0.0,0.0,962ee2b19f04a8163c755bcd0b9b2e5d3a6d5e2f61e4c9c178fd97dd8cf05314
20220420,1577592.9999999995,-0.03721472111082089,4,ChiNext,"fee=0.00%, tax=0.00%",0.0,0.0,962ee2b19f04a8163c755bcd0b9b2e5d3a6d5e2f61e4c9c178fd97dd8cf05314
20220421,1539540.9999999995,-0.024120289580392414,4,ChiNext,"fee=0.00%, tax=0.00%",0.0,0.0,962ee2b19f04a8163c755bcd0b9b2e5d3a6d5e2f61e4c9c178fd97dd8cf05314
20220422,1501320.9999999995,-0.024825581130999443,1,ChiNext,"fee=0.00%, tax=0.00%",0.0,0.0,962ee2b19f04a8163c755bcd0b9b2e5d3a6d5e2f61e4c9c178fd97dd8cf05314
20220425,1543548.9999999995,0.028127229286741485,1,ChiNext,"fee=0.00%, tax=0.00%",0.0,0.0,962ee2b19f04a8163c755bcd0b9b2e5d3a6d5e2f61e4c9c178fd97dd8cf05314
20220426,1625439.9999999998,0.05305370934126501,3,ChiNext,"fee=0.00%, tax=0.00%",0.0,0.0,962ee2b19f04a8163c755bcd0b9b2e5d3a6d5e2f61e4c9c178fd97dd8cf05314
20220427,1662882.9999999998,0.023035608819765727,3,ChiNext,"fee=0.00%, tax=0.00%",0.0,0.0,962ee2b19f04a8163c755bcd0b9b2e5d3a6d5e2f61e4c9c178fd97dd8cf05314
20220428,1715840.9999999998,0.03184709928479635,3,ChiNext,"fee=0.00%, tax=0.00%",0.0,0.0,962ee2b19f04a8163c755bcd0b9b2e5d3a6d5e2f61e4c9c178fd97dd8cf05314
20220429,1756255.9999999998,0.02355404725729249,1,ChiNext,"fee=0.00%, tax=0.00%",0.0,0.0,962ee2b19f04a8163c755bcd0b9b2e5d3a6d5e2f61e4c9c178fd97dd8cf05314
20220505,1756255.9999999998,0.0,0,ChiNext,"fee=0.00%, tax=0.00%",0.0,0.0,962ee2b19f04a8163c755bcd0b9b2e5d3a6d5e2f61e4c9c178fd97dd8cf05314
20220506,1773328.0,0.009720678534336814,4,ChiNext,"fee=0.00%, tax=0.00%",0.0,0.0,962ee2b19f04a8163c755bcd0b9b2e5d3a6d5e2f61e4c9c178fd97dd8cf05314
20220509,1838230.0,0.036598982252578204,1,ChiNext,"fee=0.00%, tax=0.00%",0.0,0.0,962ee2b19f04a8163c755bcd0b9b2e5d3a6d5e2f61e4c9c178fd97dd8cf05314
20220510,1817161.0,-0.011461569009318747,1,ChiNext,"fee=0.00%, tax=0.00%",0.0,0.0,962ee2b19f04a8163c755bcd0b9b2e5d3a6d5e2f61e4c9c178fd97dd8cf05314
20220511,1873295.0,0.03089104377652833,1,ChiNext,"fee=0.00%, tax=0.00%",0.0,0.0,962ee2b19f04a8163c755bcd0b9b2e5d3a6d5e2f61e4c9c178fd97dd8cf05314
20220512,1839718.0,-0.017924032253329027,3,ChiNext,"fee=0.00%, tax=0.00%",0.0,0.0,962ee2b19f04a8163c755bcd0b9b2e5d3a6d5e2f61e4c9c178fd97dd8cf05314
20220513,1839718.0,0.0,0,ChiNext,"fee=0.00%, tax=0.00%",0.0,0.0,962ee2b19f04a8163c755bcd0b9b2e5d3a6d5e2f61e4c9c178fd97dd8cf05314
20220516,1839718.0,0.0,0,ChiNext,"fee=0.00%, tax=0.00%",0.0,0.0,962ee2b19f04a8163c755bcd0b9b2e5d3a6d5e2f61e4c9c178fd97dd8cf05314
20220517,1839718.0,0.0,1,ChiNext,"fee=0.00%, tax=0.00%",0.0,0.0,962ee2b19f04a8163c755bcd0b9b2e5d3a6d5e2f61e4c9c178fd97dd8cf05314
20220518,1874529.0,0.018921921729308514,4,ChiNext,"fee=0.00%, tax=0.00%",0.0,0.0,962ee2b19f04a8163c755bcd0b9b2e5d3a6d5e2f61e4c9c178fd97dd8cf05314
20220519,1883020.0,0.004529671186735441,3,ChiNext,"fee=0.00%, tax=0.00%",0.0,0.0,962ee2b19f04a8163c755bcd0b9b2e5d3a6d5e2f61e4c9c178fd97dd8cf05314
20220520,1873223.0,-0.005202812503319137,3,ChiNext,"fee=0.00%, tax=0.00%",0.0,0.0,962ee2b19f04a8163c755bcd0b9b2e5d3a6d5e2f61e4c9c178fd97dd8cf05314
20220523,1873223.0,0.0,0,ChiNext,"fee=0.00%, tax=0.00%",0.0,0.0,962ee2b19f04a8163c755bcd0b9b2e5d3a6d5e2f61e4c9c178fd97dd8cf05314
20220524,1949523.0,0.04073193634714073,1,ChiNext,"fee=0.00%, tax=0.00%",0.0,0.0,962ee2b19f04a8163c755bcd0b9b2e5d3a6d5e2f61e4c9c178fd97dd8cf05314
20220525,1878998.0,-0.03617551575436658,1,ChiNext,"fee=0.00%, tax=0.00%",0.0,0.0,962ee2b19f04a8163c755bcd0b9b2e5d3a6d5e2f61e4c9c178fd97dd8cf05314
20220526,1799901.0,-0.042095308244074765,4,ChiNext,"fee=0.00%, tax=0.00%",0.0,0.0,962ee2b19f04a8163c755bcd0b9b2e5d3a6d5e2f61e4c9c178fd97dd8cf05314
20220527,1767365.0,-0.018076549765792673,2,ChiNext,"fee=0.00%, tax=0.00%",0.0,0.0,962ee2b19f04a8163c755bcd0b9b2e5d3a6d5e2f61e4c9c178fd97dd8cf05314
20220530,1800515.0,0.0187567367238799,2,ChiNext,"fee=0.00%, tax=0.00%",0.0,0.0,962ee2b19f04a8163c755bcd0b9b2e5d3a6d5e2f61e4c9c178fd97dd8cf05314
20220531,1897040.0,0.053609661680130406,1,ChiNext,"fee=0.00%, tax=0.00%",0.0,0.0,962ee2b19f04a8163c755bcd0b9b2e5d3a6d5e2f61e4c9c178fd97dd8cf05314
20220601,1943551.9999999998,0.024518196769704258,1,ChiNext,"fee=0.00%, tax=0.00%",0.0,0.0,962ee2b19f04a8163c755bcd0b9b2e5d3a6d5e2f61e4c9c178fd97dd8cf05314
20220602,1943551.9999999998,0.0,0,ChiNext,"fee=0.00%, tax=0.00%",0.0,0.0,962ee2b19f04a8163c755bcd0b9b2e5d3a6d5e2f61e4c9c178fd97dd8cf05314
20220606,1909877.9999999995,-0.017326009286090745,2,ChiNext,"fee=0.00%, tax=0.00%",0.0,0.0,962ee2b19f04a8163c755bcd0b9b2e5d3a6d5e2f61e4c9c178fd97dd8cf05314
20220607,1876993.9999999995,-0.017217853705838806,2,ChiNext,"fee=0.00%, tax=0.00%",0.0,0.0,962ee2b19f04a8163c755bcd0b9b2e5d3a6d5e2f61e4c9c178fd97dd8cf05314
20220608,1796405.9999999995,-0.042934607143123533,2,ChiNext,"fee=0.00%, tax=0.00%",0.0,0.0,962ee2b19f04a8163c755bcd0b9b2e5d3a6d5e2f61e4c9c178fd97dd8cf05314
20220609,1844156.9999999995,0.026581407543728987,2,ChiNext,"fee=0.00%, tax=0.00%",0.0,0.0,962ee2b19f04a8163c755bcd0b9b2e5d3a6d5e2f61e4c9c178fd97dd8cf05314
20220610,1903436.9999999993,0.032144768585320976,1,ChiNext,"fee=0.00%, tax=0.00%",0.0,0.0,962ee2b19f04a8163c755bcd0b9b2e5d3a6d5e2f61e4c9c178fd97dd8cf05314
20220613,2117727.999999999,0.1125810835872161,1,ChiNext,"fee=0.00%, tax=0.00%",0.0,0.0,962ee2b19f04a8163c755bcd0b9b2e5d3a6d5e2f61e4c9c178fd97dd8cf05314
20220614,2121736.999999999,0.0018930665316792344,1,ChiNext,"fee=0.00%, tax=0.00%",0.0,0.0,962ee2b19f04a8163c755bcd0b9b2e5d3a6d5e2f61e4c9c178fd97dd8cf05314
20220615,2219756.999999999,0.04619799720700541,1,ChiNext,"fee=0.00%, tax=0.00%",0.0,0.0,962ee2b19f04a8163c755bcd0b9b2e5d3a6d5e2f61e4c9c178fd97dd8cf05314
20220616,2219756.999999999,0.0,0,ChiNext,"fee=0.00%, tax=0.00%",0.0,0.0,962ee2b19f04a8163c755bcd0b9b2e5d3a6d5e2f61e4c9c178fd97dd8cf05314
20220617,2238704.999999999,0.008536069488687278,4,ChiNext,"fee=0.00%, tax=0.00%",0.0,0.0,962ee2b19f04a8163c755bcd0b9b2e5d3a6d5e2f61e4c9c178fd97dd8cf05314
20220620,2201285.999999999,-0.016714573827279616,4,ChiNext,"fee=0.00%, tax=0.00%",0.0,0.0,962ee2b19f04a8163c755bcd0b9b2e5d3a6d5e2f61e4c9c178fd97dd8cf05314
20220621,2199573.999999999,-0.0007777272012814331,4,ChiNext,"fee=0.00%, tax=0.00%",0.0,0.0,962ee2b19f04a8163c755bcd0b9b2e5d3a6d5e2f61e4c9c178fd97dd8cf05314
20220622,2416358.999999999,0.09855772072228536,4,ChiNext,"fee=0.00%, tax=0.00%",0.0,0.0,962ee2b19f04a8163c755bcd0b9b2e5d3a6d5e2f61e4c9c178fd97dd8cf05314
20220623,2386030.999999999,-0.012551115128174254,2,ChiNext,"fee=0.00%, tax=0.00%",0.0,0.0,962ee2b19f04a8163c755bcd0b9b2e5d3a6d5e2f61e4c9c178fd97dd8cf05314
20220624,2473686.999999999,0.036737158905311804,2,ChiNext,"fee=0.00%, tax=0.00%",0.0,0.0,962ee2b19f04a8163c755bcd0b9b2e5d3a6d5e2f61e4c9c178fd97dd8cf05314
20220627,2583778.999999999,0.04450522640900002,2,ChiNext,"fee=0.00%, tax=0.00%",0.0,0.0,962ee2b19f04a8163c755bcd0b9b2e5d3a6d5e2f61e4c9c178fd97dd8cf05314
20220628,2448743.999999999,-0.052262596762339214,1,ChiNext,"fee=0.00%, tax=0.00%",0.0,0.0,962ee2b19f04a8163c755bcd0b9b2e5d3a6d5e2f61e4c9c178fd97dd8cf05314
20220629,2483543.999999999,0.01421136713351825,1,ChiNext,"fee=0.00%, tax=0.00%",0.0,0.0,962ee2b19f04a8163c755bcd0b9b2e5d3a6d5e2f61e4c9c178fd97dd8cf05314
20220630,2478467.999999999,-0.002043853461021831,1,ChiNext,"fee=0.00%, tax=0.00%",0.0,0.0,962ee2b19f04a8163c755bcd0b9b2e5d3a6d5e2f61e4c9c178fd97dd8cf05314
20220701,2478467.999999999,0.0,0,ChiNext,"fee=0.00%, tax=0.00%",0.0,0.0,962ee2b19f04a8163c755bcd0b9b2e5d3a6d5e2f61e4c9c178fd97dd8cf05314
20220704,2478467.999999999,0.0,0,ChiNext,"fee=0.00%, tax=0.00%",0.0,0.0,962ee2b19f04a8163c755bcd0b9b2e5d3a6d5e2f61e4c9c178fd97dd8cf05314
20220705,2478467.999999999,0.0,0,ChiNext,"fee=0.00%, tax=0.00%",0.0,0.0,962ee2b19f04a8163c755bcd0b9b2e5d3a6d5e2f61e4c9c178fd97dd8cf05314
20220706,2463328.999999999,-0.006108208780585428,2,ChiNext,"fee=0.00%, tax=0.00%",0.0,0.0,962ee2b19f04a8163c755bcd0b9b2e5d3a6d5e2f61e4c9c178fd97dd8cf05314
20220707,2521133.999999999,0.02346621178088677,2,ChiNext,"fee=0.00%, tax=0.00%",0.0,0.0,962ee2b19f04a8163c755bcd0b9b2e5d3a6d5e2f61e4c9c178fd97dd8cf05314
20220708,2582435.999999999,0.024315248614314045,2,ChiNext,"fee=0.00%, tax=0.00%",0.0,0.0,962ee2b19f04a8163c755bcd0b9b2e5d3a6d5e2f61e4c9c178fd97dd8cf05314
20220711,2411615.9999999986,-0.06614684739525027,1,ChiNext,"fee=0.00%, tax=0.00%",0.0,0.0,962ee2b19f04a8163c755bcd0b9b2e5d3a6d5e2f61e4c9c178fd97dd8cf05314
20220712,2446279.9999999986,0.014373764314053324,2,ChiNext,"fee=0.00%, tax=0.00%",0.0,0.0,962ee2b19f04a8163c755bcd0b9b2e5d3a6d5e2f61e4c9c178fd97dd8cf05314
20220713,2477701.9999999986,0.012844809261409167,4,ChiNext,"fee=0.00%, tax=0.00%",0.0,0.0,962ee2b19f04a8163c755bcd0b9b2e5d3a6d5e2f61e4c9c178fd97dd8cf05314
20220714,2484337.9999999986,0.002678288188006469,4,ChiNext,"fee=0.00%, tax=0.00%",0.0,0.0,962ee2b19f04a8163c755bcd0b9b2e5d3a6d5e2f61e4c9c178fd97dd8cf05314
20220715,2558622.9999999986,0.029901325826034962,4,ChiNext,"fee=0.00%, tax=0.00%",0.0,0.0,962ee2b19f04a8163c755bcd0b9b2e5d3a6d5e2f61e4c9c178fd97dd8cf05314
20220718,2575879.9999999986,0.006744643505510585,4,ChiNext,"fee=0.00%, tax=0.00%",0.0,0.0,962ee2b19f04a8163c755bcd0b9b2e5d3a6d5e2f61e4c9c178fd97dd8cf05314
20220719,2462066.9999999986,-0.04418412348401325,1,ChiNext,"fee=0.00%, tax=0.00%",0.0,0.0,962ee2b19f04a8163c755bcd0b9b2e5d3a6d5e2f61e4c9c178fd97dd8cf05314
20220720,2462066.9999999986,0.0,0,ChiNext,"fee=0.00%, tax=0.00%",0.0,0.0,962ee2b19f04a8163c755bcd0b9b2e5d3a6d5e2f61e4c9c178fd97dd8cf05314
20220721,2469306.9999999986,0.0029406185940512603,2,ChiNext,"fee=0.00%, tax=0.00%",0.0,0.0,962ee2b19f04a8163c755bcd0b9b2e5d3a6d5e2f61e4c9c178fd97dd8cf05314
20220722,2497548.9999999986,0.011437217000559273,2,ChiNext,"fee=0.00%, tax=0.00%",0.0,0.0,962ee2b19f04a8163c755bcd0b9b2e5d3a6d5e2f61e4c9c178fd97dd8cf05314
20220725,2532077.9999999986,0.013825154181159217,2,ChiNext,"fee=0.00%, tax=0.00%",0.0,0.0,962ee2b19f04a8163c755bcd0b9b2e5d3a6d5e2f61e4c9c178fd97dd8cf05314
20220726,2494311.999999998,-0.014915022365030022,2,ChiNext,"fee=0.00%, tax=0.00%",0.0,0.0,962ee2b19f04a8163c755bcd0b9b2e5d3a6d5e2f61e4c9c178fd97dd8cf05314
20220727,2513880.9999999977,0.007845449967766482,3,ChiNext,"fee=0.00%, tax=0.00%",0.0,0.0,962ee2b19f04a8163c755bcd0b9b2e5d3a6d5e2f61e4c9c178fd97dd8cf05314
20220728,2474556.9999999977,-0.01564274522143253,3,ChiNext,"fee=0.00%, tax=0.00%",0.0,0.0,962ee2b19f04a8163c755bcd0b9b2e5d3a6d5e2f61e4c9c178fd97dd8cf05314
20220729,2407566.9999999977,-0.02707151219389978,1,ChiNext,"fee=0.00%, tax=0.00%",0.0,0.0,962ee2b19f04a8163c755bcd0b9b2e5d3a6d5e2f61e4c9c178fd97dd8cf05314
20220801,2373112.9999999977,-0.014310712848282118,4,ChiNext,"fee=0.00%, tax=0.00%",0.0,0.0,962ee2b19f04a8163c755bcd0b9b2e5d3a6d5e2f61e4c9c178fd97dd8cf05314
20220802,2256376.9999999977,-0.04919108361043074,1,ChiNext,"fee=0.00%, tax=0.00%",0.0,0.0,962ee2b19f04a8163c755bcd0b9b2e5d3a6d5e2f61e4c9c178fd97dd8cf05314
20220803,2271643.9999999977,0.0067661565421026785,1,ChiNext,"fee=0.00%, tax=0.00%",0.0,0.0,962ee2b19f04a8163c755bcd0b9b2e5d3a6d5e2f61e4c9c178fd97dd8cf05314
20220804,2298290.9999999977,0.011730271116424945,4,ChiNext,"fee=0.00%, tax=0.00%",0.0,0.0,962ee2b19f04a8163c755bcd0b9b2e5d3a6d5e2f61e4c9c178fd97dd8cf05314
20220805,2333984.9999999977,0.015530670398134978,4,ChiNext,"fee=0.00%, tax=0.00%",0.0,0.0,962ee2b19f04a8163c755bcd0b9b2e5d3a6d5e2f61e4c9c178fd97dd8cf05314
20220808,2374340.9999999977,0.017290599553981725,4,ChiNext,"fee=0.00%, tax=0.00%",0.0,0.0,962ee2b19f04a8163c755bcd0b9b2e5d3a6d5e2f61e4c9c178fd97dd8cf05314
20220809,2372007.9999999977,-0.0009825884319059487,4,ChiNext,"fee=0.00%, tax=0.00%",0.0,0.0,962ee2b19f04a8163c755bcd0b9b2e5d3a6d5e2f61e4c9c178fd97dd8cf05314
20220810,2379124.9999999977,0.0030004114657286177,2,ChiNext,"fee=0.00%, tax=0.00%",0.0,0.0,962ee2b19f04a8163c755bcd0b9b2e5d3a6d5e2f61e4c9c178fd97dd8cf05314
20220811,2365892.9999999977,-0.005561708611359224,4,ChiNext,"fee=0.00%, tax=0.00%",0.0,0.0,962ee2b19f04a8163c755bcd0b9b2e5d3a6d5e2f61e4c9c178fd97dd8cf05314
20220812,2438139.9999999977,0.03053688395882657,4,ChiNext,"fee=0.00%, tax=0.00%",0.0,0.0,962ee2b19f04a8163c755bcd0b9b2e5d3a6d5e2f61e4c9c178fd97dd8cf05314
20220815,2416608.9999999977,-0.008830912088723379,3,ChiNext,"fee=0.00%, tax=0.00%",0.0,0.0,962ee2b19f04a8163c755bcd0b9b2e5d3a6d5e2f61e4c9c178fd97dd8cf05314
20220816,2335460.9999999977,-0.033579284029812057,2,ChiNext,"fee=0.00%, tax=0.00%",0.0,0.0,962ee2b19f04a8163c755bcd0b9b2e5d3a6d5e2f61e4c9c178fd97dd8cf05314
20220817,2345794.999999997,0.0044248223370030775,3,ChiNext,"fee=0.00%, tax=0.00%",0.0,0.0,962ee2b19f04a8163c755bcd0b9b2e5d3a6d5e2f61e4c9c178fd97dd8cf05314
20220818,2233194.999999997,-0.04800078438226705,1,ChiNext,"fee=0.00%, tax=0.00%",0.0,0.0,962ee2b19f04a8163c755bcd0b9b2e5d3a6d5e2f61e4c9c178fd97dd8cf05314
20220819,2251806.999999997,0.008334247569065855,1,ChiNext,"fee=0.00%, tax=0.00%",0.0,0.0,962ee2b19f04a8163c755bcd0b9b2e5d3a6d5e2f61e4c9c178fd97dd8cf05314
20220822,2224581.999999997,-0.012090290153641069,1,ChiNext,"fee=0.00%, tax=0.00%",0.0,0.0,962ee2b19f04a8163c755bcd0b9b2e5d3a6d5e2f61e4c9c178fd97dd8cf05314
20220823,2101101.999999997,-0.05550705705611218,1,ChiNext,"fee=0.00%, tax=0.00%",0.0,0.0,962ee2b19f04a8163c755bcd0b9b2e5d3a6d5e2f61e4c9c178fd97dd8cf05314
20220824,2094557.9999999972,-0.0031145560758116496,1,ChiNext,"fee=0.00%, tax=0.00%",0.0,0.0,962ee2b19f04a8163c755bcd0b9b2e5d3a6d5e2f61e4c9c178fd97dd8cf05314
20220825,2117172.999999997,0.010797027344193874,2,ChiNext,"fee=0.00%, tax=0.00%",0.0,0.0,962ee2b19f04a8163c755bcd0b9b2e5d3a6d5e2f61e4c9c178fd97dd8cf05314
20220826,2123255.999999997,0.0028731709690233195,2,ChiNext,"fee=0.00%, tax=0.00%",0.0,0.0,962ee2b19f04a8163c755bcd0b9b2e5d3a6d5e2f61e4c9c178fd97dd8cf05314
20220829,2122233.999999997,-0.0004813362119311102,2,ChiNext,"fee=0.00%, tax=0.00%",0.0,0.0,962ee2b19f04a8163c755bcd0b9b2e5d3a6d5e2f61e4c9c178fd97dd8cf05314
20220830,2072735.9999999972,-0.023323535481949712,2,ChiNext,"fee=0.00%, tax=0.00%",0.0,0.0,962ee2b19f04a8163c755bcd0b9b2e5d3a6d5e2f61e4c9c178fd97dd8cf05314
20220831,2074991.9999999972,0.0010884164698253917,4,ChiNext,"fee=0.00%, tax=0.00%",0.0,0.0,962ee2b19f04a8163c755bcd0b9b2e5d3a6d5e2f61e4c9c178fd97dd8cf05314
20220901,2084840.9999999972,0.004746524323949207,3,ChiNext,"fee=0.00%, tax=0.00%",0.0,0.0,962ee2b19f04a8163c755bcd0b9b2e5d3a6d5e2f61e4c9c178fd97dd8cf05314
20220902,2084672.9999999972,-8.058168464645516e-05,3,ChiNext,"fee=0.00%, tax=0.00%",0.0,0.0,962ee2b19f04a8163c755bcd0b9b2e5d3a6d5e2f61e4c9c178fd97dd8cf05314
20220905,2141826.999999997,0.027416290228731353,3,ChiNext,"fee=0.00%, tax=0.00%",0.0,0.0,962ee2b19f04a8163c755bcd0b9b2e5d3a6d5e2f61e4c9c178fd97dd8cf05314
20220906,2175250.999999997,0.01560536868757376,3,ChiNext,"fee=0.00%, tax=0.00%",0.0,0.0,962ee2b19f04a8163c755bcd0b9b2e5d3a6d5e2f61e4c9c178fd97dd8cf05314
20220907,2148670.9999999967,-0.012219279522225481,3,ChiNext,"fee=0.00%, tax=0.00%",0.0,0.0,962ee2b19f04a8163c755bcd0b9b2e5d3a6d5e2f61e4c9c178fd97dd8cf05314
20220908,2190221.9999999967,0.01933800009401163,2,ChiNext,"fee=0.00%, tax=0.00%",0.0,0.0,962ee2b19f04a8163c755bcd0b9b2e5d3a6d5e2f61e4c9c178fd97dd8cf05314
20220909,2186189.9999999967,-0.0018409092776896616,2,ChiNext,"fee=0.00%, tax=0.00%",0.0,0.0,962ee2b19f04a8163c755bcd0b9b2e5d3a6d5e2f61e4c9c178fd97dd8cf05314
20220913,2322312.9999999967,0.062264944949890086,2,ChiNext,"fee=0.00%, tax=0.00%",0.0,0.0,962ee2b19f04a8163c755bcd0b9b2e5d3a6d5e2f61e4c9c178fd97dd8cf05314
20220914,2268717.9999999967,-0.02307828445175137,2,ChiNext,"fee=0.00%, tax=0.00%",0.0,0.0,962ee2b19f04a8163c755bcd0b9b2e5d3a6d5e2f61e4c9c178fd97dd8cf05314
20220915,2337237.9999999967,0.030202078883316524,2,ChiNext,"fee=0.00%, tax=0.00%",0.0,0.0,962ee2b19f04a8163c755bcd0b9b2e5d3a6d5e2f61e4c9c178fd97dd8cf05314
20220916,2370217.9999999967,0.014110672511742512,2,ChiNext,"fee=0.00%, tax=0.00%",0.0,0.0,962ee2b19f04a8163c755bcd0b9b2e5d3a6d5e2f61e4c9c178fd97dd8cf05314
20220919,2481805.9999999967,0.04707921381071283,2,ChiNext,"fee=0.00%, tax=0.00%",0.0,0.0,962ee2b19f04a8163c755bcd0b9b2e5d3a6d5e2f61e4c9c178fd97dd8cf05314
20220920,2451686.9999999967,-0.012135920374114673,4,ChiNext,"fee=0.00%, tax=0.00%",0.0,0.0,962ee2b19f04a8163c755bcd0b9b2e5d3a6d5e2f61e4c9c178fd97dd8cf05314
20220921,2532054.9999999967,0.032780693457199105,4,ChiNext,"fee=0.00%, tax=0.00%",0.0,0.0,962ee2b19f04a8163c755bcd0b9b2e5d3a6d5e2f61e4c9c178fd97dd8cf05314
20220922,2471927.9999999967,-0.023746324625649948,4,ChiNext,"fee=0.00%, tax=0.00%",0.0,0.0,962ee2b19f04a8163c755bcd0b9b2e5d3a6d5e2f61e4c9c178fd97dd8cf05314
20220923,2482350.9999999967,0.004216546760261631,4,ChiNext,"fee=0.00%, tax=0.00%",0.0,0.0,962ee2b19f04a8163c755bcd0b9b2e5d3a6d5e2f61e4c9c178fd97dd8cf05314
20220926,2523707.9999999967,0.01666041587188921,3,ChiNext,"fee=0.00%, tax=0.00%",0.0,0.0,962ee2b19f04a8163c755bcd0b9b2e5d3a6d5e2f61e4c9c178fd97dd8cf05314
20220927,2422069.9999999967,-0.04027328042705421,2,ChiNext,"fee=0.00%, tax=0.00%",0.0,0.0,962ee2b19f04a8163c755bcd0b9b2e5d3a6d5e2f61e4c9c178fd97dd8cf05314
20220928,2482701.9999999967,0.0250331328161449,2,ChiNext,"fee=0.00%, tax=0.00%",0.0,0.0,962ee2b19f04a8163c755bcd0b9b2e5d3a6d5e2f61e4c9c178fd97dd8cf05314
20220930,2408285.9999999967,-0.02997379468015094,3,ChiNext,"fee=0.00%, tax=0.00%",0.0,0.0,962ee2b19f04a8163c755bcd0b9b2e5d3a6d5e2f61e4c9c178fd97dd8cf05314
20221010,2435689.9999999967,0.011379047172968674,3,ChiNext,"fee=0.00%, tax=0.00%",0.0,0.0,962ee2b19f04a8163c755bcd0b9b2e5d3a6d5e2f61e4c9c178fd97dd8cf05314
20221011,2435689.9999999967,0.0,0,ChiNext,"fee=0.00%, tax=0.00%",0.0,0.0,962ee2b19f04a8163c755bcd0b9b2e5d3a6d5e2f61e4c9c178fd97dd8cf05314
20221012,2435689.9999999967,0.0,0,ChiNext,"fee=0.00%, tax=0.00%",0.0,0.0,962ee2b19f04a8163c755bcd0b9b2e5d3a6d5e2f61e4c9c178fd97dd8cf05314
20221013,2513628.9999999967,0.03199873547126281,2,ChiNext,"fee=0.00%, tax=0.00%",0.0,0.0,962ee2b19f04a8163c755bcd0b9b2e5d3a6d5e2f61e4c9c178fd97dd8cf05314
20221014,2486270.9999999967,-0.010883865518738062,2,ChiNext,"fee=0.00%, tax=0.00%",0.0,0.0,962ee2b19f04a8163c755bcd0b9b2e5d3a6d5e2f61e4c9c178fd97dd8cf05314
20221017,2646541.9999999967,0.06446240172531482,2,ChiNext,"fee=0.00%, tax=0.00%",0.0,0.0,962ee2b19f04a8163c755bcd0b9b2e5d3a6d5e2f61e4c9c178fd97dd8cf05314
20221018,2703303.9999999967,0.021447609748872328,4,ChiNext,"fee=0.00%, tax=0.00%",0.0,0.0,962ee2b19f04a8163c755bcd0b9b2e5d3a6d5e2f61e4c9c178fd97dd8cf05314
20221019,2775964.9999999967,0.02687859005128542,4,ChiNext,"fee=0.00%, tax=0.00%",0.0,0.0,962ee2b19f04a8163c755bcd0b9b2e5d3a6d5e2f61e4c9c178fd97dd8cf05314
20221020,2763111.9999999967,-0.004630101604306976,4,ChiNext,"fee=0.00%, tax=0.00%",0.0,0.0,962ee2b19f04a8163c755bcd0b9b2e5d3a6d5e2f61e4c9c178fd97dd8cf05314
20221021,2734246.9999999967,-0.010446554464676074,4,ChiNext,"fee=0.00%, tax=0.00%",0.0,0.0,962ee2b19f04a8163c755bcd0b9b2e5d3a6d5e2f61e4c9c178fd97dd8cf05314
20221024,2761973.9999999967,0.010140634697596828,4,ChiNext,"fee=0.00%, tax=0.00%",0.0,0.0,962ee2b19f04a8163c755bcd0b9b2e5d3a6d5e2f61e4c9c178fd97dd8cf05314
20221025,2976126.9999999967,0.07753621141980346,2,ChiNext,"fee=0.00%, tax=0.00%",0.0,0.0,962ee2b19f04a8163c755bcd0b9b2e5d3a6d5e2f61e4c9c178fd97dd8cf05314
20221026,2979124.999999997,0.0010073494847499683,2,ChiNext,"fee=0.00%, tax=0.00%",0.0,0.0,962ee2b19f04a8163c755bcd0b9b2e5d3a6d5e2f61e4c9c178fd97dd8cf05314
20221027,2906064.999999997,-0.02452397935635466,2,ChiNext,"fee=0.00%, tax=0.00%",0.0,0.0,962ee2b19f04a8163c755bcd0b9b2e5d3a6d5e2f61e4c9c178fd97dd8cf05314
20221028,2931597.999999997,0.008786107674811135,2,ChiNext,"fee=0.00%, tax=0.00%",0.0,0.0,962ee2b19f04a8163c755bcd0b9b2e5d3a6d5e2f61e4c9c178fd97dd8cf05314
20221031,2951442.999999997,0.006769345592403876,3,ChiNext,"fee=0.00%, tax=0.00%",0.0,0.0,962ee2b19f04a8163c755bcd0b9b2e5d3a6d5e2f61e4c9c178fd97dd8cf05314
20221101,2951442.999999997,0.0,0,ChiNext,"fee=0.00%, tax=0.00%",0.0,0.0,962ee2b19f04a8163c755bcd0b9b2e5d3a6d5e2f61e4c9c178fd97dd8cf05314
20221102,2951442.999999997,0.0,0,ChiNext,"fee=0.00%, tax=0.00%",0.0,0.0,962ee2b19f04a8163c755bcd0b9b2e5d3a6d5e2f61e4c9c178fd97dd8cf05314
20221103,2951442.999999997,0.0,0,ChiNext,"fee=0.00%, tax=0.00%",0.0,0.0,962ee2b19f04a8163c755bcd0b9b2e5d3a6d5e2f61e4c9c178fd97dd8cf05314
20221104,3024544.999999997,0.02476822354353449,2,ChiNext,"fee=0.00%, tax=0.00%",0.0,0.0,962ee2b19f04a8163c755bcd0b9b2e5d3a6d5e2f61e4c9c178fd97dd8cf05314
20221107,3054166.999999997,0.009793869821741791,2,ChiNext,"fee=0.00%, tax=0.00%",0.0,0.0,962ee2b19f04a8163c755bcd0b9b2e5d3a6d5e2f61e4c9c178fd97dd8cf05314
20221108,3156808.999999997,0.0336071996063084,2,ChiNext,"fee=0.00%, tax=0.00%",0.0,0.0,962ee2b19f04a8163c755bcd0b9b2e5d3a6d5e2f61e4c9c178fd97dd8cf05314
20221109,3111955.999999997,-0.01420833506240005,2,ChiNext,"fee=0.00%, tax=0.00%",0.0,0.0,962ee2b19f04a8163c755bcd0b9b2e5d3a6d5e2f61e4c9c178fd97dd8cf05314
20221110,3118610.999999997,0.002138526380193038,4,ChiNext,"fee=0.00%, tax=0.00%",0.0,0.0,962ee2b19f04a8163c755bcd0b9b2e5d3a6d5e2f61e4c9c178fd97dd8cf05314
20221111,3091860.999999997,-0.008577536602032131,4,ChiNext,"fee=0.00%, tax=0.00%",0.0,0.0,962ee2b19f04a8163c755bcd0b9b2e5d3a6d5e2f61e4c9c178fd97dd8cf05314
20221114,3236211.9999999977,0.04668741576675038,3,ChiNext,"fee=0.00%, tax=0.00%",0.0,0.0,962ee2b19f04a8163c755bcd0b9b2e5d3a6d5e2f61e4c9c178fd97dd8cf05314
20221115,3148170.9999999977,-0.027204954434381944,3,ChiNext,"fee=0.00%, tax=0.00%",0.0,0.0,962ee2b19f04a8163c755bcd0b9b2e5d3a6d5e2f61e4c9c178fd97dd8cf05314
20221116,3135561.9999999977,-0.004005182691791523,2,ChiNext,"fee=0.00%, tax=0.00%",0.0,0.0,962ee2b19f04a8163c755bcd0b9b2e5d3a6d5e2f61e4c9c178fd97dd8cf05314
20221117,3223170.9999999977,0.027940445763789734,2,ChiNext,"fee=0.00%, tax=0.00%",0.0,0.0,962ee2b19f04a8163c755bcd0b9b2e5d3a6d5e2f61e4c9c178fd97dd8cf05314
20221118,3396533.999999998,0.053786473010585104,2,ChiNext,"fee=0.00%, tax=0.00%",0.0,0.0,962ee2b19f04a8163c755bcd0b9b2e5d3a6d5e2f61e4c9c178fd97dd8cf05314
20221121,3331417.9999999986,-0.01917130816296836,2,ChiNext,"fee=0.00%, tax=0.00%",0.0,0.0,962ee2b19f04a8163c755bcd0b9b2e5d3a6d5e2f61e4c9c178fd97dd8cf05314
20221122,3393817.9999999986,0.01873076269624527,4,ChiNext,"fee=0.00%, tax=0.00%",0.0,0.0,962ee2b19f04a8163c755bcd0b9b2e5d3a6d5e2f61e4c9c178fd97dd8cf05314
20221123,3403264.999999998,0.0027835906345005943,4,ChiNext,"fee=0.00%, tax=0.00%",0.0,0.0,962ee2b19f04a8163c755bcd0b9b2e5d3a6d5e2f61e4c9c178fd97dd8cf05314
20221124,3261219.999999998,-0.04173786055449696,3,ChiNext,"fee=0.00%, tax=0.00%",0.0,0.0,962ee2b19f04a8163c755bcd0b9b2e5d3a6d5e2f61e4c9c178fd97dd8cf05314
20221125,3318324.999999998,0.017510318224468153,4,ChiNext,"fee=0.00%, tax=0.00%",0.0,0.0,962ee2b19f04a8163c755bcd0b9b2e5d3a6d5e2f61e4c9c178fd97dd8cf05314
20221128,3434174.999999998,0.03491219214513348,2,ChiNext,"fee=0.00%, tax=0.00%",0.0,0.0,962ee2b19f04a8163c755bcd0b9b2e5d3a6d5e2f61e4c9c178fd97dd8cf05314
20221129,3350685.999999998,-0.02431122467550432,2,ChiNext,"fee=0.00%, tax=0.00%",0.0,0.0,962ee2b19f04a8163c755bcd0b9b2e5d3a6d5e2f61e4c9c178fd97dd8cf05314
20221130,3343929.999999998,-0.002016303527098631,2,ChiNext,"fee=0.00%, tax=0.00%",0.0,0.0,962ee2b19f04a8163c755bcd0b9b2e5d3a6d5e2f61e4c9c178fd97dd8cf05314
20221201,3436371.999999998,0.02764471744324793,2,ChiNext,"fee=0.00%, tax=0.00%",0.0,0.0,962ee2b19f04a8163c755bcd0b9b2e5d3a6d5e2f61e4c9c178fd97dd8cf05314
20221202,3411481.999999998,-0.0072431040644028106,3,ChiNext,"fee=0.00%, tax=0.00%",0.0,0.0,962ee2b19f04a8163c755bcd0b9b2e5d3a6d5e2f61e4c9c178fd97dd8cf05314
20221205,3400156.999999998,-0.0033196716265834047,3,ChiNext,"fee=0.00%, tax=0.00%",0.0,0.0,962ee2b19f04a8163c755bcd0b9b2e5d3a6d5e2f61e4c9c178fd97dd8cf05314
20221206,3470831.999999998,0.02078580489077417,3,ChiNext,"fee=0.00%, tax=0.00%",0.0,0.0,962ee2b19f04a8163c755bcd0b9b2e5d3a6d5e2f61e4c9c178fd97dd8cf05314
20221207,3500491.999999998,0.0085455014820654,3,ChiNext,"fee=0.00%, tax=0.00%",0.0,0.0,962ee2b19f04a8163c755bcd0b9b2e5d3a6d5e2f61e4c9c178fd97dd8cf05314
20221208,3517983.999999998,0.004997011848620139,2,ChiNext,"fee=0.00%, tax=0.00%",0.0,0.0,962ee2b19f04a8163c755bcd0b9b2e5d3a6d5e2f61e4c9c178fd97dd8cf05314
20221209,3456094.999999998,-0.01759217779273585,2,ChiNext,"fee=0.00%, tax=0.00%",0.0,0.0,962ee2b19f04a8163c755bcd0b9b2e5d3a6d5e2f61e4c9c178fd97dd8cf05314
20221212,3510424.999999998,0.01572005399157142,2,ChiNext,"fee=0.00%, tax=0.00%",0.0,0.0,962ee2b19f04a8163c755bcd0b9b2e5d3a6d5e2f61e4c9c178fd97dd8cf05314
20221213,3615900.999999998,0.03004650434064253,2,ChiNext,"fee=0.00%, tax=0.00%",0.0,0.0,962ee2b19f04a8163c755bcd0b9b2e5d3a6d5e2f61e4c9c178fd97dd8cf05314
20221214,3615900.999999998,0.0,0,ChiNext,"fee=0.00%, tax=0.00%",0.0,0.0,962ee2b19f04a8163c755bcd0b9b2e5d3a6d5e2f61e4c9c178fd97dd8cf05314
20221215,3615900.999999998,0.0,0,ChiNext,"fee=0.00%, tax=0.00%",0.0,0.0,962ee2b19f04a8163c755bcd0b9b2e5d3a6d5e2f61e4c9c178fd97dd8cf05314
20221216,3615900.999999998,0.0,0,ChiNext,"fee=0.00%, tax=0.00%",0.0,0.0,962ee2b19f04a8163c755bcd0b9b2e5d3a6d5e2f61e4c9c178fd97dd8cf05314
20221219,3615900.999999998,0.0,0,ChiNext,"fee=0.00%, tax=0.00%",0.0,0.0,962ee2b19f04a8163c755bcd0b9b2e5d3a6d5e2f61e4c9c178fd97dd8cf05314
20221220,3542770.9999999977,-0.020224558139174856,2,ChiNext,"fee=0.00%, tax=0.00%",0.0,0.0,962ee2b19f04a8163c755bcd0b9b2e5d3a6d5e2f61e4c9c178fd97dd8cf05314
20221221,3484800.9999999977,-0.01636289785594385,2,ChiNext,"fee=0.00%, tax=0.00%",0.0,0.0,962ee2b19f04a8163c755bcd0b9b2e5d3a6d5e2f61e4c9c178fd97dd8cf05314
20221222,3465244.9999999977,-0.005611798205980775,2,ChiNext,"fee=0.00%, tax=0.00%",0.0,0.0,962ee2b19f04a8163c755bcd0b9b2e5d3a6d5e2f61e4c9c178fd97dd8cf05314
20221223,3496089.999999998,0.008901246520808915,4,ChiNext,"fee=0.00%, tax=0.00%",0.0,0.0,962ee2b19f04a8163c755bcd0b9b2e5d3a6d5e2f61e4c9c178fd97dd8cf05314
20221226,3551635.999999998,0.01588803491900953,2,ChiNext,"fee=0.00%, tax=0.00%",0.0,0.0,962ee2b19f04a8163c755bcd0b9b2e5d3a6d5e2f61e4c9c178fd97dd8cf05314
20221227,3481117.999999998,-0.019855075238566125,3,ChiNext,"fee=0.00%, tax=0.00%",0.0,0.0,962ee2b19f04a8163c755bcd0b9b2e5d3a6d5e2f61e4c9c178fd97dd8cf05314
20221228,3532251.999999998,0.014688959121753421,3,ChiNext,"fee=0.00%, tax=0.00%",0.0,0.0,962ee2b19f04a8163c755bcd0b9b2e5d3a6d5e2f61e4c9c178fd97dd8cf05314
20221229,3519573.999999998,-0.0035892116417514963,3,ChiNext,"fee=0.00%, tax=0.00%",0.0,0.0,962ee2b19f04a8163c755bcd0b9b2e5d3a6d5e2f61e4c9c178fd97dd8cf05314
20221230,3638778.999999998,0.033869155755781824,4,ChiNext,"fee=0.00%, tax=0.00%",0.0,0.0,962ee2b19f04a8163c755bcd0b9b2e5d3a6d5e2f61e4c9c178fd97dd8cf05314
20230103,3677979.999999998,0.010773119224882858,2,ChiNext,"fee=0.00%, tax=0.00%",0.0,0.0,962ee2b19f04a8163c755bcd0b9b2e5d3a6d5e2f61e4c9c178fd97dd8cf05314
20230104,3779963.9999999986,0.027728263883979934,2,ChiNext,"fee=0.00%, tax=0.00%",0.0,0.0,962ee2b19f04a8163c755bcd0b9b2e5d3a6d5e2f61e4c9c178fd97dd8cf05314
20230105,3738539.9999999986,-0.010958834528582815,4,ChiNext,"fee=0.00%, tax=0.00%",0.0,0.0,962ee2b19f04a8163c755bcd0b9b2e5d3a6d5e2f61e4c9c178fd97dd8cf05314
20230106,3839074.999999998,0.026891513799504507,4,ChiNext,"fee=0.00%, tax=0.00%",0.0,0.0,962ee2b19f04a8163c755bcd0b9b2e5d3a6d5e2f61e4c9c178fd97dd8cf05314
20230109,3911649.999999998,0.01890429335191421,4,ChiNext,"fee=0.00%, tax=0.00%",0.0,0.0,962ee2b19f04a8163c755bcd0b9b2e5d3a6d5e2f61e4c9c178fd97dd8cf05314
20230110,3808064.9999999977,-0.026481152454846554,4,ChiNext,"fee=0.00%, tax=0.00%",0.0,0.0,962ee2b19f04a8163c755bcd0b9b2e5d3a6d5e2f61e4c9c178fd97dd8cf05314
20230111,3876791.9999999977,0.018047748659752404,4,ChiNext,"fee=0.00%, tax=0.00%",0.0,0.0,962ee2b19f04a8163c755bcd0b9b2e5d3a6d5e2f61e4c9c178fd97dd8cf05314
20230112,3857982.999999997,-0.004851691811167707,2,ChiNext,"fee=0.00%, tax=0.00%",0.0,0.0,962ee2b19f04a8163c755bcd0b9b2e5d3a6d5e2f61e4c9c178fd97dd8cf05314
20230113,3771299.999999997,-0.022468476403343422,2,ChiNext,"fee=0.00%, tax=0.00%",0.0,0.0,962ee2b19f04a8163c755bcd0b9b2e5d3a6d5e2f61e4c9c178fd97dd8cf05314
20230116,3761351.999999997,-0.002637817198313581,2,ChiNext,"fee=0.00%, tax=0.00%",0.0,0.0,962ee2b19f04a8163c755bcd0b9b2e5d3a6d5e2f61e4c9c178fd97dd8cf05314
20230117,3677145.9999999977,-0.02238716291376069,2,ChiNext,"fee=0.00%, tax=0.00%",0.0,0.0,962ee2b19f04a8163c755bcd0b9b2e5d3a6d5e2f61e4c9c178fd97dd8cf05314
20230118,3695646.9999999977,0.005031347681054821,3,ChiNext,"fee=0.00%, tax=0.00%",0.0,0.0,962ee2b19f04a8163c755bcd0b9b2e5d3a6d5e2f61e4c9c178fd97dd8cf05314
20230119,3685446.9999999977,-0.0027600038640054115,3,ChiNext,"fee=0.00%, tax=0.00%",0.0,0.0,962ee2b19f04a8163c755bcd0b9b2e5d3a6d5e2f61e4c9c178fd97dd8cf05314
20230120,3745532.9999999977,0.016303585426679597,3,ChiNext,"fee=0.00%, tax=0.00%",0.0,0.0,962ee2b19f04a8163c755bcd0b9b2e5d3a6d5e2f61e4c9c178fd97dd8cf05314
20230130,3745532.9999999977,0.0,0,ChiNext,"fee=0.00%, tax=0.00%",0.0,0.0,962ee2b19f04a8163c755bcd0b9b2e5d3a6d5e2f61e4c9c178fd97dd8cf05314
20230131,3856483.9999999977,0.029622219320988512,2,ChiNext,"fee=0.00%, tax=0.00%",0.0,0.0,962ee2b19f04a8163c755bcd0b9b2e5d3a6d5e2f61e4c9c178fd97dd8cf05314
20230201,3823415.9999999977,-0.00857464986241354,2,ChiNext,"fee=0.00%, tax=0.00%",0.0,0.0,962ee2b19f04a8163c755bcd0b9b2e5d3a6d5e2f61e4c9c178fd97dd8cf05314
20230202,3824313.9999999977,0.00023486850502273373,2,ChiNext,"fee=0.00%, tax=0.00%",0.0,0.0,962ee2b19f04a8163c755bcd0b9b2e5d3a6d5e2f61e4c9c178fd97dd8cf05314
20230203,3691897.9999999977,-0.034624771919878984,2,ChiNext,"fee=0.00%, tax=0.00%",0.0,0.0,962ee2b19f04a8163c755bcd0b9b2e5d3a6d5e2f61e4c9c178fd97dd8cf05314
20230206,3693965.9999999977,0.0005601454861429003,1,ChiNext,"fee=0.00%, tax=0.00%",0.0,0.0,962ee2b19f04a8163c755bcd0b9b2e5d3a6d5e2f61e4c9c178fd97dd8cf05314
20230207,3657551.999999998,-0.009857697661537643,3,ChiNext,"fee=0.00%, tax=0.00%",0.0,0.0,962ee2b19f04a8163c755bcd0b9b2e5d3a6d5e2f61e4c9c178fd97dd8cf05314
20230208,3746663.999999998,0.024363836795758487,1,ChiNext,"fee=0.00%, tax=0.00%",0.0,0.0,962ee2b19f04a8163c755bcd0b9b2e5d3a6d5e2f61e4c9c178fd97dd8cf05314
20230209,3683303.999999998,-0.016911044064800054,1,ChiNext,"fee=0.00%, tax=0.00%",0.0,0.0,962ee2b19f04a8163c755bcd0b9b2e5d3a6d5e2f61e4c9c178fd97dd8cf05314
20230210,3769963.999999998,0.02352778918058353,3,ChiNext,"fee=0.00%, tax=0.00%",0.0,0.0,962ee2b19f04a8163c755bcd0b9b2e5d3a6d5e2f61e4c9c178fd97dd8cf05314
20230213,3747143.999999998,-0.0060531081994416955,2,ChiNext,"fee=0.00%, tax=0.00%",0.0,0.0,962ee2b19f04a8163c755bcd0b9b2e5d3a6d5e2f61e4c9c178fd97dd8cf05314
20230214,3764599.999999998,0.0046584812326401145,2,ChiNext,"fee=0.00%, tax=0.00%",0.0,0.0,962ee2b19f04a8163c755bcd0b9b2e5d3a6d5e2f61e4c9c178fd97dd8cf05314
20230215,3664495.999999998,-0.026590872868299434,1,ChiNext,"fee=0.00%, tax=0.00%",0.0,0.0,962ee2b19f04a8163c755bcd0b9b2e5d3a6d5e2f61e4c9c178fd97dd8cf05314
20230216,3602755.9999999977,-0.016848155926490437,1,ChiNext,"fee=0.00%, tax=0.00%",0.0,0.0,962ee2b19f04a8163c755bcd0b9b2e5d3a6d5e2f61e4c9c178fd97dd8cf05314
20230217,3566157.9999999977,-0.010158334341820546,1,ChiNext,"fee=0.00%, tax=0.00%",0.0,0.0,962ee2b19f04a8163c755bcd0b9b2e5d3a6d5e2f61e4c9c178fd97dd8cf05314
20230220,3513736.9999999977,-0.014699573041912342,1,ChiNext,"fee=0.00%, tax=0.00%",0.0,0.0,962ee2b19f04a8163c755bcd0b9b2e5d3a6d5e2f61e4c9c178fd97dd8cf05314
20230221,3525986.9999999977,0.0034863167049782066,1,ChiNext,"fee=0.00%, tax=0.00%",0.0,0.0,962ee2b19f04a8163c755bcd0b9b2e5d3a6d5e2f61e4c9c178fd97dd8cf05314
20230222,3569690.999999997,0.012394827320690508,2,ChiNext,"fee=0.00%, tax=0.00%",0.0,0.0,962ee2b19f04a8163c755bcd0b9b2e5d3a6d5e2f61e4c9c178fd97dd8cf05314
20230223,3590773.999999997,0.005906113442311958,2,ChiNext,"fee=0.00%, tax=0.00%",0.0,0.0,962ee2b19f04a8163c755bcd0b9b2e5d3a6d5e2f61e4c9c178fd97dd8cf05314
20230224,3564238.999999997,-0.00738977167596736,2,ChiNext,"fee=0.00%, tax=0.00%",0.0,0.0,962ee2b19f04a8163c755bcd0b9b2e5d3a6d5e2f61e4c9c178fd97dd8cf05314
20230227,3566147.9999999967,0.0005355982020284094,2,ChiNext,"fee=0.00%, tax=0.00%",0.0,0.0,962ee2b19f04a8163c755bcd0b9b2e5d3a6d5e2f61e4c9c178fd97dd8cf05314
20230228,3617570.9999999963,0.014419760481056754,4,ChiNext,"fee=0.00%, tax=0.00%",0.0,0.0,962ee2b19f04a8163c755bcd0b9b2e5d3a6d5e2f61e4c9c178fd97dd8cf05314
20230301,3775000.9999999963,0.04351815071494109,4,ChiNext,"fee=0.00%, tax=0.00%",0.0,0.0,962ee2b19f04a8163c755bcd0b9b2e5d3a6d5e2f61e4c9c178fd97dd8cf05314
20230302,3727088.9999999963,-0.012691917167704073,4,ChiNext,"fee=0.00%, tax=0.00%",0.0,0.0,962ee2b19f04a8163c755bcd0b9b2e5d3a6d5e2f61e4c9c178fd97dd8cf05314
20230303,3727088.9999999963,0.0,0,ChiNext,"fee=0.00%, tax=0.00%",0.0,0.0,962ee2b19f04a8163c755bcd0b9b2e5d3a6d5e2f61e4c9c178fd97dd8cf05314
20211207,998962.5713999999,-0.0010374286000001012,3,ChiNext,"fee=0.01%, tax=0.10%",0.0001,0.001,962ee2b19f04a8163c755bcd0b9b2e5d3a6d5e2f61e4c9c178fd97dd8cf05314
20211208,998962.5713999999,0.0,0,ChiNext,"fee=0.01%, tax=0.10%",0.0001,0.001,962ee2b19f04a8163c755bcd0b9b2e5d3a6d5e2f61e4c9c178fd97dd8cf05314
20211209,1001379.7784999999,0.0024197173840180973,4,ChiNext,"fee=0.01%, tax=0.10%",0.0001,0.001,962ee2b19f04a8163c755bcd0b9b2e5d3a6d5e2f61e4c9c178fd97dd8cf05314
20211210,1009553.5992999999,0.008162558277583581,4,ChiNext,"fee=0.01%, tax=0.10%",0.0001,0.001,962ee2b19f04a8163c755bcd0b9b2e5d3a6d5e2f61e4c9c178fd97dd8cf05314
20211213,1009553.5992999999,0.0,0,ChiNext,"fee=0.01%, tax=0.10%",0.0001,0.001,962ee2b19f04a8163c755bcd0b9b2e5d3a6d5e2f61e4c9c178fd97dd8cf05314
20211214,1014681.5329,0.005079406981021801,3,ChiNext,"fee=0.01%, tax=0.10%",0.0001,0.001,962ee2b19f04a8163c755bcd0b9b2e5d3a6d5e2f61e4c9c178fd97dd8cf05314
20211215,1072872.1201,0.05734862152629205,1,ChiNext,"fee=0.01%, tax=0.10%",0.0001,0.001,962ee2b19f04a8163c755bcd0b9b2e5d3a6d5e2f61e4c9c178fd97dd8cf05314
20211216,1071457.0668999997,-0.0013189392971347832,1,ChiNext,"fee=0.01%, tax=0.10%",0.0001,0.001,962ee2b19f04a8163c755bcd0b9b2e5d3a6d5e2f61e4c9c178fd97dd8cf05314
20211217,1128932.9652999998,0.05364274516970856,1,ChiNext,"fee=0.01%, tax=0.10%",0.0001,0.001,962ee2b19f04a8163c755bcd0b9b2e5d3a6d5e2f61e4c9c178fd97dd8cf05314
20211220,1152507.1487999996,0.020881827552741598,1,ChiNext,"fee=0.01%, tax=0.10%",0.0001,0.001,962ee2b19f04a8163c755bcd0b9b2e5d3a6d5e2f61e4c9c178fd97dd8cf05314
20211221,1152507.1487999996,0.0,0,ChiNext,"fee=0.01%, tax=0.10%",0.0001,0.001,962ee2b19f04a8163c755bcd0b9b2e5d3a6d5e2f61e4c9c178fd97dd8cf05314
20211222,1152507.1487999996,0.0,0,ChiNext,"fee=0.01%, tax=0.10%",0.0001,0.001,962ee2b19f04a8163c755bcd0b9b2e5d3a6d5e2f61e4c9c178fd97dd8cf05314
20211223,1137521.0102999995,-0.01300307639358577,3,ChiNext,"fee=0.01%, tax=0.10%",0.0001,0.001,962ee2b19f04a8163c755bcd0b9b2e5d3a6d5e2f61e4c9c178fd97dd8cf05314
20211224,1139101.8100999994,0.0013896884415198756,4,ChiNext,"fee=0.01%, tax=0.10%",0.0001,0.001,962ee2b19f04a8163c755bcd0b9b2e5d3a6d5e2f61e4c9c178fd97dd8cf05314
20211227,1155571.8019999997,0.014458753163208818,4,ChiNext,"fee=0.01%, tax=0.10%",0.0001,0.001,962ee2b19f04a8163c755bcd0b9b2e5d3a6d5e2f61e4c9c178fd97dd8cf05314
20211228,1199703.8403999996,0.038190650138415175,1,ChiNext,"fee=0.01%, tax=0.10%",0.0001,0.001,962ee2b19f04a8163c755bcd0b9b2e5d3a6d5e2f61e4c9c178fd97dd8cf05314
20211229,1193098.1410999997,-0.00550610832236524,1,ChiNext,"fee=0.01%, tax=0.10%",0.0001,0.001,962ee2b19f04a8163c755bcd0b9b2e5d3a6d5e2f61e4c9c178fd97dd8cf05314
20211230,1239927.5962999996,0.039250296004002365,1,ChiNext,"fee=0.01%, tax=0.10%",0.0001,0.001,962ee2b19f04a8163c755bcd0b9b2e5d3a6d5e2f61e4c9c178fd97dd8cf05314
20211231,1205289.1045999995,-0.027935898679376896,1,ChiNext,"fee=0.01%, tax=0.10%",0.0001,0.001,962ee2b19f04a8163c755bcd0b9b2e5d3a6d5e2f61e4c9c178fd97dd8cf05314
20220104,1205289.1045999995,0.0,0,ChiNext,"fee=0.01%, tax=0.10%",0.0001,0.001,962ee2b19f04a8163c755bcd0b9b2e5d3a6d5e2f61e4c9c178fd97dd8cf05314
20220105,1205289.1045999995,0.0,0,ChiNext,"fee=0.01%, tax=0.10%",0.0001,0.001,962ee2b19f04a8163c755bcd0b9b2e5d3a6d5e2f61e4c9c178fd97dd8cf05314
20220106,1205289.1045999995,0.0,0,ChiNext,"fee=0.01%, tax=0.10%",0.0001,0.001,962ee2b19f04a8163c755bcd0b9b2e5d3a6d5e2f61e4c9c178fd97dd8cf05314
20220107,1243858.6291999994,0.03200022671141626,3,ChiNext,"fee=0.01%, tax=0.10%",0.0001,0.001,962ee2b19f04a8163c755bcd0b9b2e5d3a6d5e2f61e4c9c178fd97dd8cf05314
20220110,1221902.2789999994,-0.017651805184743092,3,ChiNext,"fee=0.01%, tax=0.10%",0.0001,0.001,962ee2b19f04a8163c755bcd0b9b2e5d3a6d5e2f61e4c9c178fd97dd8cf05314
20220111,1250419.1806999992,0.023338119741734133,3,ChiNext,"fee=0.01%, tax=0.10%",0.0001,0.001,962ee2b19f04a8163c755bcd0b9b2e5d3a6d5e2f61e4c9c178fd97dd8cf05314
20220112,1167598.3426999992,-0.06623445903447828,1,ChiNext,"fee=0.01%, tax=0.10%",0.0001,0.001,962ee2b19f04a8163c755bcd0b9b2e5d3a6d5e2f61e4c9c178fd97dd8cf05314
20220113,1134750.8824999991,-0.02813249984925669,1,ChiNext,"fee=0.01%, tax=0.10%",0.0001,0.001,962ee2b19f04a8163c755bcd0b9b2e5d3a6d5e2f61e4c9c178fd97dd8cf05314
20220114,1199061.2792999991,0.05667358165724981,4,ChiNext,"fee=0.01%, tax=0.10%",0.0001,0.001,962ee2b19f04a8163c755bcd0b9b2e5d3a6d5e2f61e4c9c178fd97dd8cf05314
20220117,1134765.796599999,-0.05362151527195938,4,ChiNext,"fee=0.01%, tax=0.10%",0.0001,0.001,962ee2b19f04a8163c755bcd0b9b2e5d3a6d5e2f61e4c9c178fd97dd8cf05314
20220118,1134765.796599999,0.0,0,ChiNext,"fee=0.01%, tax=0.10%",0.0001,0.001,962ee2b19f04a8163c755bcd0b9b2e5d3a6d5e2f61e4c9c178fd97dd8cf05314
20220119,1134765.796599999,0.0,0,ChiNext,"fee=0.01%, tax=0.10%",0.0001,0.001,962ee2b19f04a8163c755bcd0b9b2e5d3a6d5e2f61e4c9c178fd97dd8cf05314
20220120,1119260.455999999,-0.0136639125416516,3,ChiNext,"fee=0.01%, tax=0.10%",0.0001,0.001,962ee2b19f04a8163c755bcd0b9b2e5d3a6d5e2f61e4c9c178fd97dd8cf05314
20220121,1121274.5694999988,0.0017995038502456899,3,ChiNext,"fee=0.01%, tax=0.10%",0.0001,0.001,962ee2b19f04a8163c755bcd0b9b2e5d3a6d5e2f61e4c9c178fd97dd8cf05314
20220124,1085635.301499999,-0.03178460385121573,3,ChiNext,"fee=0.01%, tax=0.10%",0.0001,0.001,962ee2b19f04a8163c755bcd0b9b2e5d3a6d5e2f61e4c9c178fd97dd8cf05314
20220125,1113727.5273999989,0.025876301057257016,1,ChiNext,"fee=0.01%, tax=0.10%",0.0001,0.001,962ee2b19f04a8163c755bcd0b9b2e5d3a6d5e2f61e4c9c178fd97dd8cf05314
20220126,1113727.5273999989,0.0,0,ChiNext,"fee=0.01%, tax=0.10%",0.0001,0.001,962ee2b19f04a8163c755bcd0b9b2e5d3a6d5e2f61e4c9c178fd97dd8cf05314
20220127,1113727.5273999989,0.0,0,ChiNext,"fee=0.01%, tax=0.10%",0.0001,0.001,962ee2b19f04a8163c755bcd0b9b2e5d3a6d5e2f61e4c9c178fd97dd8cf05314
20220128,1113727.5273999989,0.0,0,ChiNext,"fee=0.01%, tax=0.10%",0.0001,0.001,962ee2b19f04a8163c755bcd0b9b2e5d3a6d5e2f61e4c9c178fd97dd8cf05314
20220207,1117767.711999999,0.003627623903156873,1,ChiNext,"fee=0.01%, tax=0.10%",0.0001,0.001,962ee2b19f04a8163c755bcd0b9b2e5d3a6d5e2f61e4c9c178fd97dd8cf05314
20220208,1142878.887699999,0.02246546883615837,1,ChiNext,"fee=0.01%, tax=0.10%",0.0001,0.001,962ee2b19f04a8163c755bcd0b9b2e5d3a6d5e2f61e4c9c178fd97dd8cf05314
20220209,1125864.9456999989,-0.01488691600055712,1,ChiNext,"fee=0.01%, tax=0.10%",0.0001,0.001,962ee2b19f04a8163c755bcd0b9b2e5d3a6d5e2f61e4c9c178fd97dd8cf05314
20220210,1090337.767099999,-0.03155545319684076,3,ChiNext,"fee=0.01%, tax=0.10%",0.0001,0.001,962ee2b19f04a8163c755bcd0b9b2e5d3a6d5e2f61e4c9c178fd97dd8cf05314
20220216,1157035.743099999,0.061171847855365453,1,ChiNext,"fee=0.01%, tax=0.10%",0.0001,0.001,962ee2b19f04a8163c755bcd0b9b2e5d3a6d5e2f61e4c9c178fd97dd8cf05314
20220217,1219956.892299999,0.054381335732479635,1,ChiNext,"fee=0.01%, tax=0.10%",0.0001,0.001,962ee2b19f04a8163c755bcd0b9b2e5d3a6d5e2f61e4c9c178fd97dd8cf05314
20220218,1193496.9024999992,-0.021689282602530762,1,ChiNext,"fee=0.01%, tax=0.10%",0.0001,0.001,962ee2b19f04a8163c755bcd0b9b2e5d3a6d5e2f61e4c9c178fd97dd8cf05314
20220221,1230573.6897999991,0.03106567534640082,3,ChiNext,"fee=0.01%, tax=0.10%",0.0001,0.001,962ee2b19f04a8163c755bcd0b9b2e5d3a6d5e2f61e4c9c178fd97dd8cf05314
20220222,1312260.038799999,0.06638070493224679,4,ChiNext,"fee=0.01%, tax=0.10%",0.0001,0.001,962ee2b19f04a8163c755bcd0b9b2e5d3a6d5e2f61e4c9c178fd97dd8cf05314
20220223,1312260.038799999,0.0,0,ChiNext,"fee=0.01%, tax=0.10%",0.0001,0.001,962ee2b19f04a8163c755bcd0b9b2e5d3a6d5e2f61e4c9c178fd97dd8cf05314
20220224,1325774.2233999989,0.010298404432369897,1,ChiNext,"fee=0.01%, tax=0.10%",0.0001,0.001,962ee2b19f04a8163c755bcd0b9b2e5d3a6d5e2f61e4c9c178fd97dd8cf05314
20220225,1326837.5919999988,0.0008020736722975947,1,ChiNext,"fee=0.01%, tax=0.10%",0.0001,0.001,962ee2b19f04a8163c755bcd0b9b2e5d3a6d5e2f61e4c9c178fd97dd8cf05314
20220228,1322630.1684999987,-0.0031710162007529533,1,ChiNext,"fee=0.01%, tax=0.10%",0.0001,0.001,962ee2b19f04a8163c755bcd0b9b2e5d3a6d5e2f61e4c9c178fd97dd8cf05314
20220301,1297698.7692999986,-0.0188498643035452,3,ChiNext,"fee=0.01%, tax=0.10%",0.0001,0.001,962ee2b19f04a8163c755bcd0b9b2e5d3a6d5e2f61e4c9c178fd97dd8cf05314
20220302,1279803.1994999987,-0.013790234084642866,3,ChiNext,"fee=0.01%, tax=0.10%",0.0001,0.001,962ee2b19f04a8163c755bcd0b9b2e5d3a6d5e2f61e4c9c178fd97dd8cf05314
20220303,1274937.7385999986,-0.003801725844958765,4,ChiNext,"fee=0.01%, tax=0.10%",0.0001,0.001,962ee2b19f04a8163c755bcd0b9b2e5d3a6d5e2f61e4c9c178fd97dd8cf05314
20220304,1249143.8678999986,-0.020231474776426478,4,ChiNext,"fee=0.01%, tax=0.10%",0.0001,0.001,962ee2b19f04a8163c755bcd0b9b2e5d3a6d5e2f61e4c9c178fd97dd8cf05314
20220307,1177723.1554999985,-0.057175729902168265,1,ChiNext,"fee=0.01%, tax=0.10%",0.0001,0.001,962ee2b19f04a8163c755bcd0b9b2e5d3a6d5e2f61e4c9c178fd97dd8cf05314
20220308,1194037.2605999983,0.013852241100816017,4,ChiNext,"fee=0.01%, tax=0.10%",0.0001,0.001,962ee2b19f04a8163c755bcd0b9b2e5d3a6d5e2f61e4c9c178fd97dd8cf05314
20220309,1228397.6352999983,0.028776635230574055,4,ChiNext,"fee=0.01%, tax=0.10%",0.0001,0.001,962ee2b19f04a8163c755bcd0b9b2e5d3a6d5e2f61e4c9c178fd97dd8cf05314
20220310,1229058.3524999982,0.0005378691565443133,3,ChiNext,"fee=0.01%, tax=0.10%",0.0001,0.001,962ee2b19f04a8163c755bcd0b9b2e5d3a6d5e2f61e4c9c178fd97dd8cf05314
20220311,1171741.9236999983,-0.04663442438140866,3,ChiNext,"fee=0.01%, tax=0.10%",0.0001,0.001,962ee2b19f04a8163c755bcd0b9b2e5d3a6d5e2f61e4c9c178fd97dd8cf05314
20220314,1159843.9559999984,-0.010154085519471575,3,ChiNext,"fee=0.01%, tax=0.10%",0.0001,0.001,962ee2b19f04a8163c755bcd0b9b2e5d3a6d5e2f61e4c9c178fd97dd8cf05314
20220315,1234679.6282999986,0.06452219017296867,1,ChiNext,"fee=0.01%, tax=0.10%",0.0001,0.001,962ee2b19f04a8163c755bcd0b9b2e5d3a6d5e2f61e4c9c178fd97dd8cf05314
20220316,1275715.8164999986,0.03323630459222992,1,ChiNext,"fee=0.01%, tax=0.10%",0.0001,0.001,962ee2b19f04a8163c755bcd0b9b2e5d3a6d5e2f61e4c9c178fd97dd8cf05314
20220317,1286016.4846999983,0.008074422270831614,1,ChiNext,"fee=0.01%, tax=0.10%",0.0001,0.001,962ee2b19f04a8163c755bcd0b9b2e5d3a6d5e2f61e4c9c178fd97dd8cf05314
20220318,1291862.7789999982,0.00454604926885037,1,ChiNext,"fee=0.01%, tax=0.10%",0.0001,0.001,962ee2b19f04a8163c755bcd0b9b2e5d3a6d5e2f61e4c9c178fd97dd8cf05314
20220321,1362355.5131999983,0.054566735218245774,1,ChiNext,"fee=0.01%, tax=0.10%",0.0001,0.001,962ee2b19f04a8163c755bcd0b9b2e5d3a6d5e2f61e4c9c178fd97dd8cf05314
20220322,1417583.4500999986,0.040538564541260584,3,ChiNext,"fee=0.01%, tax=0.10%",0.0001,0.001,962ee2b19f04a8163c755bcd0b9b2e5d3a6d5e2f61e4c9c178fd97dd8cf05314
20220323,1466346.8027999988,0.03439892917525266,3,ChiNext,"fee=0.01%, tax=0.10%",0.0001,0.001,962ee2b19f04a8163c755bcd0b9b2e5d3a6d5e2f61e4c9c178fd97dd8cf05314
20220324,1466346.8027999988,0.0,0,ChiNext,"fee=0.01%, tax=0.10%",0.0001,0.001,962ee2b19f04a8163c755bcd0b9b2e5d3a6d5e2f61e4c9c178fd97dd8cf05314
20220325,1474163.6181999987,0.005330809454539474,4,ChiNext,"fee=0.01%, tax=0.10%",0.0001,0.001,962ee2b19f04a8163c755bcd0b9b2e5d3a6d5e2f61e4c9c178fd97dd8cf05314
20220328,1456410.1934999987,-0.012043049008140355,4,ChiNext,"fee=0.01%, tax=0.10%",0.0001,0.001,962ee2b19f04a8163c755bcd0b9b2e5d3a6d5e2f61e4c9c178fd97dd8cf05314
20220329,1450906.4503999986,-0.003778978700206471,4,ChiNext,"fee=0.01%, tax=0.10%",0.0001,0.001,962ee2b19f04a8163c755bcd0b9b2e5d3a6d5e2f61e4c9c178fd97dd8cf05314
20220330,1416004.7893999985,-0.024055073289100126,1,ChiNext,"fee=0.01%, tax=0.10%",0.0001,0.001,962ee2b19f04a8163c755bcd0b9b2e5d3a6d5e2f61e4c9c178fd97dd8cf05314
20220331,1533299.0926999985,0.08283467978219265,3,ChiNext,"fee=0.01%, tax=0.10%",0.0001,0.001,962ee2b19f04a8163c755bcd0b9b2e5d3a6d5e2f61e4c9c178fd97dd8cf05314
20220401,1519773.1310999985,-0.008821476295392613,3,ChiNext,"fee=0.01%, tax=0.10%",0.0001,0.001,962ee2b19f04a8163c755bcd0b9b2e5d3a6d5e2f61e4c9c178fd97dd8cf05314
20220406,1519773.1310999985,0.0,0,ChiNext,"fee=0.01%, tax=0.10%",0.0001,0.001,962ee2b19f04a8163c755bcd0b9b2e5d3a6d5e2f61e4c9c178fd97dd8cf05314
20220407,1519773.1310999985,0.0,0,ChiNext,"fee=0.01%, tax=0.10%",0.0001,0.001,962ee2b19f04a8163c755bcd0b9b2e5d3a6d5e2f61e4c9c178fd97dd8cf05314
20220408,1483141.2302999985,-0.024103532330174895,1,ChiNext,"fee=0.01%, tax=0.10%",0.0001,0.001,962ee2b19f04a8163c755bcd0b9b2e5d3a6d5e2f61e4c9c178fd97dd8cf05314
20220411,1499331.7402999985,0.010916364314627756,4,ChiNext,"fee=0.01%, tax=0.10%",0.0001,0.001,962ee2b19f04a8163c755bcd0b9b2e5d3a6d5e2f61e4c9c178fd97dd8cf05314
20220412,1476164.5893999985,-0.01545165107714223,4,ChiNext,"fee=0.01%, tax=0.10%",0.0001,0.001,962ee2b19f04a8163c755bcd0b9b2e5d3a6d5e2f61e4c9c178fd97dd8cf05314
20220413,1476164.5893999985,0.0,0,ChiNext,"fee=0.01%, tax=0.10%",0.0001,0.001,962ee2b19f04a8163c755bcd0b9b2e5d3a6d5e2f61e4c9c178fd97dd8cf05314
20220414,1423748.3144999985,-0.03550842180905124,3,ChiNext,"fee=0.01%, tax=0.10%",0.0001,0.001,962ee2b19f04a8163c755bcd0b9b2e5d3a6d5e2f61e4c9c178fd97dd8cf05314
20220415,1452586.5231999985,0.020255131055328182,3,ChiNext,"fee=0.01%, tax=0.10%",0.0001,0.001,962ee2b19f04a8163c755bcd0b9b2e5d3a6d5e2f61e4c9c178fd97dd8cf05314
20220418,1482204.1566999985,0.020389583014134925,1,ChiNext,"fee=0.01%, tax=0.10%",0.0001,0.001,962ee2b19f04a8163c755bcd0b9b2e5d3a6d5e2f61e4c9c178fd97dd8cf05314
20220419,1508424.5794999986,0.017690156029772308,1,ChiNext,"fee=0.01%, tax=0.10%",0.0001,0.001,962ee2b19f04a8163c755bcd0b9b2e5d3a6d5e2f61e4c9c178fd97dd8cf05314
20220420,1450603.0488999987,-0.03833239751314991,4,ChiNext,"fee=0.01%, tax=0.10%",0.0001,0.001,962ee2b19f04a8163c755bcd0b9b2e5d3a6d5e2f61e4c9c178fd97dd8cf05314
20220421,1414154.9767999987,-0.025126151587533743,4,ChiNext,"fee=0.01%, tax=0.10%",0.0001,0.001,962ee2b19f04a8163c755bcd0b9b2e5d3a6d5e2f61e4c9c178fd97dd8cf05314
20220422,1377397.1227999986,-0.02599280460984344,1,ChiNext,"fee=0.01%, tax=0.10%",0.0001,0.001,962ee2b19f04a8163c755bcd0b9b2e5d3a6d5e2f61e4c9c178fd97dd8cf05314
20220425,1414421.4253999987,0.026879904122883862,1,ChiNext,"fee=0.01%, tax=0.10%",0.0001,0.001,962ee2b19f04a8163c755bcd0b9b2e5d3a6d5e2f61e4c9c178fd97dd8cf05314
20220426,1487625.8313999986,0.05175572476873202,3,ChiNext,"fee=0.01%, tax=0.10%",0.0001,0.001,962ee2b19f04a8163c755bcd0b9b2e5d3a6d5e2f61e4c9c178fd97dd8cf05314
20220427,1520062.3155999985,0.02180419532610158,3,ChiNext,"fee=0.01%, tax=0.10%",0.0001,0.001,962ee2b19f04a8163c755bcd0b9b2e5d3a6d5e2f61e4c9c178fd97dd8cf05314
20220428,1566436.3455999987,0.030507979524310173,3,ChiNext,"fee=0.01%, tax=0.10%",0.0001,0.001,962ee2b19f04a8163c755bcd0b9b2e5d3a6d5e2f61e4c9c178fd97dd8cf05314
20220429,1601392.7830999987,0.02231590041829021,1,ChiNext,"fee=0.01%, tax=0.10%",0.0001,0.001,962ee2b19f04a8163c755bcd0b9b2e5d3a6d5e2f61e4c9c178fd97dd8cf05314
20220505,1601392.7830999987,0.0,0,ChiNext,"fee=0.01%, tax=0.10%",0.0001,0.001,962ee2b19f04a8163c755bcd0b9b2e5d3a6d5e2f61e4c9c178fd97dd8cf05314
20220506,1614999.5079999988,0.008496806682030839,4,ChiNext,"fee=0.01%, tax=0.10%",0.0001,0.001,962ee2b19f04a8163c755bcd0b9b2e5d3a6d5e2f61e4c9c178fd97dd8cf05314
20220509,1671939.1213999987,0.03525673730421964,1,ChiNext,"fee=0.01%, tax=0.10%",0.0001,0.001,962ee2b19f04a8163c755bcd0b9b2e5d3a6d5e2f61e4c9c178fd97dd8cf05314
20220510,1650793.6804999986,-0.012647255291385193,1,ChiNext,"fee=0.01%, tax=0.10%",0.0001,0.001,962ee2b19f04a8163c755bcd0b9b2e5d3a6d5e2f61e4c9c178fd97dd8cf05314
20220511,1699757.5804999985,0.029660823504709284,1,ChiNext,"fee=0.01%, tax=0.10%",0.0001,0.001,962ee2b19f04a8163c755bcd0b9b2e5d3a6d5e2f61e4c9c178fd97dd8cf05314
20220512,1667289.794199999,-0.01910142168064277,3,ChiNext,"fee=0.01%, tax=0.10%",0.0001,0.001,962ee2b19f04a8163c755bcd0b9b2e5d3a6d5e2f61e4c9c178fd97dd8cf05314
20220513,1667289.794199999,0.0,0,ChiNext,"fee=0.01%, tax=0.10%",0.0001,0.001,962ee2b19f04a8163c755bcd0b9b2e5d3a6d5e2f61e4c9c178fd97dd8cf05314
20220516,1667289.794199999,0.0,0,ChiNext,"fee=0.01%, tax=0.10%",0.0001,0.001,962ee2b19f04a8163c755bcd0b9b2e5d3a6d5e2f61e4c9c178fd97dd8cf05314
20220517,1665289.5246999988,-0.0011997131554205556,1,ChiNext,"fee=0.01%, tax=0.10%",0.0001,0.001,962ee2b19f04a8163c755bcd0b9b2e5d3a6d5e2f61e4c9c178fd97dd8cf05314
20220518,1694089.412899999,0.017294222880065525,4,ChiNext,"fee=0.01%, tax=0.10%",0.0001,0.001,962ee2b19f04a8163c755bcd0b9b2e5d3a6d5e2f61e4c9c178fd97dd8cf05314
20220519,1699724.5032999993,0.0033263240753945798,3,ChiNext,"fee=0.01%, tax=0.10%",0.0001,0.001,962ee2b19f04a8163c755bcd0b9b2e5d3a6d5e2f61e4c9c178fd97dd8cf05314
20220520,1688911.2053999994,-0.006361794443161801,3,ChiNext,"fee=0.01%, tax=0.10%",0.0001,0.001,962ee2b19f04a8163c755bcd0b9b2e5d3a6d5e2f61e4c9c178fd97dd8cf05314
20220523,1688911.2053999994,0.0,0,ChiNext,"fee=0.01%, tax=0.10%",0.0001,0.001,962ee2b19f04a8163c755bcd0b9b2e5d3a6d5e2f61e4c9c178fd97dd8cf05314
20220524,1755761.7763999994,0.03958205190791377,1,ChiNext,"fee=0.01%, tax=0.10%",0.0001,0.001,962ee2b19f04a8163c755bcd0b9b2e5d3a6d5e2f61e4c9c178fd97dd8cf05314
20220525,1690358.6788999995,-0.03725055322374197,1,ChiNext,"fee=0.01%, tax=0.10%",0.0001,0.001,962ee2b19f04a8163c755bcd0b9b2e5d3a6d5e2f61e4c9c178fd97dd8cf05314
20220526,1617189.9634999996,-0.04328591103967023,4,ChiNext,"fee=0.01%, tax=0.10%",0.0001,0.001,962ee2b19f04a8163c755bcd0b9b2e5d3a6d5e2f61e4c9c178fd97dd8cf05314
20220527,1586209.1083999996,-0.01915721455069496,2,ChiNext,"fee=0.01%, tax=0.10%",0.0001,0.001,962ee2b19f04a8163c755bcd0b9b2e5d3a6d5e2f61e4c9c178fd97dd8cf05314
20220530,1613279.1533999995,0.01706587413768247,2,ChiNext,"fee=0.01%, tax=0.10%",0.0001,0.001,962ee2b19f04a8163c755bcd0b9b2e5d3a6d5e2f61e4c9c178fd97dd8cf05314
20220531,1697681.7536999993,0.052317418298079794,1,ChiNext,"fee=0.01%, tax=0.10%",0.0001,0.001,962ee2b19f04a8163c755bcd0b9b2e5d3a6d5e2f61e4c9c178fd97dd8cf05314
20220601,1737215.2400999994,0.0232867475390126,1,ChiNext,"fee=0.01%, tax=0.10%",0.0001,0.001,962ee2b19f04a8163c755bcd0b9b2e5d3a6d5e2f61e4c9c178fd97dd8cf05314
20220602,1737215.2400999994,0.0,0,ChiNext,"fee=0.01%, tax=0.10%",0.0001,0.001,962ee2b19f04a8163c755bcd0b9b2e5d3a6d5e2f61e4c9c178fd97dd8cf05314
20220606,1705345.899099999,-0.01834507334748327,2,ChiNext,"fee=0.01%, tax=0.10%",0.0001,0.001,962ee2b19f04a8163c755bcd0b9b2e5d3a6d5e2f61e4c9c178fd97dd8cf05314
20220607,1674048.097599999,-0.018352758532164976,2,ChiNext,"fee=0.01%, tax=0.10%",0.0001,0.001,962ee2b19f04a8163c755bcd0b9b2e5d3a6d5e2f61e4c9c178fd97dd8cf05314
20220608,1600193.430799999,-0.04411741030970486,2,ChiNext,"fee=0.01%, tax=0.10%",0.0001,0.001,962ee2b19f04a8163c755bcd0b9b2e5d3a6d5e2f61e4c9c178fd97dd8cf05314
20220609,1640954.419399999,0.025472538391575594,2,ChiNext,"fee=0.01%, tax=0.10%",0.0001,0.001,962ee2b19f04a8163c755bcd0b9b2e5d3a6d5e2f61e4c9c178fd97dd8cf05314
20220610,1691658.678199999,0.03089924875459949,1,ChiNext,"fee=0.01%, tax=0.10%",0.0001,0.001,962ee2b19f04a8163c755bcd0b9b2e5d3a6d5e2f61e4c9c178fd97dd8cf05314
20220613,1879723.033999999,0.11117157274309553,1,ChiNext,"fee=0.01%, tax=0.10%",0.0001,0.001,962ee2b19f04a8163c755bcd0b9b2e5d3a6d5e2f61e4c9c178fd97dd8cf05314
20220614,1881021.1692999993,0.0006905992406965412,1,ChiNext,"fee=0.01%, tax=0.10%",0.0001,0.001,962ee2b19f04a8163c755bcd0b9b2e5d3a6d5e2f61e4c9c178fd97dd8cf05314
20220615,1965526.4719999996,0.0449252268284934,1,ChiNext,"fee=0.01%, tax=0.10%",0.0001,0.001,962ee2b19f04a8163c755bcd0b9b2e5d3a6d5e2f61e4c9c178fd97dd8cf05314
20220616,1965526.4719999996,0.0,0,ChiNext,"fee=0.01%, tax=0.10%",0.0001,0.001,962ee2b19f04a8163c755bcd0b9b2e5d3a6d5e2f61e4c9c178fd97dd8cf05314
20220617,1980214.7113999994,0.007472928810291724,4,ChiNext,"fee=0.01%, tax=0.10%",0.0001,0.001,962ee2b19f04a8163c755bcd0b9b2e5d3a6d5e2f61e4c9c178fd97dd8cf05314
20220620,1944777.4939999995,-0.017895643940018035,4,ChiNext,"fee=0.01%, tax=0.10%",0.0001,0.001,962ee2b19f04a8163c755bcd0b9b2e5d3a6d5e2f61e4c9c178fd97dd8cf05314
20220621,1940893.8920999996,-0.0019969389361927147,4,ChiNext,"fee=0.01%, tax=0.10%",0.0001,0.001,962ee2b19f04a8163c755bcd0b9b2e5d3a6d5e2f61e4c9c178fd97dd8cf05314
20220622,2129371.8685999997,0.09710885137366863,4,ChiNext,"fee=0.01%, tax=0.10%",0.0001,0.001,962ee2b19f04a8163c755bcd0b9b2e5d3a6d5e2f61e4c9c178fd97dd8cf05314
20220623,2100142.8310999996,-0.013726600755375499,2,ChiNext,"fee=0.01%, tax=0.10%",0.0001,0.001,962ee2b19f04a8163c755bcd0b9b2e5d3a6d5e2f61e4c9c178fd97dd8cf05314
20220624,2174737.4888999998,0.035518849811243286,2,ChiNext,"fee=0.01%, tax=0.10%",0.0001,0.001,962ee2b19f04a8163c755bcd0b9b2e5d3a6d5e2f61e4c9c178fd97dd8cf05314
20220627,2268799.9421999995,0.04325232529447831,2,ChiNext,"fee=0.01%, tax=0.10%",0.0001,0.001,962ee2b19f04a8163c755bcd0b9b2e5d3a6d5e2f61e4c9c178fd97dd8cf05314
20220628,2147666.2765999995,-0.05339107399770983,1,ChiNext,"fee=0.01%, tax=0.10%",0.0001,0.001,962ee2b19f04a8163c755bcd0b9b2e5d3a6d5e2f61e4c9c178fd97dd8cf05314
20220629,2175529.1816,0.012973572897978552,1,ChiNext,"fee=0.01%, tax=0.10%",0.0001,0.001,962ee2b19f04a8163c755bcd0b9b2e5d3a6d5e2f61e4c9c178fd97dd8cf05314
20220630,2168479.1594000002,-0.0032406010728914148,1,ChiNext,"fee=0.01%, tax=0.10%",0.0001,0.001,962ee2b19f04a8163c755bcd0b9b2e5d3a6d5e2f61e4c9c178fd97dd8cf05314
20220701,2168479.1594000002,0.0,0,ChiNext,"fee=0.01%, tax=0.10%",0.0001,0.001,962ee2b19f04a8163c755bcd0b9b2e5d3a6d5e2f61e4c9c178fd97dd8cf05314
20220704,2168479.1594000002,0.0,0,ChiNext,"fee=0.01%, tax=0.10%",0.0001,0.001,962ee2b19f04a8163c755bcd0b9b2e5d3a6d5e2f61e4c9c178fd97dd8cf05314
20220705,2168479.1594000002,0.0,0,ChiNext,"fee=0.01%, tax=0.10%",0.0001,0.001,962ee2b19f04a8163c755bcd0b9b2e5d3a6d5e2f61e4c9c178fd97dd8cf05314
20220706,2152730.7487000003,-0.007262421975204661,2,ChiNext,"fee=0.01%, tax=0.10%",0.0001,0.001,962ee2b19f04a8163c755bcd0b9b2e5d3a6d5e2f61e4c9c178fd97dd8cf05314
20220707,2200598.0898,0.02223563774935912,2,ChiNext,"fee=0.01%, tax=0.10%",0.0001,0.001,962ee2b19f04a8163c755bcd0b9b2e5d3a6d5e2f61e4c9c178fd97dd8cf05314
20220708,2251444.1005,0.023105541596021784,2,ChiNext,"fee=0.01%, tax=0.10%",0.0001,0.001,962ee2b19f04a8163c755bcd0b9b2e5d3a6d5e2f61e4c9c178fd97dd8cf05314
20220711,2099987.7685000002,-0.06727074945647753,1,ChiNext,"fee=0.01%, tax=0.10%",0.0001,0.001,962ee2b19f04a8163c755bcd0b9b2e5d3a6d5e2f61e4c9c178fd97dd8cf05314
20220712,2127647.0978,0.013171185906362036,2,ChiNext,"fee=0.01%, tax=0.10%",0.0001,0.001,962ee2b19f04a8163c755bcd0b9b2e5d3a6d5e2f61e4c9c178fd97dd8cf05314
20220713,2152453.873,0.011659252714254345,4,ChiNext,"fee=0.01%, tax=0.10%",0.0001,0.001,962ee2b19f04a8163c755bcd0b9b2e5d3a6d5e2f61e4c9c178fd97dd8cf05314
20220714,2155552.4371,0.0014395495944735052,4,ChiNext,"fee=0.01%, tax=0.10%",0.0001,0.001,962ee2b19f04a8163c755bcd0b9b2e5d3a6d5e2f61e4c9c178fd97dd8cf05314
20220715,2217384.3105,0.028684931220316876,4,ChiNext,"fee=0.01%, tax=0.10%",0.0001,0.001,962ee2b19f04a8163c755bcd0b9b2e5d3a6d5e2f61e4c9c178fd97dd8cf05314
20220718,2229669.0135000004,0.005540177650679833,4,ChiNext,"fee=0.01%, tax=0.10%",0.0001,0.001,962ee2b19f04a8163c755bcd0b9b2e5d3a6d5e2f61e4c9c178fd97dd8cf05314
20220719,2128634.4505000003,-0.04531370458496981,1,ChiNext,"fee=0.01%, tax=0.10%",0.0001,0.001,962ee2b19f04a8163c755bcd0b9b2e5d3a6d5e2f61e4c9c178fd97dd8cf05314
20220720,2128634.4505000003,0.0,0,ChiNext,"fee=0.01%, tax=0.10%",0.0001,0.001,962ee2b19f04a8163c755bcd0b9b2e5d3a6d5e2f61e4c9c178fd97dd8cf05314
20220721,2132342.2821000004,0.001741882735727221,2,ChiNext,"fee=0.01%, tax=0.10%",0.0001,0.001,962ee2b19f04a8163c755bcd0b9b2e5d3a6d5e2f61e4c9c178fd97dd8cf05314
20220722,2154122.3081000005,0.010214132216404952,2,ChiNext,"fee=0.01%, tax=0.10%",0.0001,0.001,962ee2b19f04a8163c755bcd0b9b2e5d3a6d5e2f61e4c9c178fd97dd8cf05314
20220725,2181249.0986,0.012592966702956752,2,ChiNext,"fee=0.01%, tax=0.10%",0.0001,0.001,962ee2b19f04a8163c755bcd0b9b2e5d3a6d5e2f61e4c9c178fd97dd8cf05314
20220726,2146130.1056000004,-0.016100404590443314,2,ChiNext,"fee=0.01%, tax=0.10%",0.0001,0.001,962ee2b19f04a8163c755bcd0b9b2e5d3a6d5e2f61e4c9c178fd97dd8cf05314
20220727,2160782.4362000003,0.006827326340452034,3,ChiNext,"fee=0.01%, tax=0.10%",0.0001,0.001,962ee2b19f04a8163c755bcd0b9b2e5d3a6d5e2f61e4c9c178fd97dd8cf05314
20220728,2124428.8166,-0.01682428503257024,3,ChiNext,"fee=0.01%, tax=0.10%",0.0001,0.001,962ee2b19f04a8163c755bcd0b9b2e5d3a6d5e2f61e4c9c178fd97dd8cf05314
20220729,2064466.776,-0.028225017534814375,1,ChiNext,"fee=0.01%, tax=0.10%",0.0001,0.001,962ee2b19f04a8163c755bcd0b9b2e5d3a6d5e2f61e4c9c178fd97dd8cf05314
20220801,2032482.4032,-0.015492800936216185,4,ChiNext,"fee=0.01%, tax=0.10%",0.0001,0.001,962ee2b19f04a8163c755bcd0b9b2e5d3a6d5e2f61e4c9c178fd97dd8cf05314
20220802,1930122.1584,-0.05036218008030033,1,ChiNext,"fee=0.01%, tax=0.10%",0.0001,0.001,962ee2b19f04a8163c755bcd0b9b2e5d3a6d5e2f61e4c9c178fd97dd8cf05314
20220803,1940836.1474000001,0.005550938293398777,1,ChiNext,"fee=0.01%, tax=0.10%",0.0001,0.001,962ee2b19f04a8163c755bcd0b9b2e5d3a6d5e2f61e4c9c178fd97dd8cf05314
20220804,1961194.2741,0.010489358788619141,4,ChiNext,"fee=0.01%, tax=0.10%",0.0001,0.001,962ee2b19f04a8163c755bcd0b9b2e5d3a6d5e2f61e4c9c178fd97dd8cf05314
20220805,1989408.7136000001,0.01438635624864233,4,ChiNext,"fee=0.01%, tax=0.10%",0.0001,0.001,962ee2b19f04a8163c755bcd0b9b2e5d3a6d5e2f61e4c9c178fd97dd8cf05314
20220808,2020743.5288000002,0.015750818313898466,4,ChiNext,"fee=0.01%, tax=0.10%",0.0001,0.001,962ee2b19f04a8163c755bcd0b9b2e5d3a6d5e2f61e4c9c178fd97dd8cf05314
20220809,2016837.8601000002,-0.0019327879289656237,4,ChiNext,"fee=0.01%, tax=0.10%",0.0001,0.001,962ee2b19f04a8163c755bcd0b9b2e5d3a6d5e2f61e4c9c178fd97dd8cf05314
20220810,2020476.6495000003,0.0018042052224365246,2,ChiNext,"fee=0.01%, tax=0.10%",0.0001,0.001,962ee2b19f04a8163c755bcd0b9b2e5d3a6d5e2f61e4c9c178fd97dd8cf05314
20220811,2006811.7927000003,-0.0067631847185076555,4,ChiNext,"fee=0.01%, tax=0.10%",0.0001,0.001,962ee2b19f04a8163c755bcd0b9b2e5d3a6d5e2f61e4c9c178fd97dd8cf05314
20220812,2065283.2945000003,0.02913651495007978,4,ChiNext,"fee=0.01%, tax=0.10%",0.0001,0.001,962ee2b19f04a8163c755bcd0b9b2e5d3a6d5e2f61e4c9c178fd97dd8cf05314
20220815,2044568.0423000003,-0.010030223095865935,3,ChiNext,"fee=0.01%, tax=0.10%",0.0001,0.001,962ee2b19f04a8163c755bcd0b9b2e5d3a6d5e2f61e4c9c178fd97dd8cf05314
20220816,1973297.6534,-0.03485840892818907,2,ChiNext,"fee=0.01%, tax=0.10%",0.0001,0.001,962ee2b19f04a8163c755bcd0b9b2e5d3a6d5e2f61e4c9c178fd97dd8cf05314
20220817,1979395.3221999998,0.0030900907369415657,3,ChiNext,"fee=0.01%, tax=0.10%",0.0001,0.001,962ee2b19f04a8163c755bcd0b9b2e5d3a6d5e2f61e4c9c178fd97dd8cf05314
20220818,1882126.3421999998,-0.04914075470881195,1,ChiNext,"fee=0.01%, tax=0.10%",0.0001,0.001,962ee2b19f04a8163c755bcd0b9b2e5d3a6d5e2f61e4c9c178fd97dd8cf05314
20220819,1895520.059,0.007116268711453378,1,ChiNext,"fee=0.01%, tax=0.10%",0.0001,0.001,962ee2b19f04a8163c755bcd0b9b2e5d3a6d5e2f61e4c9c178fd97dd8cf05314
20220822,1870415.5481,-0.013244128322885703,1,ChiNext,"fee=0.01%, tax=0.10%",0.0001,0.001,962ee2b19f04a8163c755bcd0b9b2e5d3a6d5e2f61e4c9c178fd97dd8cf05314
20220823,1764504.7463000005,-0.05662420947451252,1,ChiNext,"fee=0.01%, tax=0.10%",0.0001,0.001,962ee2b19f04a8163c755bcd0b9b2e5d3a6d5e2f61e4c9c178fd97dd8cf05314
20220824,1756908.8055000005,-0.004304857108448108,1,ChiNext,"fee=0.01%, tax=0.10%",0.0001,0.001,962ee2b19f04a8163c755bcd0b9b2e5d3a6d5e2f61e4c9c178fd97dd8cf05314
20220825,1773725.6205000007,0.00957182008955454,2,ChiNext,"fee=0.01%, tax=0.10%",0.0001,0.001,962ee2b19f04a8163c755bcd0b9b2e5d3a6d5e2f61e4c9c178fd97dd8cf05314
20220826,1776687.3447000007,0.0016697758468218811,2,ChiNext,"fee=0.01%, tax=0.10%",0.0001,0.001,962ee2b19f04a8163c755bcd0b9b2e5d3a6d5e2f61e4c9c178fd97dd8cf05314
20220829,1773716.7544000007,-0.0016719825853780893,2,ChiNext,"fee=0.01%, tax=0.10%",0.0001,0.001,962ee2b19f04a8163c755bcd0b9b2e5d3a6d5e2f61e4c9c178fd97dd8cf05314
20220830,1730385.2949000008,-0.02442975147667121,2,ChiNext,"fee=0.01%, tax=0.10%",0.0001,0.001,962ee2b19f04a8163c755bcd0b9b2e5d3a6d5e2f61e4c9c178fd97dd8cf05314
20220831,1730209.9641000007,-0.00010132471682281887,4,ChiNext,"fee=0.01%, tax=0.10%",0.0001,0.001,962ee2b19f04a8163c755bcd0b9b2e5d3a6d5e2f61e4c9c178fd97dd8cf05314
20220901,1736334.5397000005,0.0035397874980945864,3,ChiNext,"fee=0.01%, tax=0.10%",0.0001,0.001,962ee2b19f04a8163c755bcd0b9b2e5d3a6d5e2f61e4c9c178fd97dd8cf05314
20220902,1734167.3894000007,-0.0012481179464265554,3,ChiNext,"fee=0.01%, tax=0.10%",0.0001,0.001,962ee2b19f04a8163c755bcd0b9b2e5d3a6d5e2f61e4c9c178fd97dd8cf05314
20220905,1779446.831400001,0.026110191136546727,3,ChiNext,"fee=0.01%, tax=0.10%",0.0001,0.001,962ee2b19f04a8163c755bcd0b9b2e5d3a6d5e2f61e4c9c178fd97dd8cf05314
20220906,1804896.0291000009,0.014301746616378216,3,ChiNext,"fee=0.01%, tax=0.10%",0.0001,0.001,962ee2b19f04a8163c755bcd0b9b2e5d3a6d5e2f61e4c9c178fd97dd8cf05314
20220907,1780689.9497000007,-0.013411342819602944,3,ChiNext,"fee=0.01%, tax=0.10%",0.0001,0.001,962ee2b19f04a8163c755bcd0b9b2e5d3a6d5e2f61e4c9c178fd97dd8cf05314
20220908,1812901.2499000006,0.018089224463487704,2,ChiNext,"fee=0.01%, tax=0.10%",0.0001,0.001,962ee2b19f04a8163c755bcd0b9b2e5d3a6d5e2f61e4c9c178fd97dd8cf05314
20220909,1807447.3571000006,-0.003008378310898548,2,ChiNext,"fee=0.01%, tax=0.10%",0.0001,0.001,962ee2b19f04a8163c755bcd0b9b2e5d3a6d5e2f61e4c9c178fd97dd8cf05314
20220913,1917925.9933000007,0.06112412390104683,2,ChiNext,"fee=0.01%, tax=0.10%",0.0001,0.001,962ee2b19f04a8163c755bcd0b9b2e5d3a6d5e2f61e4c9c178fd97dd8cf05314
20220914,1871345.9585000006,-0.02428666953924223,2,ChiNext,"fee=0.01%, tax=0.10%",0.0001,0.001,962ee2b19f04a8163c755bcd0b9b2e5d3a6d5e2f61e4c9c178fd97dd8cf05314
20220915,1925574.9677000006,0.028978612401240802,2,ChiNext,"fee=0.01%, tax=0.10%",0.0001,0.001,962ee2b19f04a8163c755bcd0b9b2e5d3a6d5e2f61e4c9c178fd97dd8cf05314
20220916,1950594.8697000006,0.012993470739747399,2,ChiNext,"fee=0.01%, tax=0.10%",0.0001,0.001,962ee2b19f04a8163c755bcd0b9b2e5d3a6d5e2f61e4c9c178fd97dd8cf05314
20220919,2039981.2041000002,0.045825166357454386,2,ChiNext,"fee=0.01%, tax=0.10%",0.0001,0.001,962ee2b19f04a8163c755bcd0b9b2e5d3a6d5e2f61e4c9c178fd97dd8cf05314
20220920,2012890.5360000003,-0.013279861621054379,4,ChiNext,"fee=0.01%, tax=0.10%",0.0001,0.001,962ee2b19f04a8163c755bcd0b9b2e5d3a6d5e2f61e4c9c178fd97dd8cf05314
20220921,2076575.4452000002,0.0316385357579126,4,ChiNext,"fee=0.01%, tax=0.10%",0.0001,0.001,962ee2b19f04a8163c755bcd0b9b2e5d3a6d5e2f61e4c9c178fd97dd8cf05314
20220922,2024893.5731000002,-0.024888030059039067,4,ChiNext,"fee=0.01%, tax=0.10%",0.0001,0.001,962ee2b19f04a8163c755bcd0b9b2e5d3a6d5e2f61e4c9c178fd97dd8cf05314
20220923,2030911.3132000002,0.0029718796977498555,4,ChiNext,"fee=0.01%, tax=0.10%",0.0001,0.001,962ee2b19f04a8163c755bcd0b9b2e5d3a6d5e2f61e4c9c178fd97dd8cf05314
20220926,2062548.7788000004,0.015577965120569809,3,ChiNext,"fee=0.01%, tax=0.10%",0.0001,0.001,962ee2b19f04a8163c755bcd0b9b2e5d3a6d5e2f61e4c9c178fd97dd8cf05314
20220927,1977208.8372000004,-0.0413759628267561,2,ChiNext,"fee=0.01%, tax=0.10%",0.0001,0.001,962ee2b19f04a8163c755bcd0b9b2e5d3a6d5e2f61e4c9c178fd97dd8cf05314
20220928,2024400.8852000004,0.023868013895199044,2,ChiNext,"fee=0.01%, tax=0.10%",0.0001,0.001,962ee2b19f04a8163c755bcd0b9b2e5d3a6d5e2f61e4c9c178fd97dd8cf05314
20220930,1961444.6281000003,-0.03109871051739848,3,ChiNext,"fee=0.01%, tax=0.10%",0.0001,0.001,962ee2b19f04a8163c755bcd0b9b2e5d3a6d5e2f61e4c9c178fd97dd8cf05314
20221010,1981536.4206000005,0.010243364616141422,3,ChiNext,"fee=0.01%, tax=0.10%",0.0001,0.001,962ee2b19f04a8163c755bcd0b9b2e5d3a6d5e2f61e4c9c178fd97dd8cf05314
20221011,1981536.4206000005,0.0,0,ChiNext,"fee=0.01%, tax=0.10%",0.0001,0.001,962ee2b19f04a8163c755bcd0b9b2e5d3a6d5e2f61e4c9c178fd97dd8cf05314
20221012,1981536.4206000005,0.0,0,ChiNext,"fee=0.01%, tax=0.10%",0.0001,0.001,962ee2b19f04a8163c755bcd0b9b2e5d3a6d5e2f61e4c9c178fd97dd8cf05314
20221013,2042452.9875000005,0.03074208794080843,2,ChiNext,"fee=0.01%, tax=0.10%",0.0001,0.001,962ee2b19f04a8163c755bcd0b9b2e5d3a6d5e2f61e4c9c178fd97dd8cf05314
20221014,2017813.8331000004,-0.012063511155847405,2,ChiNext,"fee=0.01%, tax=0.10%",0.0001,0.001,962ee2b19f04a8163c755bcd0b9b2e5d3a6d5e2f61e4c9c178fd97dd8cf05314
20221017,2144885.8073000005,0.06297507337670359,2,ChiNext,"fee=0.01%, tax=0.10%",0.0001,0.001,962ee2b19f04a8163c755bcd0b9b2e5d3a6d5e2f61e4c9c178fd97dd8cf05314
20221018,2188180.0877000005,0.020184888282933456,4,ChiNext,"fee=0.01%, tax=0.10%",0.0001,0.001,962ee2b19f04a8163c755bcd0b9b2e5d3a6d5e2f61e4c9c178fd97dd8cf05314
20221019,2244284.9865000006,0.02563998233754701,4,ChiNext,"fee=0.01%, tax=0.10%",0.0001,0.001,962ee2b19f04a8163c755bcd0b9b2e5d3a6d5e2f61e4c9c178fd97dd8cf05314
20221020,2231169.6498000007,-0.005843882028749589,4,ChiNext,"fee=0.01%, tax=0.10%",0.0001,0.001,962ee2b19f04a8163c755bcd0b9b2e5d3a6d5e2f61e4c9c178fd97dd8cf05314
20221021,2205169.9113000007,-0.011652963503842284,4,ChiNext,"fee=0.01%, tax=0.10%",0.0001,0.001,962ee2b19f04a8163c755bcd0b9b2e5d3a6d5e2f61e4c9c178fd97dd8cf05314
20221024,2224853.183200001,0.008925966112242249,4,ChiNext,"fee=0.01%, tax=0.10%",0.0001,0.001,962ee2b19f04a8163c755bcd0b9b2e5d3a6d5e2f61e4c9c178fd97dd8cf05314
20221025,2394401.3872000007,0.076206468489817,2,ChiNext,"fee=0.01%, tax=0.10%",0.0001,0.001,962ee2b19f04a8163c755bcd0b9b2e5d3a6d5e2f61e4c9c178fd97dd8cf05314
20221026,2394290.8770000003,-4.615358168063795e-05,2,ChiNext,"fee=0.01%, tax=0.10%",0.0001,0.001,962ee2b19f04a8163c755bcd0b9b2e5d3a6d5e2f61e4c9c178fd97dd8cf05314
20221027,2332778.6293,-0.02569121750865702,2,ChiNext,"fee=0.01%, tax=0.10%",0.0001,0.001,962ee2b19f04a8163c755bcd0b9b2e5d3a6d5e2f61e4c9c178fd97dd8cf05314
20221028,2350425.5713,0.0075647735187351,2,ChiNext,"fee=0.01%, tax=0.10%",0.0001,0.001,962ee2b19f04a8163c755bcd0b9b2e5d3a6d5e2f61e4c9c178fd97dd8cf05314
20221031,2363503.6982,0.005564152747354018,3,ChiNext,"fee=0.01%, tax=0.10%",0.0001,0.001,962ee2b19f04a8163c755bcd0b9b2e5d3a6d5e2f61e4c9c178fd97dd8cf05314
20221101,2363503.6982,0.0,0,ChiNext,"fee=0.01%, tax=0.10%",0.0001,0.001,962ee2b19f04a8163c755bcd0b9b2e5d3a6d5e2f61e4c9c178fd97dd8cf05314
20221102,2363503.6982,0.0,0,ChiNext,"fee=0.01%, tax=0.10%",0.0001,0.001,962ee2b19f04a8163c755bcd0b9b2e5d3a6d5e2f61e4c9c178fd97dd8cf05314
20221103,2363503.6982,0.0,0,ChiNext,"fee=0.01%, tax=0.10%",0.0001,0.001,962ee2b19f04a8163c755bcd0b9b2e5d3a6d5e2f61e4c9c178fd97dd8cf05314
20221104,2419116.2514000004,0.023529708560369043,2,ChiNext,"fee=0.01%, tax=0.10%",0.0001,0.001,962ee2b19f04a8163c755bcd0b9b2e5d3a6d5e2f61e4c9c178fd97dd8cf05314
20221107,2439890.920000001,0.00858770990768949,2,ChiNext,"fee=0.01%, tax=0.10%",0.0001,0.001,962ee2b19f04a8163c755bcd0b9b2e5d3a6d5e2f61e4c9c178fd97dd8cf05314
20221108,2518848.910000001,0.03236127867552382,2,ChiNext,"fee=0.01%, tax=0.10%",0.0001,0.001,962ee2b19f04a8163c755bcd0b9b2e5d3a6d5e2f61e4c9c178fd97dd8cf05314
20221109,2480057.505000001,-0.01540044932667289,2,ChiNext,"fee=0.01%, tax=0.10%",0.0001,0.001,962ee2b19f04a8163c755bcd0b9b2e5d3a6d5e2f61e4c9c178fd97dd8cf05314
20221110,2482144.0210000006,0.0008413175887225356,4,ChiNext,"fee=0.01%, tax=0.10%",0.0001,0.001,962ee2b19f04a8163c755bcd0b9b2e5d3a6d5e2f61e4c9c178fd97dd8cf05314
20221111,2457897.523500001,-0.00976836851321432,4,ChiNext,"fee=0.01%, tax=0.10%",0.0001,0.001,962ee2b19f04a8163c755bcd0b9b2e5d3a6d5e2f61e4c9c178fd97dd8cf05314
20221114,2569481.525700001,0.04539815070935358,3,ChiNext,"fee=0.01%, tax=0.10%",0.0001,0.001,962ee2b19f04a8163c755bcd0b9b2e5d3a6d5e2f61e4c9c178fd97dd8cf05314
20221115,2496183.971400001,-0.028526204048122738,3,ChiNext,"fee=0.01%, tax=0.10%",0.0001,0.001,962ee2b19f04a8163c755bcd0b9b2e5d3a6d5e2f61e4c9c178fd97dd8cf05314
20221116,2483216.902800001,-0.005194756776171116,2,ChiNext,"fee=0.01%, tax=0.10%",0.0001,0.001,962ee2b19f04a8163c755bcd0b9b2e5d3a6d5e2f61e4c9c178fd97dd8cf05314
20221117,2549348.967100001,0.026631610080227464,2,ChiNext,"fee=0.01%, tax=0.10%",0.0001,0.001,962ee2b19f04a8163c755bcd0b9b2e5d3a6d5e2f61e4c9c178fd97dd8cf05314
20221118,2683183.511000001,0.052497537852670965,2,ChiNext,"fee=0.01%, tax=0.10%",0.0001,0.001,962ee2b19f04a8163c755bcd0b9b2e5d3a6d5e2f61e4c9c178fd97dd8cf05314
20221121,2628568.154100001,-0.02035468564714208,2,ChiNext,"fee=0.01%, tax=0.10%",0.0001,0.001,962ee2b19f04a8163c755bcd0b9b2e5d3a6d5e2f61e4c9c178fd97dd8cf05314
20221122,2674480.4673000006,0.0174666626499246,4,ChiNext,"fee=0.01%, tax=0.10%",0.0001,0.001,962ee2b19f04a8163c755bcd0b9b2e5d3a6d5e2f61e4c9c178fd97dd8cf05314
20221123,2678716.8980000005,0.001584020056155715,4,ChiNext,"fee=0.01%, tax=0.10%",0.0001,0.001,962ee2b19f04a8163c755bcd0b9b2e5d3a6d5e2f61e4c9c178fd97dd8cf05314
20221124,2563988.4744000006,-0.0428296187946024,3,ChiNext,"fee=0.01%, tax=0.10%",0.0001,0.001,962ee2b19f04a8163c755bcd0b9b2e5d3a6d5e2f61e4c9c178fd97dd8cf05314
20221125,2605713.7455000007,0.016273579821673788,4,ChiNext,"fee=0.01%, tax=0.10%",0.0001,0.001,962ee2b19f04a8163c755bcd0b9b2e5d3a6d5e2f61e4c9c178fd97dd8cf05314
20221128,2693310.9725,0.033617363822590875,2,ChiNext,"fee=0.01%, tax=0.10%",0.0001,0.001,962ee2b19f04a8163c755bcd0b9b2e5d3a6d5e2f61e4c9c178fd97dd8cf05314
20221129,2624638.8341,-0.025497292775017666,2,ChiNext,"fee=0.01%, tax=0.10%",0.0001,0.001,962ee2b19f04a8163c755bcd0b9b2e5d3a6d5e2f61e4c9c178fd97dd8cf05314
20221130,2616178.0746,-0.003223590000298609,2,ChiNext,"fee=0.01%, tax=0.10%",0.0001,0.001,962ee2b19f04a8163c755bcd0b9b2e5d3a6d5e2f61e4c9c178fd97dd8cf05314
20221201,2685103.7816000003,0.02634595392002847,2,ChiNext,"fee=0.01%, tax=0.10%",0.0001,0.001,962ee2b19f04a8163c755bcd0b9b2e5d3a6d5e2f61e4c9c178fd97dd8cf05314
20221202,2662448.7782000005,-0.008437291532359373,3,ChiNext,"fee=0.01%, tax=0.10%",0.0001,0.001,962ee2b19f04a8163c755bcd0b9b2e5d3a6d5e2f61e4c9c178fd97dd8cf05314
20221205,2650430.9094000007,-0.004513840378226819,3,ChiNext,"fee=0.01%, tax=0.10%",0.0001,0.001,962ee2b19f04a8163c755bcd0b9b2e5d3a6d5e2f61e4c9c178fd97dd8cf05314
20221206,2702033.2669000006,0.01946942186532286,3,ChiNext,"fee=0.01%, tax=0.10%",0.0001,0.001,962ee2b19f04a8163c755bcd0b9b2e5d3a6d5e2f61e4c9c178fd97dd8cf05314
20221207,2721944.9256000007,0.0073691389902258144,3,ChiNext,"fee=0.01%, tax=0.10%",0.0001,0.001,962ee2b19f04a8163c755bcd0b9b2e5d3a6d5e2f61e4c9c178fd97dd8cf05314
20221208,2732401.8447000007,0.003841708552459058,2,ChiNext,"fee=0.01%, tax=0.10%",0.0001,0.001,962ee2b19f04a8163c755bcd0b9b2e5d3a6d5e2f61e4c9c178fd97dd8cf05314
20221209,2680969.0289000007,-0.01882329859342009,2,ChiNext,"fee=0.01%, tax=0.10%",0.0001,0.001,962ee2b19f04a8163c755bcd0b9b2e5d3a6d5e2f61e4c9c178fd97dd8cf05314
20221212,2719815.1997000007,0.014489600730650183,2,ChiNext,"fee=0.01%, tax=0.10%",0.0001,0.001,962ee2b19f04a8163c755bcd0b9b2e5d3a6d5e2f61e4c9c178fd97dd8cf05314
20221213,2798045.3217000007,0.028763028461870815,2,ChiNext,"fee=0.01%, tax=0.10%",0.0001,0.001,962ee2b19f04a8163c755bcd0b9b2e5d3a6d5e2f61e4c9c178fd97dd8cf05314
20221214,2798045.3217000007,0.0,0,ChiNext,"fee=0.01%, tax=0.10%",0.0001,0.001,962ee2b19f04a8163c755bcd0b9b2e5d3a6d5e2f61e4c9c178fd97dd8cf05314
20221215,2798045.3217000007,0.0,0,ChiNext,"fee=0.01%, tax=0.10%",0.0001,0.001,962ee2b19f04a8163c755bcd0b9b2e5d3a6d5e2f61e4c9c178fd97dd8cf05314
20221216,2798045.3217000007,0.0,0,ChiNext,"fee=0.01%, tax=0.10%",0.0001,0.001,962ee2b19f04a8163c755bcd0b9b2e5d3a6d5e2f61e4c9c178fd97dd8cf05314
20221219,2798045.3217000007,0.0,0,ChiNext,"fee=0.01%, tax=0.10%",0.0001,0.001,962ee2b19f04a8163c755bcd0b9b2e5d3a6d5e2f61e4c9c178fd97dd8cf05314
20221220,2738209.9357000007,-0.021384709366911156,2,ChiNext,"fee=0.01%, tax=0.10%",0.0001,0.001,962ee2b19f04a8163c755bcd0b9b2e5d3a6d5e2f61e4c9c178fd97dd8cf05314
20221221,2690145.9671000005,-0.01755306193778495,2,ChiNext,"fee=0.01%, tax=0.10%",0.0001,0.001,962ee2b19f04a8163c755bcd0b9b2e5d3a6d5e2f61e4c9c178fd97dd8cf05314
20221222,2671929.3843000005,-0.006771596419965865,2,ChiNext,"fee=0.01%, tax=0.10%",0.0001,0.001,962ee2b19f04a8163c755bcd0b9b2e5d3a6d5e2f61e4c9c178fd97dd8cf05314
20221223,2692431.1543000005,0.007673020896609934,4,ChiNext,"fee=0.01%, tax=0.10%",0.0001,0.001,962ee2b19f04a8163c755bcd0b9b2e5d3a6d5e2f61e4c9c178fd97dd8cf05314
20221226,2731916.9235000005,0.014665470326674259,2,ChiNext,"fee=0.01%, tax=0.10%",0.0001,0.001,962ee2b19f04a8163c755bcd0b9b2e5d3a6d5e2f61e4c9c178fd97dd8cf05314
20221227,2674525.3808000004,-0.021007792076807676,3,ChiNext,"fee=0.01%, tax=0.10%",0.0001,0.001,962ee2b19f04a8163c755bcd0b9b2e5d3a6d5e2f61e4c9c178fd97dd8cf05314
20221228,2710486.7694000006,0.013445895431825537,3,ChiNext,"fee=0.01%, tax=0.10%",0.0001,0.001,962ee2b19f04a8163c755bcd0b9b2e5d3a6d5e2f61e4c9c178fd97dd8cf05314
20221229,2697487.608,-0.004795877089958306,3,ChiNext,"fee=0.01%, tax=0.10%",0.0001,0.001,962ee2b19f04a8163c755bcd0b9b2e5d3a6d5e2f61e4c9c178fd97dd8cf05314
20221230,2785495.7613,0.032625971307149705,4,ChiNext,"fee=0.01%, tax=0.10%",0.0001,0.001,962ee2b19f04a8163c755bcd0b9b2e5d3a6d5e2f61e4c9c178fd97dd8cf05314
20230103,2812124.0214,0.009559612500567072,2,ChiNext,"fee=0.01%, tax=0.10%",0.0001,0.001,962ee2b19f04a8163c755bcd0b9b2e5d3a6d5e2f61e4c9c178fd97dd8cf05314
20230104,2886616.9014000003,0.02648989853687694,2,ChiNext,"fee=0.01%, tax=0.10%",0.0001,0.001,962ee2b19f04a8163c755bcd0b9b2e5d3a6d5e2f61e4c9c178fd97dd8cf05314
20230105,2851802.0878,-0.012060766907834352,4,ChiNext,"fee=0.01%, tax=0.10%",0.0001,0.001,962ee2b19f04a8163c755bcd0b9b2e5d3a6d5e2f61e4c9c178fd97dd8cf05314
20230106,2924631.8827,0.025538165923773507,4,ChiNext,"fee=0.01%, tax=0.10%",0.0001,0.001,962ee2b19f04a8163c755bcd0b9b2e5d3a6d5e2f61e4c9c178fd97dd8cf05314
20230109,2976385.6094,0.017695808831920862,4,ChiNext,"fee=0.01%, tax=0.10%",0.0001,0.001,962ee2b19f04a8163c755bcd0b9b2e5d3a6d5e2f61e4c9c178fd97dd8cf05314
20230110,2894230.3081,-0.027602371493981707,4,ChiNext,"fee=0.01%, tax=0.10%",0.0001,0.001,962ee2b19f04a8163c755bcd0b9b2e5d3a6d5e2f61e4c9c178fd97dd8cf05314
20230111,2942872.8868,0.01680674083325897,4,ChiNext,"fee=0.01%, tax=0.10%",0.0001,0.001,962ee2b19f04a8163c755bcd0b9b2e5d3a6d5e2f61e4c9c178fd97dd8cf05314
20230112,2925101.0352999996,-0.006038946357389214,2,ChiNext,"fee=0.01%, tax=0.10%",0.0001,0.001,962ee2b19f04a8163c755bcd0b9b2e5d3a6d5e2f61e4c9c178fd97dd8cf05314
20230113,2855916.8028999995,-0.023651912041699624,2,ChiNext,"fee=0.01%, tax=0.10%",0.0001,0.001,962ee2b19f04a8163c755bcd0b9b2e5d3a6d5e2f61e4c9c178fd97dd8cf05314
20230116,2844968.9782999996,-0.003833383587674236,2,ChiNext,"fee=0.01%, tax=0.10%",0.0001,0.001,962ee2b19f04a8163c755bcd0b9b2e5d3a6d5e2f61e4c9c178fd97dd8cf05314
20230117,2777963.0916,-0.023552413826332403,2,ChiNext,"fee=0.01%, tax=0.10%",0.0001,0.001,962ee2b19f04a8163c755bcd0b9b2e5d3a6d5e2f61e4c9c178fd97dd8cf05314
20230118,2788598.5296,0.003828502269220027,3,ChiNext,"fee=0.01%, tax=0.10%",0.0001,0.001,962ee2b19f04a8163c755bcd0b9b2e5d3a6d5e2f61e4c9c178fd97dd8cf05314
20230119,2777571.9823000003,-0.003954153738143657,3,ChiNext,"fee=0.01%, tax=0.10%",0.0001,0.001,962ee2b19f04a8163c755bcd0b9b2e5d3a6d5e2f61e4c9c178fd97dd8cf05314
20230120,2819579.27,0.015123744035326544,3,ChiNext,"fee=0.01%, tax=0.10%",0.0001,0.001,962ee2b19f04a8163c755bcd0b9b2e5d3a6d5e2f61e4c9c178fd97dd8cf05314
20230130,2819579.27,0.0,0,ChiNext,"fee=0.01%, tax=0.10%",0.0001,0.001,962ee2b19f04a8163c755bcd0b9b2e5d3a6d5e2f61e4c9c178fd97dd8cf05314
20230131,2899591.1744,0.02837724948942467,2,ChiNext,"fee=0.01%, tax=0.10%",0.0001,0.001,962ee2b19f04a8163c755bcd0b9b2e5d3a6d5e2f61e4c9c178fd97dd8cf05314
20230201,2871245.806,-0.00977564308039578,2,ChiNext,"fee=0.01%, tax=0.10%",0.0001,0.001,962ee2b19f04a8163c755bcd0b9b2e5d3a6d5e2f61e4c9c178fd97dd8cf05314
20230202,2868469.7830999997,-0.0009668356830331979,2,ChiNext,"fee=0.01%, tax=0.10%",0.0001,0.001,962ee2b19f04a8163c755bcd0b9b2e5d3a6d5e2f61e4c9c178fd97dd8cf05314
20230203,2765842.1730999993,-0.03577782502874724,2,ChiNext,"fee=0.01%, tax=0.10%",0.0001,0.001,962ee2b19f04a8163c755bcd0b9b2e5d3a6d5e2f61e4c9c178fd97dd8cf05314
20230206,2764077.2982999994,-0.0006380967132415133,1,ChiNext,"fee=0.01%, tax=0.10%",0.0001,0.001,962ee2b19f04a8163c755bcd0b9b2e5d3a6d5e2f61e4c9c178fd97dd8cf05314
20230207,2733621.2339999997,-0.011018528432157539,3,ChiNext,"fee=0.01%, tax=0.10%",0.0001,0.001,962ee2b19f04a8163c755bcd0b9b2e5d3a6d5e2f61e4c9c178fd97dd8cf05314
20230208,2796845.0338999997,0.02312822241561502,1,ChiNext,"fee=0.01%, tax=0.10%",0.0001,0.001,962ee2b19f04a8163c755bcd0b9b2e5d3a6d5e2f61e4c9c178fd97dd8cf05314
20230209,2746263.7078999993,-0.01808513714092637,1,ChiNext,"fee=0.01%, tax=0.10%",0.0001,0.001,962ee2b19f04a8163c755bcd0b9b2e5d3a6d5e2f61e4c9c178fd97dd8cf05314
20230210,2807412.0176,0.022266000720942848,3,ChiNext,"fee=0.01%, tax=0.10%",0.0001,0.001,962ee2b19f04a8163c755bcd0b9b2e5d3a6d5e2f61e4c9c178fd97dd8cf05314
20230213,2787172.2013,-0.00720942140772863,2,ChiNext,"fee=0.01%, tax=0.10%",0.0001,0.001,962ee2b19f04a8163c755bcd0b9b2e5d3a6d5e2f61e4c9c178fd97dd8cf05314
20230214,2796338.2929,0.003288670716407352,2,ChiNext,"fee=0.01%, tax=0.10%",0.0001,0.001,962ee2b19f04a8163c755bcd0b9b2e5d3a6d5e2f61e4c9c178fd97dd8cf05314
20230215,2718968.2421,-0.027668344347479383,1,ChiNext,"fee=0.01%, tax=0.10%",0.0001,0.001,962ee2b19f04a8163c755bcd0b9b2e5d3a6d5e2f61e4c9c178fd97dd8cf05314
20230216,2669946.4726,-0.018029548393010242,1,ChiNext,"fee=0.01%, tax=0.10%",0.0001,0.001,962ee2b19f04a8163c755bcd0b9b2e5d3a6d5e2f61e4c9c178fd97dd8cf05314
20230217,2639692.6147,-0.011331260087225233,1,ChiNext,"fee=0.01%, tax=0.10%",0.0001,0.001,962ee2b19f04a8163c755bcd0b9b2e5d3a6d5e2f61e4c9c178fd97dd8cf05314
20230220,2597859.4077999997,-0.01584775691951331,1,ChiNext,"fee=0.01%, tax=0.10%",0.0001,0.001,962ee2b19f04a8163c755bcd0b9b2e5d3a6d5e2f61e4c9c178fd97dd8cf05314
20230221,2603790.9743999997,0.00228325158097111,1,ChiNext,"fee=0.01%, tax=0.10%",0.0001,0.001,962ee2b19f04a8163c755bcd0b9b2e5d3a6d5e2f61e4c9c178fd97dd8cf05314
20230222,2632859.7419999996,0.011164017344632788,2,ChiNext,"fee=0.01%, tax=0.10%",0.0001,0.001,962ee2b19f04a8163c755bcd0b9b2e5d3a6d5e2f61e4c9c178fd97dd8cf05314
20230223,2645261.5578999994,0.004710397482312908,2,ChiNext,"fee=0.01%, tax=0.10%",0.0001,0.001,962ee2b19f04a8163c755bcd0b9b2e5d3a6d5e2f61e4c9c178fd97dd8cf05314
20230224,2622558.0418,-0.008582711237834401,2,ChiNext,"fee=0.01%, tax=0.10%",0.0001,0.001,962ee2b19f04a8163c755bcd0b9b2e5d3a6d5e2f61e4c9c178fd97dd8cf05314
20230227,2620749.184799999,-0.0006897300159500993,2,ChiNext,"fee=0.01%, tax=0.10%",0.0001,0.001,962ee2b19f04a8163c755bcd0b9b2e5d3a6d5e2f61e4c9c178fd97dd8cf05314
20230228,2655305.924799999,0.013185824954339308,4,ChiNext,"fee=0.01%, tax=0.10%",0.0001,0.001,962ee2b19f04a8163c755bcd0b9b2e5d3a6d5e2f61e4c9c178fd97dd8cf05314
20230301,2767519.2518999996,0.04226003717761914,4,ChiNext,"fee=0.01%, tax=0.10%",0.0001,0.001,962ee2b19f04a8163c755bcd0b9b2e5d3a6d5e2f61e4c9c178fd97dd8cf05314
20230302,2729305.8728,-0.013807809674228904,4,ChiNext,"fee=0.01%, tax=0.10%",0.0001,0.001,962ee2b19f04a8163c755bcd0b9b2e5d3a6d5e2f61e4c9c178fd97dd8cf05314
20230303,2729305.8728,0.0,0,ChiNext,"fee=0.01%, tax=0.10%",0.0001,0.001,962ee2b19f04a8163c755bcd0b9b2e5d3a6d5e2f61e4c9c178fd97dd8cf05314
20211207,998565.4541999998,-0.0014345458000001963,3,ChiNext,"fee=0.03%, tax=0.10%",0.0003,0.001,962ee2b19f04a8163c755bcd0b9b2e5d3a6d5e2f61e4c9c178fd97dd8cf05314
20211208,998565.4541999998,0.0,0,ChiNext,"fee=0.03%, tax=0.10%",0.0003,0.001,962ee2b19f04a8163c755bcd0b9b2e5d3a6d5e2f61e4c9c178fd97dd8cf05314
20211209,1000591.9954999998,0.0020294526427650185,4,ChiNext,"fee=0.03%, tax=0.10%",0.0003,0.001,962ee2b19f04a8163c755bcd0b9b2e5d3a6d5e2f61e4c9c178fd97dd8cf05314
20211210,1008377.3138999998,0.007780712253359207,4,ChiNext,"fee=0.03%, tax=0.10%",0.0003,0.001,962ee2b19f04a8163c755bcd0b9b2e5d3a6d5e2f61e4c9c178fd97dd8cf05314
20211213,1008377.3138999998,0.0,0,ChiNext,"fee=0.03%, tax=0.10%",0.0003,0.001,962ee2b19f04a8163c755bcd0b9b2e5d3a6d5e2f61e4c9c178fd97dd8cf05314
20211214,1013103.6146999999,0.004687036027933477,3,ChiNext,"fee=0.03%, tax=0.10%",0.0003,0.001,962ee2b19f04a8163c755bcd0b9b2e5d3a6d5e2f61e4c9c178fd97dd8cf05314
20211215,1070475.7723999997,0.056630098706131636,1,ChiNext,"fee=0.03%, tax=0.10%",0.0003,0.001,962ee2b19f04a8163c755bcd0b9b2e5d3a6d5e2f61e4c9c178fd97dd8cf05314
20211216,1068633.0127999997,-0.0017214398004249413,1,ChiNext,"fee=0.03%, tax=0.10%",0.0003,0.001,962ee2b19f04a8163c755bcd0b9b2e5d3a6d5e2f61e4c9c178fd97dd8cf05314
20211217,1125503.5446999997,0.053218018925870185,1,ChiNext,"fee=0.03%, tax=0.10%",0.0003,0.001,962ee2b19f04a8163c755bcd0b9b2e5d3a6d5e2f61e4c9c178fd97dd8cf05314
20211220,1148564.1789999995,0.02048917074370171,1,ChiNext,"fee=0.03%, tax=0.10%",0.0003,0.001,962ee2b19f04a8163c755bcd0b9b2e5d3a6d5e2f61e4c9c178fd97dd8cf05314
20211221,1148564.1789999995,0.0,0,ChiNext,"fee=0.03%, tax=0.10%",0.0003,0.001,962ee2b19f04a8163c755bcd0b9b2e5d3a6d5e2f61e4c9c178fd97dd8cf05314
20211222,1148564.1789999995,0.0,0,ChiNext,"fee=0.03%, tax=0.10%",0.0003,0.001,962ee2b19f04a8163c755bcd0b9b2e5d3a6d5e2f61e4c9c178fd97dd8cf05314
20211223,1133211.2236999995,-0.013367085253666122,3,ChiNext,"fee=0.03%, tax=0.10%",0.0003,0.001,962ee2b19f04a8163c755bcd0b9b2e5d3a6d5e2f61e4c9c178fd97dd8cf05314
20211224,1134276.3330999995,0.0009399036805533168,4,ChiNext,"fee=0.03%, tax=0.10%",0.0003,0.001,962ee2b19f04a8163c755bcd0b9b2e5d3a6d5e2f61e4c9c178fd97dd8cf05314
20211227,1150278.8592999994,0.014108137261636013,4,ChiNext,"fee=0.03%, tax=0.10%",0.0003,0.001,962ee2b19f04a8163c755bcd0b9b2e5d3a6d5e2f61e4c9c178fd97dd8cf05314
20211228,1193724.9695999993,0.037770067622071135,1,ChiNext,"fee=0.03%, tax=0.10%",0.0003,0.001,962ee2b19f04a8163c755bcd0b9b2e5d3a6d5e2f61e4c9c178fd97dd8cf05314
20211229,1186679.1860999991,-0.005902350775456327,1,ChiNext,"fee=0.03%, tax=0.10%",0.0003,0.001,962ee2b19f04a8163c755bcd0b9b2e5d3a6d5e2f61e4c9c178fd97dd8cf05314
20211230,1232670.072299999,0.03875595589668013,1,ChiNext,"fee=0.03%, tax=0.10%",0.0003,0.001,962ee2b19f04a8163c755bcd0b9b2e5d3a6d5e2f61e4c9c178fd97dd8cf05314
20211231,1197546.883199999,-0.02849358469007415,1,ChiNext,"fee=0.03%, tax=0.10%",0.0003,0.001,962ee2b19f04a8163c755bcd0b9b2e5d3a6d5e2f61e4c9c178fd97dd8cf05314
20220104,1197546.883199999,0.0,0,ChiNext,"fee=0.03%, tax=0.10%",0.0003,0.001,962ee2b19f04a8163c755bcd0b9b2e5d3a6d5e2f61e4c9c178fd97dd8cf05314
20220105,1197546.883199999,0.0,0,ChiNext,"fee=0.03%, tax=0.10%",0.0003,0.001,962ee2b19f04a8163c755bcd0b9b2e5d3a6d5e2f61e4c9c178fd97dd8cf05314
20220106,1197546.883199999,0.0,0,ChiNext,"fee=0.03%, tax=0.10%",0.0003,0.001,962ee2b19f04a8163c755bcd0b9b2e5d3a6d5e2f61e4c9c178fd97dd8cf05314
20220107,1235571.8293999992,0.03175236538413643,3,ChiNext,"fee=0.03%, tax=0.10%",0.0003,0.001,962ee2b19f04a8163c755bcd0b9b2e5d3a6d5e2f61e4c9c178fd97dd8cf05314
20220110,1213371.8714999994,-0.017967355172527875,3,ChiNext,"fee=0.03%, tax=0.10%",0.0003,0.001,962ee2b19f04a8163c755bcd0b9b2e5d3a6d5e2f61e4c9c178fd97dd8cf05314
20220111,1241445.8108999997,0.023137127256209252,3,ChiNext,"fee=0.03%, tax=0.10%",0.0003,0.001,962ee2b19f04a8163c755bcd0b9b2e5d3a6d5e2f61e4c9c178fd97dd8cf05314
20220112,1159955.3558999996,-0.0656415723380811,1,ChiNext,"fee=0.03%, tax=0.10%",0.0003,0.001,962ee2b19f04a8163c755bcd0b9b2e5d3a6d5e2f61e4c9c178fd97dd8cf05314
20220113,1126856.9786999996,-0.028534181967994135,1,ChiNext,"fee=0.03%, tax=0.10%",0.0003,0.001,962ee2b19f04a8163c755bcd0b9b2e5d3a6d5e2f61e4c9c178fd97dd8cf05314
20220114,1190427.8859999995,0.05641435293176116,4,ChiNext,"fee=0.03%, tax=0.10%",0.0003,0.001,962ee2b19f04a8163c755bcd0b9b2e5d3a6d5e2f61e4c9c178fd97dd8cf05314
20220117,1126377.9280999997,-0.053804147780187196,4,ChiNext,"fee=0.03%, tax=0.10%",0.0003,0.001,962ee2b19f04a8163c755bcd0b9b2e5d3a6d5e2f61e4c9c178fd97dd8cf05314
20220118,1126377.9280999997,0.0,0,ChiNext,"fee=0.03%, tax=0.10%",0.0003,0.001,962ee2b19f04a8163c755bcd0b9b2e5d3a6d5e2f61e4c9c178fd97dd8cf05314
20220119,1126377.9280999997,0.0,0,ChiNext,"fee=0.03%, tax=0.10%",0.0003,0.001,962ee2b19f04a8163c755bcd0b9b2e5d3a6d5e2f61e4c9c178fd97dd8cf05314
20220120,1110098.9780999995,-0.014452476024152831,3,ChiNext,"fee=0.03%, tax=0.10%",0.0003,0.001,962ee2b19f04a8163c755bcd0b9b2e5d3a6d5e2f61e4c9c178fd97dd8cf05314
20220121,1111592.0893999995,0.0013450253801292012,3,ChiNext,"fee=0.03%, tax=0.10%",0.0003,0.001,962ee2b19f04a8163c755bcd0b9b2e5d3a6d5e2f61e4c9c178fd97dd8cf05314
20220124,1075953.8161999993,-0.03206056748679862,3,ChiNext,"fee=0.03%, tax=0.10%",0.0003,0.001,962ee2b19f04a8163c755bcd0b9b2e5d3a6d5e2f61e4c9c178fd97dd8cf05314
20220125,1103317.9129999992,0.025432408332025914,1,ChiNext,"fee=0.03%, tax=0.10%",0.0003,0.001,962ee2b19f04a8163c755bcd0b9b2e5d3a6d5e2f61e4c9c178fd97dd8cf05314
20220126,1103317.9129999992,0.0,0,ChiNext,"fee=0.03%, tax=0.10%",0.0003,0.001,962ee2b19f04a8163c755bcd0b9b2e5d3a6d5e2f61e4c9c178fd97dd8cf05314
20220127,1103317.9129999992,0.0,0,ChiNext,"fee=0.03%, tax=0.10%",0.0003,0.001,962ee2b19f04a8163c755bcd0b9b2e5d3a6d5e2f61e4c9c178fd97dd8cf05314
20220128,1103317.9129999992,0.0,0,ChiNext,"fee=0.03%, tax=0.10%",0.0003,0.001,962ee2b19f04a8163c755bcd0b9b2e5d3a6d5e2f61e4c9c178fd97dd8cf05314
20220207,1106876.9999999993,0.0032258036945332002,1,ChiNext,"fee=0.03%, tax=0.10%",0.0003,0.001,962ee2b19f04a8163c755bcd0b9b2e5d3a6d5e2f61e4c9c178fd97dd8cf05314
20220208,1131281.4989999991,0.022048067671475557,1,ChiNext,"fee=0.03%, tax=0.10%",0.0003,0.001,962ee2b19f04a8163c755bcd0b9b2e5d3a6d5e2f61e4c9c178fd97dd8cf05314
20220209,1114007.7203999993,-0.01526921337904763,1,ChiNext,"fee=0.03%, tax=0.10%",0.0003,0.001,962ee2b19f04a8163c755bcd0b9b2e5d3a6d5e2f61e4c9c178fd97dd8cf05314
20220210,1078396.3349999993,-0.031966910774382504,3,ChiNext,"fee=0.03%, tax=0.10%",0.0003,0.001,962ee2b19f04a8163c755bcd0b9b2e5d3a6d5e2f61e4c9c178fd97dd8cf05314
20220216,1143928.7813999993,0.06076842462562714,1,ChiNext,"fee=0.03%, tax=0.10%",0.0003,0.001,962ee2b19f04a8163c755bcd0b9b2e5d3a6d5e2f61e4c9c178fd97dd8cf05314
20220217,1205617.489999999,0.053927053504591385,1,ChiNext,"fee=0.03%, tax=0.10%",0.0003,0.001,962ee2b19f04a8163c755bcd0b9b2e5d3a6d5e2f61e4c9c178fd97dd8cf05314
20220218,1179090.080499999,-0.02200317241582161,1,ChiNext,"fee=0.03%, tax=0.10%",0.0003,0.001,962ee2b19f04a8163c755bcd0b9b2e5d3a6d5e2f61e4c9c178fd97dd8cf05314
20220221,1215604.006999999,0.030967885409159027,3,ChiNext,"fee=0.03%, tax=0.10%",0.0003,0.001,962ee2b19f04a8163c755bcd0b9b2e5d3a6d5e2f61e4c9c178fd97dd8cf05314
20220222,1296799.005999999,0.06679395471917024,4,ChiNext,"fee=0.03%, tax=0.10%",0.0003,0.001,962ee2b19f04a8163c755bcd0b9b2e5d3a6d5e2f61e4c9c178fd97dd8cf05314
20220223,1296799.005999999,0.0,0,ChiNext,"fee=0.03%, tax=0.10%",0.0003,0.001,962ee2b19f04a8163c755bcd0b9b2e5d3a6d5e2f61e4c9c178fd97dd8cf05314
20220224,1309794.4317999987,0.010021156509122019,1,ChiNext,"fee=0.03%, tax=0.10%",0.0003,0.001,962ee2b19f04a8163c755bcd0b9b2e5d3a6d5e2f61e4c9c178fd97dd8cf05314
20220225,1310325.2254999983,0.00040524962323295564,1,ChiNext,"fee=0.03%, tax=0.10%",0.0003,0.001,962ee2b19f04a8163c755bcd0b9b2e5d3a6d5e2f61e4c9c178fd97dd8cf05314
20220228,1305647.5824999982,-0.003569833587089225,1,ChiNext,"fee=0.03%, tax=0.10%",0.0003,0.001,962ee2b19f04a8163c755bcd0b9b2e5d3a6d5e2f61e4c9c178fd97dd8cf05314
20220301,1280676.686799998,-0.019125295397236536,3,ChiNext,"fee=0.03%, tax=0.10%",0.0003,0.001,962ee2b19f04a8163c755bcd0b9b2e5d3a6d5e2f61e4c9c178fd97dd8cf05314
20220302,1262385.1709999982,-0.014282696006362354,3,ChiNext,"fee=0.03%, tax=0.10%",0.0003,0.001,962ee2b19f04a8163c755bcd0b9b2e5d3a6d5e2f61e4c9c178fd97dd8cf05314
20220303,1257119.9809999983,-0.004170826876736143,4,ChiNext,"fee=0.03%, tax=0.10%",0.0003,0.001,962ee2b19f04a8163c755bcd0b9b2e5d3a6d5e2f61e4c9c178fd97dd8cf05314
20220304,1231030.7002999983,-0.02075321456528503,4,ChiNext,"fee=0.03%, tax=0.10%",0.0003,0.001,962ee2b19f04a8163c755bcd0b9b2e5d3a6d5e2f61e4c9c178fd97dd8cf05314
20220307,1159962.1832999983,-0.05773090547837745,1,ChiNext,"fee=0.03%, tax=0.10%",0.0003,0.001,962ee2b19f04a8163c755bcd0b9b2e5d3a6d5e2f61e4c9c178fd97dd8cf05314
20220308,1176345.2181999984,0.014123766391583286,4,ChiNext,"fee=0.03%, tax=0.10%",0.0003,0.001,962ee2b19f04a8163c755bcd0b9b2e5d3a6d5e2f61e4c9c178fd97dd8cf05314
20220309,1209545.6968999982,0.028223414509902164,4,ChiNext,"fee=0.03%, tax=0.10%",0.0003,0.001,962ee2b19f04a8163c755bcd0b9b2e5d3a6d5e2f61e4c9c178fd97dd8cf05314
20220310,1209768.8216999983,0.00018446992170032434,3,ChiNext,"fee=0.03%, tax=0.10%",0.0003,0.001,962ee2b19f04a8163c755bcd0b9b2e5d3a6d5e2f61e4c9c178fd97dd8cf05314
20220311,1152925.4261999982,-0.046986989977243994,3,ChiNext,"fee=0.03%, tax=0.10%",0.0003,0.001,962ee2b19f04a8163c755bcd0b9b2e5d3a6d5e2f61e4c9c178fd97dd8cf05314
20220314,1140579.7419999982,-0.010708137681281746,3,ChiNext,"fee=0.03%, tax=0.10%",0.0003,0.001,962ee2b19f04a8163c755bcd0b9b2e5d3a6d5e2f61e4c9c178fd97dd8cf05314
20220315,1213581.322299998,0.06400392503201228,1,ChiNext,"fee=0.03%, tax=0.10%",0.0003,0.001,962ee2b19f04a8163c755bcd0b9b2e5d3a6d5e2f61e4c9c178fd97dd8cf05314
20220316,1253414.396299998,0.03282274806644829,1,ChiNext,"fee=0.03%, tax=0.10%",0.0003,0.001,962ee2b19f04a8163c755bcd0b9b2e5d3a6d5e2f61e4c9c178fd97dd8cf05314
20220317,1262998.2584999977,0.007646204023418428,1,ChiNext,"fee=0.03%, tax=0.10%",0.0003,0.001,962ee2b19f04a8163c755bcd0b9b2e5d3a6d5e2f61e4c9c178fd97dd8cf05314
20220318,1268208.0461999977,0.0041249365665693,1,ChiNext,"fee=0.03%, tax=0.10%",0.0003,0.001,962ee2b19f04a8163c755bcd0b9b2e5d3a6d5e2f61e4c9c178fd97dd8cf05314
20220321,1336863.3251999978,0.054135659528194706,1,ChiNext,"fee=0.03%, tax=0.10%",0.0003,0.001,962ee2b19f04a8163c755bcd0b9b2e5d3a6d5e2f61e4c9c178fd97dd8cf05314
20220322,1390889.3259999978,0.04041250872965464,3,ChiNext,"fee=0.03%, tax=0.10%",0.0003,0.001,962ee2b19f04a8163c755bcd0b9b2e5d3a6d5e2f61e4c9c178fd97dd8cf05314
20220323,1439094.5400999975,0.03465783596070233,3,ChiNext,"fee=0.03%, tax=0.10%",0.0003,0.001,962ee2b19f04a8163c755bcd0b9b2e5d3a6d5e2f61e4c9c178fd97dd8cf05314
20220324,1439094.5400999975,0.0,0,ChiNext,"fee=0.03%, tax=0.10%",0.0003,0.001,962ee2b19f04a8163c755bcd0b9b2e5d3a6d5e2f61e4c9c178fd97dd8cf05314
20220325,1445984.5897999974,0.004787767243923455,4,ChiNext,"fee=0.03%, tax=0.10%",0.0003,0.001,962ee2b19f04a8163c755bcd0b9b2e5d3a6d5e2f61e4c9c178fd97dd8cf05314
20220328,1428341.3588999975,-0.012201534528414434,4,ChiNext,"fee=0.03%, tax=0.10%",0.0003,0.001,962ee2b19f04a8163c755bcd0b9b2e5d3a6d5e2f61e4c9c178fd97dd8cf05314
20220329,1422411.9841999975,-0.004151230840620906,4,ChiNext,"fee=0.03%, tax=0.10%",0.0003,0.001,962ee2b19f04a8163c755bcd0b9b2e5d3a6d5e2f61e4c9c178fd97dd8cf05314
20220330,1387641.8848999976,-0.02444446453363898,1,ChiNext,"fee=0.03%, tax=0.10%",0.0003,0.001,962ee2b19f04a8163c755bcd0b9b2e5d3a6d5e2f61e4c9c178fd97dd8cf05314
20220331,1501617.5548999975,0.08213622782668725,3,ChiNext,"fee=0.03%, tax=0.10%",0.0003,0.001,962ee2b19f04a8163c755bcd0b9b2e5d3a6d5e2f61e4c9c178fd97dd8cf05314
20220401,1487654.4212999977,-0.009298728264354716,3,ChiNext,"fee=0.03%, tax=0.10%",0.0003,0.001,962ee2b19f04a8163c755bcd0b9b2e5d3a6d5e2f61e4c9c178fd97dd8cf05314
20220406,1487654.4212999977,0.0,0,ChiNext,"fee=0.03%, tax=0.10%",0.0003,0.001,962ee2b19f04a8163c755bcd0b9b2e5d3a6d5e2f61e4c9c178fd97dd8cf05314
20220407,1487654.4212999977,0.0,0,ChiNext,"fee=0.03%, tax=0.10%",0.0003,0.001,962ee2b19f04a8163c755bcd0b9b2e5d3a6d5e2f61e4c9c178fd97dd8cf05314
20220408,1451197.7526999977,-0.02450614072597724,1,ChiNext,"fee=0.03%, tax=0.10%",0.0003,0.001,962ee2b19f04a8163c755bcd0b9b2e5d3a6d5e2f61e4c9c178fd97dd8cf05314
20220411,1466465.3846999975,0.010520710889741838,4,ChiNext,"fee=0.03%, tax=0.10%",0.0003,0.001,962ee2b19f04a8163c755bcd0b9b2e5d3a6d5e2f61e4c9c178fd97dd8cf05314
20220412,1443626.1001999977,-0.015574376823543084,4,ChiNext,"fee=0.03%, tax=0.10%",0.0003,0.001,962ee2b19f04a8163c755bcd0b9b2e5d3a6d5e2f61e4c9c178fd97dd8cf05314
20220413,1443626.1001999977,0.0,0,ChiNext,"fee=0.03%, tax=0.10%",0.0003,0.001,962ee2b19f04a8163c755bcd0b9b2e5d3a6d5e2f61e4c9c178fd97dd8cf05314
20220414,1391945.0781999975,-0.03579945111330441,3,ChiNext,"fee=0.03%, tax=0.10%",0.0003,0.001,962ee2b19f04a8163c755bcd0b9b2e5d3a6d5e2f61e4c9c178fd97dd8cf05314
20220415,1420086.5952999976,0.020217404796165832,3,ChiNext,"fee=0.03%, tax=0.10%",0.0003,0.001,962ee2b19f04a8163c755bcd0b9b2e5d3a6d5e2f61e4c9c178fd97dd8cf05314
20220418,1448457.7070999977,0.019978437859985987,1,ChiNext,"fee=0.03%, tax=0.10%",0.0003,0.001,962ee2b19f04a8163c755bcd0b9b2e5d3a6d5e2f61e4c9c178fd97dd8cf05314
20220419,1473453.1496999976,0.017256591253909725,1,ChiNext,"fee=0.03%, tax=0.10%",0.0003,0.001,962ee2b19f04a8163c755bcd0b9b2e5d3a6d5e2f61e4c9c178fd97dd8cf05314
20220420,1416341.2962999977,-0.0387605492659391,4,ChiNext,"fee=0.03%, tax=0.10%",0.0003,0.001,962ee2b19f04a8163c755bcd0b9b2e5d3a6d5e2f61e4c9c178fd97dd8cf05314
20220421,1380020.5993999976,-0.02564402873437572,4,ChiNext,"fee=0.03%, tax=0.10%",0.0003,0.001,962ee2b19f04a8163c755bcd0b9b2e5d3a6d5e2f61e4c9c178fd97dd8cf05314
20220422,1343670.9521999976,-0.026339930879150666,1,ChiNext,"fee=0.03%, tax=0.10%",0.0003,0.001,962ee2b19f04a8163c755bcd0b9b2e5d3a6d5e2f61e4c9c178fd97dd8cf05314
20220425,1379221.0970999976,0.026457478180795354,1,ChiNext,"fee=0.03%, tax=0.10%",0.0003,0.001,962ee2b19f04a8163c755bcd0b9b2e5d3a6d5e2f61e4c9c178fd97dd8cf05314
20220426,1450036.3903999976,0.05134440986213083,3,ChiNext,"fee=0.03%, tax=0.10%",0.0003,0.001,962ee2b19f04a8163c755bcd0b9b2e5d3a6d5e2f61e4c9c178fd97dd8cf05314
20220427,1481040.3867999977,0.021381529874189918,3,ChiNext,"fee=0.03%, tax=0.10%",0.0003,0.001,962ee2b19f04a8163c755bcd0b9b2e5d3a6d5e2f61e4c9c178fd97dd8cf05314
20220428,1525699.5209999976,0.03015389357240453,3,ChiNext,"fee=0.03%, tax=0.10%",0.0003,0.001,962ee2b19f04a8163c755bcd0b9b2e5d3a6d5e2f61e4c9c178fd97dd8cf05314
20220429,1559143.9130999977,0.021920693845456158,1,ChiNext,"fee=0.03%, tax=0.10%",0.0003,0.001,962ee2b19f04a8163c755bcd0b9b2e5d3a6d5e2f61e4c9c178fd97dd8cf05314
20220505,1559143.9130999977,0.0,0,ChiNext,"fee=0.03%, tax=0.10%",0.0003,0.001,962ee2b19f04a8163c755bcd0b9b2e5d3a6d5e2f61e4c9c178fd97dd8cf05314
20220506,1571774.8214999977,0.008101181869020948,4,ChiNext,"fee=0.03%, tax=0.10%",0.0003,0.001,962ee2b19f04a8163c755bcd0b9b2e5d3a6d5e2f61e4c9c178fd97dd8cf05314
20220509,1626634.5340999977,0.034903035631812386,1,ChiNext,"fee=0.03%, tax=0.10%",0.0003,0.001,962ee2b19f04a8163c755bcd0b9b2e5d3a6d5e2f61e4c9c178fd97dd8cf05314
20220510,1605418.3532999977,-0.013042991744755188,1,ChiNext,"fee=0.03%, tax=0.10%",0.0003,0.001,962ee2b19f04a8163c755bcd0b9b2e5d3a6d5e2f61e4c9c178fd97dd8cf05314
20220511,1652392.0254999977,0.02925945882171072,1,ChiNext,"fee=0.03%, tax=0.10%",0.0003,0.001,962ee2b19f04a8163c755bcd0b9b2e5d3a6d5e2f61e4c9c178fd97dd8cf05314
20220512,1620253.1398999975,-0.019449915700407258,3,ChiNext,"fee=0.03%, tax=0.10%",0.0003,0.001,962ee2b19f04a8163c755bcd0b9b2e5d3a6d5e2f61e4c9c178fd97dd8cf05314
20220513,1620253.1398999975,0.0,0,ChiNext,"fee=0.03%, tax=0.10%",0.0003,0.001,962ee2b19f04a8163c755bcd0b9b2e5d3a6d5e2f61e4c9c178fd97dd8cf05314
20220516,1620253.1398999975,0.0,0,ChiNext,"fee=0.03%, tax=0.10%",0.0003,0.001,962ee2b19f04a8163c755bcd0b9b2e5d3a6d5e2f61e4c9c178fd97dd8cf05314
20220517,1617661.4509999976,-0.0015995580173107456,1,ChiNext,"fee=0.03%, tax=0.10%",0.0003,0.001,962ee2b19f04a8163c755bcd0b9b2e5d3a6d5e2f61e4c9c178fd97dd8cf05314
20220518,1644970.7785999975,0.01688197959042544,4,ChiNext,"fee=0.03%, tax=0.10%",0.0003,0.001,962ee2b19f04a8163c755bcd0b9b2e5d3a6d5e2f61e4c9c178fd97dd8cf05314
20220519,1649785.9124999973,0.0029271850677480417,3,ChiNext,"fee=0.03%, tax=0.10%",0.0003,0.001,962ee2b19f04a8163c755bcd0b9b2e5d3a6d5e2f61e4c9c178fd97dd8cf05314
20220520,1638675.2743999974,-0.006734593874161162,3,ChiNext,"fee=0.03%, tax=0.10%",0.0003,0.001,962ee2b19f04a8163c755bcd0b9b2e5d3a6d5e2f61e4c9c178fd97dd8cf05314
20220523,1638675.2743999974,0.0,0,ChiNext,"fee=0.03%, tax=0.10%",0.0003,0.001,962ee2b19f04a8163c755bcd0b9b2e5d3a6d5e2f61e4c9c178fd97dd8cf05314
20220524,1702822.4333999977,0.03914574168667295,1,ChiNext,"fee=0.03%, tax=0.10%",0.0003,0.001,962ee2b19f04a8163c755bcd0b9b2e5d3a6d5e2f61e4c9c178fd97dd8cf05314
20220525,1638766.2698999976,-0.037617641301624226,1,ChiNext,"fee=0.03%, tax=0.10%",0.0003,0.001,962ee2b19f04a8163c755bcd0b9b2e5d3a6d5e2f61e4c9c178fd97dd8cf05314
20220526,1567186.5104999975,-0.04367905339201795,4,ChiNext,"fee=0.03%, tax=0.10%",0.0003,0.001,962ee2b19f04a8163c755bcd0b9b2e5d3a6d5e2f61e4c9c178fd97dd8cf05314
20220527,1536587.4204999974,-0.019524855398504997,2,ChiNext,"fee=0.03%, tax=0.10%",0.0003,0.001,962ee2b19f04a8163c755bcd0b9b2e5d3a6d5e2f61e4c9c178fd97dd8cf05314
20220530,1562845.2689999975,0.01708841823750966,2,ChiNext,"fee=0.03%, tax=0.10%",0.0003,0.001,962ee2b19f04a8163c755bcd0b9b2e5d3a6d5e2f61e4c9c178fd97dd8cf05314
20220531,1643997.5087999974,0.05192595928061768,1,ChiNext,"fee=0.03%, tax=0.10%",0.0003,0.001,962ee2b19f04a8163c755bcd0b9b2e5d3a6d5e2f61e4c9c178fd97dd8cf05314
20220601,1681606.0117999974,0.02287625303486718,1,ChiNext,"fee=0.03%, tax=0.10%",0.0003,0.001,962ee2b19f04a8163c755bcd0b9b2e5d3a6d5e2f61e4c9c178fd97dd8cf05314
20220602,1681606.0117999974,0.0,0,ChiNext,"fee=0.03%, tax=0.10%",0.0003,0.001,962ee2b19f04a8163c755bcd0b9b2e5d3a6d5e2f61e4c9c178fd97dd8cf05314
20220606,1650254.0290999971,-0.01864407148880314,2,ChiNext,"fee=0.03%, tax=0.10%",0.0003,0.001,962ee2b19f04a8163c755bcd0b9b2e5d3a6d5e2f61e4c9c178fd97dd8cf05314
20220607,1619315.0440999973,-0.018748013611500247,2,ChiNext,"fee=0.03%, tax=0.10%",0.0003,0.001,962ee2b19f04a8163c755bcd0b9b2e5d3a6d5e2f61e4c9c178fd97dd8cf05314
20220608,1547089.3064999974,-0.044602647189103575,2,ChiNext,"fee=0.03%, tax=0.10%",0.0003,0.001,962ee2b19f04a8163c755bcd0b9b2e5d3a6d5e2f61e4c9c178fd97dd8cf05314
20220609,1585643.7851999975,0.024920654895626195,2,ChiNext,"fee=0.03%, tax=0.10%",0.0003,0.001,962ee2b19f04a8163c755bcd0b9b2e5d3a6d5e2f61e4c9c178fd97dd8cf05314
20220610,1634004.4331999975,0.030499061927644934,1,ChiNext,"fee=0.03%, tax=0.10%",0.0003,0.001,962ee2b19f04a8163c755bcd0b9b2e5d3a6d5e2f61e4c9c178fd97dd8cf05314
20220613,1815014.5165999974,0.11077698427385158,1,ChiNext,"fee=0.03%, tax=0.10%",0.0003,0.001,962ee2b19f04a8163c755bcd0b9b2e5d3a6d5e2f61e4c9c178fd97dd8cf05314
20220614,1815541.1425999973,0.0002901497454612324,1,ChiNext,"fee=0.03%, tax=0.10%",0.0003,0.001,962ee2b19f04a8163c755bcd0b9b2e5d3a6d5e2f61e4c9c178fd97dd8cf05314
20220615,1896342.0167999978,0.044505118779234736,1,ChiNext,"fee=0.03%, tax=0.10%",0.0003,0.001,962ee2b19f04a8163c755bcd0b9b2e5d3a6d5e2f61e4c9c178fd97dd8cf05314
20220616,1896342.0167999978,0.0,0,ChiNext,"fee=0.03%, tax=0.10%",0.0003,0.001,962ee2b19f04a8163c755bcd0b9b2e5d3a6d5e2f61e4c9c178fd97dd8cf05314
20220617,1909318.6865999978,0.006843000727209351,4,ChiNext,"fee=0.03%, tax=0.10%",0.0003,0.001,962ee2b19f04a8163c755bcd0b9b2e5d3a6d5e2f61e4c9c178fd97dd8cf05314
20220620,1874463.4749999978,-0.018255313711965048,4,ChiNext,"fee=0.03%, tax=0.10%",0.0003,0.001,962ee2b19f04a8163c755bcd0b9b2e5d3a6d5e2f61e4c9c178fd97dd8cf05314
20220621,1870073.4680999978,-0.00234200717087855,4,ChiNext,"fee=0.03%, tax=0.10%",0.0003,0.001,962ee2b19f04a8163c755bcd0b9b2e5d3a6d5e2f61e4c9c178fd97dd8cf05314
20220622,2050996.454099998,0.09674645894196807,4,ChiNext,"fee=0.03%, tax=0.10%",0.0003,0.001,962ee2b19f04a8163c755bcd0b9b2e5d3a6d5e2f61e4c9c178fd97dd8cf05314
20220623,2022000.680499998,-0.014137407961889375,2,ChiNext,"fee=0.03%, tax=0.10%",0.0003,0.001,962ee2b19f04a8163c755bcd0b9b2e5d3a6d5e2f61e4c9c178fd97dd8cf05314
20220624,2093001.2665999979,0.035114026807569136,2,ChiNext,"fee=0.03%, tax=0.10%",0.0003,0.001,962ee2b19f04a8163c755bcd0b9b2e5d3a6d5e2f61e4c9c178fd97dd8cf05314
20220627,2182686.511699998,0.042850067284331016,2,ChiNext,"fee=0.03%, tax=0.10%",0.0003,0.001,962ee2b19f04a8163c755bcd0b9b2e5d3a6d5e2f61e4c9c178fd97dd8cf05314
20220628,2065343.8915999976,-0.05376063831017456,1,ChiNext,"fee=0.03%, tax=0.10%",0.0003,0.001,962ee2b19f04a8163c755bcd0b9b2e5d3a6d5e2f61e4c9c178fd97dd8cf05314
20220629,2090806.328599998,0.012328424870821359,1,ChiNext,"fee=0.03%, tax=0.10%",0.0003,0.001,962ee2b19f04a8163c755bcd0b9b2e5d3a6d5e2f61e4c9c178fd97dd8cf05314
20220630,2083197.029299998,-0.00363940896672876,1,ChiNext,"fee=0.03%, tax=0.10%",0.0003,0.001,962ee2b19f04a8163c755bcd0b9b2e5d3a6d5e2f61e4c9c178fd97dd8cf05314
20220701,2083197.029299998,0.0,0,ChiNext,"fee=0.03%, tax=0.10%",0.0003,0.001,962ee2b19f04a8163c755bcd0b9b2e5d3a6d5e2f61e4c9c178fd97dd8cf05314
20220704,2083197.029299998,0.0,0,ChiNext,"fee=0.03%, tax=0.10%",0.0003,0.001,962ee2b19f04a8163c755bcd0b9b2e5d3a6d5e2f61e4c9c178fd97dd8cf05314
20220705,2083197.029299998,0.0,0,ChiNext,"fee=0.03%, tax=0.10%",0.0003,0.001,962ee2b19f04a8163c755bcd0b9b2e5d3a6d5e2f61e4c9c178fd97dd8cf05314
20220706,2067205.556299998,-0.007676409276262025,2,ChiNext,"fee=0.03%, tax=0.10%",0.0003,0.001,962ee2b19f04a8163c755bcd0b9b2e5d3a6d5e2f61e4c9c178fd97dd8cf05314
20220707,2112381.616799998,0.021853685697739135,2,ChiNext,"fee=0.03%, tax=0.10%",0.0003,0.001,962ee2b19f04a8163c755bcd0b9b2e5d3a6d5e2f61e4c9c178fd97dd8cf05314
20220708,2160268.764999998,0.022669742919152518,2,ChiNext,"fee=0.03%, tax=0.10%",0.0003,0.001,962ee2b19f04a8163c755bcd0b9b2e5d3a6d5e2f61e4c9c178fd97dd8cf05314
20220711,2014214.4405999978,-0.067609330267755,1,ChiNext,"fee=0.03%, tax=0.10%",0.0003,0.001,962ee2b19f04a8163c755bcd0b9b2e5d3a6d5e2f61e4c9c178fd97dd8cf05314
20220712,2039905.4215999977,0.012754839048987773,2,ChiNext,"fee=0.03%, tax=0.10%",0.0003,0.001,962ee2b19f04a8163c755bcd0b9b2e5d3a6d5e2f61e4c9c178fd97dd8cf05314
20220713,2062775.937099998,0.01121155679956071,4,ChiNext,"fee=0.03%, tax=0.10%",0.0003,0.001,962ee2b19f04a8163c755bcd0b9b2e5d3a6d5e2f61e4c9c178fd97dd8cf05314
20220714,2064959.1989999977,0.0010584096220693745,4,ChiNext,"fee=0.03%, tax=0.10%",0.0003,0.001,962ee2b19f04a8163c755bcd0b9b2e5d3a6d5e2f61e4c9c178fd97dd8cf05314
20220715,2123293.4725999977,0.028249601071173525,4,ChiNext,"fee=0.03%, tax=0.10%",0.0003,0.001,962ee2b19f04a8163c755bcd0b9b2e5d3a6d5e2f61e4c9c178fd97dd8cf05314
20220718,2134204.4251999976,0.0051386926681592305,4,ChiNext,"fee=0.03%, tax=0.10%",0.0003,0.001,962ee2b19f04a8163c755bcd0b9b2e5d3a6d5e2f61e4c9c178fd97dd8cf05314
20220719,2036799.8578999974,-0.04563975510025118,1,ChiNext,"fee=0.03%, tax=0.10%",0.0003,0.001,962ee2b19f04a8163c755bcd0b9b2e5d3a6d5e2f61e4c9c178fd97dd8cf05314
20220720,2036799.8578999974,0.0,0,ChiNext,"fee=0.03%, tax=0.10%",0.0003,0.001,962ee2b19f04a8163c755bcd0b9b2e5d3a6d5e2f61e4c9c178fd97dd8cf05314
20220721,2039529.8098999972,0.001340314311890457,2,ChiNext,"fee=0.03%, tax=0.10%",0.0003,0.001,962ee2b19f04a8163c755bcd0b9b2e5d3a6d5e2f61e4c9c178fd97dd8cf05314
20220722,2059429.2600999973,0.009756881269107703,2,ChiNext,"fee=0.03%, tax=0.10%",0.0003,0.001,962ee2b19f04a8163c755bcd0b9b2e5d3a6d5e2f61e4c9c178fd97dd8cf05314
20220725,2084455.5372999972,0.012152045076209475,2,ChiNext,"fee=0.03%, tax=0.10%",0.0003,0.001,962ee2b19f04a8163c755bcd0b9b2e5d3a6d5e2f61e4c9c178fd97dd8cf05314
20220726,2050093.596399997,-0.016484851936208446,2,ChiNext,"fee=0.03%, tax=0.10%",0.0003,0.001,962ee2b19f04a8163c755bcd0b9b2e5d3a6d5e2f61e4c9c178fd97dd8cf05314
20220727,2062849.6255999971,0.0062221691840802056,3,ChiNext,"fee=0.03%, tax=0.10%",0.0003,0.001,962ee2b19f04a8163c755bcd0b9b2e5d3a6d5e2f61e4c9c178fd97dd8cf05314
20220728,2027294.735599997,-0.01723581280902077,3,ChiNext,"fee=0.03%, tax=0.10%",0.0003,0.001,962ee2b19f04a8163c755bcd0b9b2e5d3a6d5e2f61e4c9c178fd97dd8cf05314
20220729,1969255.9327999968,-0.028628695068762682,1,ChiNext,"fee=0.03%, tax=0.10%",0.0003,0.001,962ee2b19f04a8163c755bcd0b9b2e5d3a6d5e2f61e4c9c178fd97dd8cf05314
20220801,1938078.609799997,-0.015832032028295185,4,ChiNext,"fee=0.03%, tax=0.10%",0.0003,0.001,962ee2b19f04a8163c755bcd0b9b2e5d3a6d5e2f61e4c9c178fd97dd8cf05314
20220802,1839875.3713999968,-0.05067041032465364,1,ChiNext,"fee=0.03%, tax=0.10%",0.0003,0.001,962ee2b19f04a8163c755bcd0b9b2e5d3a6d5e2f61e4c9c178fd97dd8cf05314
20220803,1849352.0481999968,0.005150716699245247,1,ChiNext,"fee=0.03%, tax=0.10%",0.0003,0.001,962ee2b19f04a8163c755bcd0b9b2e5d3a6d5e2f61e4c9c178fd97dd8cf05314
20220804,1868014.2036999967,0.01009118600115324,4,ChiNext,"fee=0.03%, tax=0.10%",0.0003,0.001,962ee2b19f04a8163c755bcd0b9b2e5d3a6d5e2f61e4c9c178fd97dd8cf05314
20220805,1894073.8650999968,0.013950462126242635,4,ChiNext,"fee=0.03%, tax=0.10%",0.0003,0.001,962ee2b19f04a8163c755bcd0b9b2e5d3a6d5e2f61e4c9c178fd97dd8cf05314
20220808,1923267.8703999966,0.015413340439317323,4,ChiNext,"fee=0.03%, tax=0.10%",0.0003,0.001,962ee2b19f04a8163c755bcd0b9b2e5d3a6d5e2f61e4c9c178fd97dd8cf05314
20220809,1918240.3852999967,-0.002614032697876,4,ChiNext,"fee=0.03%, tax=0.10%",0.0003,0.001,962ee2b19f04a8163c755bcd0b9b2e5d3a6d5e2f61e4c9c178fd97dd8cf05314
20220810,1920964.6105999968,0.0014201688802282218,2,ChiNext,"fee=0.03%, tax=0.10%",0.0003,0.001,962ee2b19f04a8163c755bcd0b9b2e5d3a6d5e2f61e4c9c178fd97dd8cf05314
20220811,1907378.147799997,-0.007072729359525394,4,ChiNext,"fee=0.03%, tax=0.10%",0.0003,0.001,962ee2b19f04a8163c755bcd0b9b2e5d3a6d5e2f61e4c9c178fd97dd8cf05314
20220812,1961961.1996999967,0.02861679628811774,4,ChiNext,"fee=0.03%, tax=0.10%",0.0003,0.001,962ee2b19f04a8163c755bcd0b9b2e5d3a6d5e2f61e4c9c178fd97dd8cf05314
20220815,1941508.8117999965,-0.010424460944042918,3,ChiNext,"fee=0.03%, tax=0.10%",0.0003,0.001,962ee2b19f04a8163c755bcd0b9b2e5d3a6d5e2f61e4c9c178fd97dd8cf05314
20220816,1873245.5941999964,-0.035159880390505376,2,ChiNext,"fee=0.03%, tax=0.10%",0.0003,0.001,962ee2b19f04a8163c755bcd0b9b2e5d3a6d5e2f61e4c9c178fd97dd8cf05314
20220817,1878596.3065999965,0.002856385952043408,3,ChiNext,"fee=0.03%, tax=0.10%",0.0003,0.001,962ee2b19f04a8163c755bcd0b9b2e5d3a6d5e2f61e4c9c178fd97dd8cf05314
20220818,1785508.8241999964,-0.049551615785126166,1,ChiNext,"fee=0.03%, tax=0.10%",0.0003,0.001,962ee2b19f04a8163c755bcd0b9b2e5d3a6d5e2f61e4c9c178fd97dd8cf05314
20220819,1797509.3113999965,0.00672104614513846,1,ChiNext,"fee=0.03%, tax=0.10%",0.0003,0.001,962ee2b19f04a8163c755bcd0b9b2e5d3a6d5e2f61e4c9c178fd97dd8cf05314
20220822,1772886.9373999964,-0.013698050877312478,1,ChiNext,"fee=0.03%, tax=0.10%",0.0003,0.001,962ee2b19f04a8163c755bcd0b9b2e5d3a6d5e2f61e4c9c178fd97dd8cf05314
20220823,1671787.550999997,-0.057025286986583275,1,ChiNext,"fee=0.03%, tax=0.10%",0.0003,0.001,962ee2b19f04a8163c755bcd0b9b2e5d3a6d5e2f61e4c9c178fd97dd8cf05314
20220824,1663923.590999997,-0.004703923052481193,1,ChiNext,"fee=0.03%, tax=0.10%",0.0003,0.001,962ee2b19f04a8163c755bcd0b9b2e5d3a6d5e2f61e4c9c178fd97dd8cf05314
20220825,1679191.348499997,0.009175756376423714,2,ChiNext,"fee=0.03%, tax=0.10%",0.0003,0.001,962ee2b19f04a8163c755bcd0b9b2e5d3a6d5e2f61e4c9c178fd97dd8cf05314
20220826,1681312.939299997,0.0012634598206422887,2,ChiNext,"fee=0.03%, tax=0.10%",0.0003,0.001,962ee2b19f04a8163c755bcd0b9b2e5d3a6d5e2f61e4c9c178fd97dd8cf05314
20220829,1677822.678299997,-0.002075913958916587,2,ChiNext,"fee=0.03%, tax=0.10%",0.0003,0.001,962ee2b19f04a8163c755bcd0b9b2e5d3a6d5e2f61e4c9c178fd97dd8cf05314
20220830,1636068.0665999968,-0.02488618865392071,2,ChiNext,"fee=0.03%, tax=0.10%",0.0003,0.001,962ee2b19f04a8163c755bcd0b9b2e5d3a6d5e2f61e4c9c178fd97dd8cf05314
20220831,1635277.1863999967,-0.00048340299291067145,4,ChiNext,"fee=0.03%, tax=0.10%",0.0003,0.001,962ee2b19f04a8163c755bcd0b9b2e5d3a6d5e2f61e4c9c178fd97dd8cf05314
20220901,1640405.9676999971,0.0031363375840221964,3,ChiNext,"fee=0.03%, tax=0.10%",0.0003,0.001,962ee2b19f04a8163c755bcd0b9b2e5d3a6d5e2f61e4c9c178fd97dd8cf05314
20220902,1637739.951099997,-0.0016252175696106566,3,ChiNext,"fee=0.03%, tax=0.10%",0.0003,0.001,962ee2b19f04a8163c755bcd0b9b2e5d3a6d5e2f61e4c9c178fd97dd8cf05314
20220905,1679909.3850999968,0.025748553042060533,3,ChiNext,"fee=0.03%, tax=0.10%",0.0003,0.001,962ee2b19f04a8163c755bcd0b9b2e5d3a6d5e2f61e4c9c178fd97dd8cf05314
20220906,1703419.4620999969,0.013994848298678092,3,ChiNext,"fee=0.03%, tax=0.10%",0.0003,0.001,962ee2b19f04a8163c755bcd0b9b2e5d3a6d5e2f61e4c9c178fd97dd8cf05314
20220907,1680016.096099997,-0.01373905049267663,3,ChiNext,"fee=0.03%, tax=0.10%",0.0003,0.001,962ee2b19f04a8163c755bcd0b9b2e5d3a6d5e2f61e4c9c178fd97dd8cf05314
20220908,1709666.4703999967,0.01764886322745979,2,ChiNext,"fee=0.03%, tax=0.10%",0.0003,0.001,962ee2b19f04a8163c755bcd0b9b2e5d3a6d5e2f61e4c9c178fd97dd8cf05314
20220909,1703878.8678999967,-0.003385223141590862,2,ChiNext,"fee=0.03%, tax=0.10%",0.0003,0.001,962ee2b19f04a8163c755bcd0b9b2e5d3a6d5e2f61e4c9c178fd97dd8cf05314
20220913,1806922.4333999967,0.06047587504092915,2,ChiNext,"fee=0.03%, tax=0.10%",0.0003,0.001,962ee2b19f04a8163c755bcd0b9b2e5d3a6d5e2f61e4c9c178fd97dd8cf05314
20220914,1762405.4204999967,-0.024636925236593863,2,ChiNext,"fee=0.03%, tax=0.10%",0.0003,0.001,962ee2b19f04a8163c755bcd0b9b2e5d3a6d5e2f61e4c9c178fd97dd8cf05314
20220915,1812819.6280999968,0.028605340753943838,2,ChiNext,"fee=0.03%, tax=0.10%",0.0003,0.001,962ee2b19f04a8163c755bcd0b9b2e5d3a6d5e2f61e4c9c178fd97dd8cf05314
20220916,1835727.199699997,0.012636431802103446,2,ChiNext,"fee=0.03%, tax=0.10%",0.0003,0.001,962ee2b19f04a8163c755bcd0b9b2e5d3a6d5e2f61e4c9c178fd97dd8cf05314
20220919,1919152.9492999967,0.04544561393088993,2,ChiNext,"fee=0.03%, tax=0.10%",0.0003,0.001,962ee2b19f04a8163c755bcd0b9b2e5d3a6d5e2f61e4c9c178fd97dd8cf05314
20220920,1893003.4169999969,-0.013625559291424783,4,ChiNext,"fee=0.03%, tax=0.10%",0.0003,0.001,962ee2b19f04a8163c755bcd0b9b2e5d3a6d5e2f61e4c9c178fd97dd8cf05314
20220921,1951293.833199997,0.030792557306831416,4,ChiNext,"fee=0.03%, tax=0.10%",0.0003,0.001,962ee2b19f04a8163c755bcd0b9b2e5d3a6d5e2f61e4c9c178fd97dd8cf05314
20220922,1901843.137899997,-0.025342516057104556,4,ChiNext,"fee=0.03%, tax=0.10%",0.0003,0.001,962ee2b19f04a8163c755bcd0b9b2e5d3a6d5e2f61e4c9c178fd97dd8cf05314
20220923,1906762.158799997,0.002586449324854242,4,ChiNext,"fee=0.03%, tax=0.10%",0.0003,0.001,962ee2b19f04a8163c755bcd0b9b2e5d3a6d5e2f61e4c9c178fd97dd8cf05314
20220926,1935672.5796999969,0.015162048799098413,3,ChiNext,"fee=0.03%, tax=0.10%",0.0003,0.001,962ee2b19f04a8163c755bcd0b9b2e5d3a6d5e2f61e4c9c178fd97dd8cf05314
20220927,1854745.119699997,-0.04180844469705854,2,ChiNext,"fee=0.03%, tax=0.10%",0.0003,0.001,962ee2b19f04a8163c755bcd0b9b2e5d3a6d5e2f61e4c9c178fd97dd8cf05314
20220928,1898363.674899997,0.023517277245649428,2,ChiNext,"fee=0.03%, tax=0.10%",0.0003,0.001,962ee2b19f04a8163c755bcd0b9b2e5d3a6d5e2f61e4c9c178fd97dd8cf05314
20220930,1838432.7798999972,-0.03156976494672806,3,ChiNext,"fee=0.03%, tax=0.10%",0.0003,0.001,962ee2b19f04a8163c755bcd0b9b2e5d3a6d5e2f61e4c9c178fd97dd8cf05314
20221010,1856521.3853999972,0.009839144350430918,3,ChiNext,"fee=0.03%, tax=0.10%",0.0003,0.001,962ee2b19f04a8163c755bcd0b9b2e5d3a6d5e2f61e4c9c178fd97dd8cf05314
20221011,1856521.3853999972,0.0,0,ChiNext,"fee=0.03%, tax=0.10%",0.0003,0.001,962ee2b19f04a8163c755bcd0b9b2e5d3a6d5e2f61e4c9c178fd97dd8cf05314
20221012,1856521.3853999972,0.0,0,ChiNext,"fee=0.03%, tax=0.10%",0.0003,0.001,962ee2b19f04a8163c755bcd0b9b2e5d3a6d5e2f61e4c9c178fd97dd8cf05314
20221013,1912815.860799997,0.030322556929701587,2,ChiNext,"fee=0.03%, tax=0.10%",0.0003,0.001,962ee2b19f04a8163c755bcd0b9b2e5d3a6d5e2f61e4c9c178fd97dd8cf05314
20221014,1888954.424999997,-0.012474507499127764,2,ChiNext,"fee=0.03%, tax=0.10%",0.0003,0.001,962ee2b19f04a8163c755bcd0b9b2e5d3a6d5e2f61e4c9c178fd97dd8cf05314
20221017,2007155.542899997,0.06257489134498316,2,ChiNext,"fee=0.03%, tax=0.10%",0.0003,0.001,962ee2b19f04a8163c755bcd0b9b2e5d3a6d5e2f61e4c9c178fd97dd8cf05314
20221018,2046793.5288999972,0.01974833796026099,4,ChiNext,"fee=0.03%, tax=0.10%",0.0003,0.001,962ee2b19f04a8163c755bcd0b9b2e5d3a6d5e2f61e4c9c178fd97dd8cf05314
20221019,2098177.371999997,0.025104556162836328,4,ChiNext,"fee=0.03%, tax=0.10%",0.0003,0.001,962ee2b19f04a8163c755bcd0b9b2e5d3a6d5e2f61e4c9c178fd97dd8cf05314
20221020,2085117.623599997,-0.006224330018177402,4,ChiNext,"fee=0.03%, tax=0.10%",0.0003,0.001,962ee2b19f04a8163c755bcd0b9b2e5d3a6d5e2f61e4c9c178fd97dd8cf05314
20221021,2060178.839799997,-0.01196037265127652,4,ChiNext,"fee=0.03%, tax=0.10%",0.0003,0.001,962ee2b19f04a8163c755bcd0b9b2e5d3a6d5e2f61e4c9c178fd97dd8cf05314
20221024,2077858.305499997,0.008581519894513813,4,ChiNext,"fee=0.03%, tax=0.10%",0.0003,0.001,962ee2b19f04a8163c755bcd0b9b2e5d3a6d5e2f61e4c9c178fd97dd8cf05314
20221025,2235458.614699997,0.07584747659782148,2,ChiNext,"fee=0.03%, tax=0.10%",0.0003,0.001,962ee2b19f04a8163c755bcd0b9b2e5d3a6d5e2f61e4c9c178fd97dd8cf05314
20221026,2233705.084199997,-0.0007844164452291613,2,ChiNext,"fee=0.03%, tax=0.10%",0.0003,0.001,962ee2b19f04a8163c755bcd0b9b2e5d3a6d5e2f61e4c9c178fd97dd8cf05314
20221027,2175465.370999997,-0.026073143501331424,2,ChiNext,"fee=0.03%, tax=0.10%",0.0003,0.001,962ee2b19f04a8163c755bcd0b9b2e5d3a6d5e2f61e4c9c178fd97dd8cf05314
20221028,2190910.168499997,0.007099537278729633,2,ChiNext,"fee=0.03%, tax=0.10%",0.0003,0.001,962ee2b19f04a8163c755bcd0b9b2e5d3a6d5e2f61e4c9c178fd97dd8cf05314
20221031,2202316.310999997,0.005206120572168083,3,ChiNext,"fee=0.03%, tax=0.10%",0.0003,0.001,962ee2b19f04a8163c755bcd0b9b2e5d3a6d5e2f61e4c9c178fd97dd8cf05314
20221101,2202316.310999997,0.0,0,ChiNext,"fee=0.03%, tax=0.10%",0.0003,0.001,962ee2b19f04a8163c755bcd0b9b2e5d3a6d5e2f61e4c9c178fd97dd8cf05314
20221102,2202316.310999997,0.0,0,ChiNext,"fee=0.03%, tax=0.10%",0.0003,0.001,962ee2b19f04a8163c755bcd0b9b2e5d3a6d5e2f61e4c9c178fd97dd8cf05314
20221103,2202316.310999997,0.0,0,ChiNext,"fee=0.03%, tax=0.10%",0.0003,0.001,962ee2b19f04a8163c755bcd0b9b2e5d3a6d5e2f61e4c9c178fd97dd8cf05314
20221104,2253289.6417999966,0.02314532682948454,2,ChiNext,"fee=0.03%, tax=0.10%",0.0003,0.001,962ee2b19f04a8163c755bcd0b9b2e5d3a6d5e2f61e4c9c178fd97dd8cf05314
20221107,2271718.0794999963,0.008178459332586494,2,ChiNext,"fee=0.03%, tax=0.10%",0.0003,0.001,962ee2b19f04a8163c755bcd0b9b2e5d3a6d5e2f61e4c9c178fd97dd8cf05314
20221108,2344275.0183999967,0.0319392355744997,2,ChiNext,"fee=0.03%, tax=0.10%",0.0003,0.001,962ee2b19f04a8163c755bcd0b9b2e5d3a6d5e2f61e4c9c178fd97dd8cf05314
20221109,2307316.5315999966,-0.01576542278952612,2,ChiNext,"fee=0.03%, tax=0.10%",0.0003,0.001,962ee2b19f04a8163c755bcd0b9b2e5d3a6d5e2f61e4c9c178fd97dd8cf05314
20221110,2308410.7786999964,0.00047425096860941057,4,ChiNext,"fee=0.03%, tax=0.10%",0.0003,0.001,962ee2b19f04a8163c755bcd0b9b2e5d3a6d5e2f61e4c9c178fd97dd8cf05314
20221111,2284935.9010999966,-0.010169280882157324,4,ChiNext,"fee=0.03%, tax=0.10%",0.0003,0.001,962ee2b19f04a8163c755bcd0b9b2e5d3a6d5e2f61e4c9c178fd97dd8cf05314
20221114,2387788.8276999965,0.045013484426624485,3,ChiNext,"fee=0.03%, tax=0.10%",0.0003,0.001,962ee2b19f04a8163c755bcd0b9b2e5d3a6d5e2f61e4c9c178fd97dd8cf05314
20221115,2319524.856599997,-0.02858878067779303,3,ChiNext,"fee=0.03%, tax=0.10%",0.0003,0.001,962ee2b19f04a8163c755bcd0b9b2e5d3a6d5e2f61e4c9c178fd97dd8cf05314
20221116,2306542.908599997,-0.005596813486633225,2,ChiNext,"fee=0.03%, tax=0.10%",0.0003,0.001,962ee2b19f04a8163c755bcd0b9b2e5d3a6d5e2f61e4c9c178fd97dd8cf05314
20221117,2366872.592299997,0.026155890477935338,2,ChiNext,"fee=0.03%, tax=0.10%",0.0003,0.001,962ee2b19f04a8163c755bcd0b9b2e5d3a6d5e2f61e4c9c178fd97dd8cf05314
20221118,2490240.4747999967,0.052122739052936386,2,ChiNext,"fee=0.03%, tax=0.10%",0.0003,0.001,962ee2b19f04a8163c755bcd0b9b2e5d3a6d5e2f61e4c9c178fd97dd8cf05314
20221121,2438663.4640999967,-0.0207116586618577,2,ChiNext,"fee=0.03%, tax=0.10%",0.0003,0.001,962ee2b19f04a8163c755bcd0b9b2e5d3a6d5e2f61e4c9c178fd97dd8cf05314
20221122,2480304.4199999967,0.017075318719866,4,ChiNext,"fee=0.03%, tax=0.10%",0.0003,0.001,962ee2b19f04a8163c755bcd0b9b2e5d3a6d5e2f61e4c9c178fd97dd8cf05314
20221123,2483219.8525999966,0.0011754333768432931,4,ChiNext,"fee=0.03%, tax=0.10%",0.0003,0.001,962ee2b19f04a8163c755bcd0b9b2e5d3a6d5e2f61e4c9c178fd97dd8cf05314
20221124,2375880.477499997,-0.04322588472688501,3,ChiNext,"fee=0.03%, tax=0.10%",0.0003,0.001,962ee2b19f04a8163c755bcd0b9b2e5d3a6d5e2f61e4c9c178fd97dd8cf05314
20221125,2413613.0457999962,0.015881509468735264,4,ChiNext,"fee=0.03%, tax=0.10%",0.0003,0.001,962ee2b19f04a8163c755bcd0b9b2e5d3a6d5e2f61e4c9c178fd97dd8cf05314
20221128,2493938.9067999963,0.03328033925727141,2,ChiNext,"fee=0.03%, tax=0.10%",0.0003,0.001,962ee2b19f04a8163c755bcd0b9b2e5d3a6d5e2f61e4c9c178fd97dd8cf05314
20221129,2429503.395099996,-0.025836844488976735,2,ChiNext,"fee=0.03%, tax=0.10%",0.0003,0.001,962ee2b19f04a8163c755bcd0b9b2e5d3a6d5e2f61e4c9c178fd97dd8cf05314
20221130,2420761.978299996,-0.0035980261717808593,2,ChiNext,"fee=0.03%, tax=0.10%",0.0003,0.001,962ee2b19f04a8163c755bcd0b9b2e5d3a6d5e2f61e4c9c178fd97dd8cf05314
20221201,2483277.4862999953,0.02582472319063008,2,ChiNext,"fee=0.03%, tax=0.10%",0.0003,0.001,962ee2b19f04a8163c755bcd0b9b2e5d3a6d5e2f61e4c9c178fd97dd8cf05314
20221202,2461415.079699995,-0.008803851651945119,3,ChiNext,"fee=0.03%, tax=0.10%",0.0003,0.001,962ee2b19f04a8163c755bcd0b9b2e5d3a6d5e2f61e4c9c178fd97dd8cf05314
20221205,2449327.918499995,-0.004910655378561017,3,ChiNext,"fee=0.03%, tax=0.10%",0.0003,0.001,962ee2b19f04a8163c755bcd0b9b2e5d3a6d5e2f61e4c9c178fd97dd8cf05314
20221206,2495824.518099995,0.018983411428419538,3,ChiNext,"fee=0.03%, tax=0.10%",0.0003,0.001,962ee2b19f04a8163c755bcd0b9b2e5d3a6d5e2f61e4c9c178fd97dd8cf05314
20221207,2513261.3931999947,0.006986418705940937,3,ChiNext,"fee=0.03%, tax=0.10%",0.0003,0.001,962ee2b19f04a8163c755bcd0b9b2e5d3a6d5e2f61e4c9c178fd97dd8cf05314
20221208,2521891.189999995,0.003433704438125432,2,ChiNext,"fee=0.03%, tax=0.10%",0.0003,0.001,962ee2b19f04a8163c755bcd0b9b2e5d3a6d5e2f61e4c9c178fd97dd8cf05314
20221209,2474017.3418999948,-0.01898331232125846,2,ChiNext,"fee=0.03%, tax=0.10%",0.0003,0.001,962ee2b19f04a8163c755bcd0b9b2e5d3a6d5e2f61e4c9c178fd97dd8cf05314
20221212,2508876.6336999945,0.014090156608695616,2,ChiNext,"fee=0.03%, tax=0.10%",0.0003,0.001,962ee2b19f04a8163c755bcd0b9b2e5d3a6d5e2f61e4c9c178fd97dd8cf05314
20221213,2580122.8336999943,0.028397649785963597,2,ChiNext,"fee=0.03%, tax=0.10%",0.0003,0.001,962ee2b19f04a8163c755bcd0b9b2e5d3a6d5e2f61e4c9c178fd97dd8cf05314
20221214,2580122.8336999943,0.0,0,ChiNext,"fee=0.03%, tax=0.10%",0.0003,0.001,962ee2b19f04a8163c755bcd0b9b2e5d3a6d5e2f61e4c9c178fd97dd8cf05314
20221215,2580122.8336999943,0.0,0,ChiNext,"fee=0.03%, tax=0.10%",0.0003,0.001,962ee2b19f04a8163c755bcd0b9b2e5d3a6d5e2f61e4c9c178fd97dd8cf05314
20221216,2580122.8336999943,0.0,0,ChiNext,"fee=0.03%, tax=0.10%",0.0003,0.001,962ee2b19f04a8163c755bcd0b9b2e5d3a6d5e2f61e4c9c178fd97dd8cf05314
20221219,2580122.8336999943,0.0,0,ChiNext,"fee=0.03%, tax=0.10%",0.0003,0.001,962ee2b19f04a8163c755bcd0b9b2e5d3a6d5e2f61e4c9c178fd97dd8cf05314
20221220,2523898.055699994,-0.021791512119355934,2,ChiNext,"fee=0.03%, tax=0.10%",0.0003,0.001,962ee2b19f04a8163c755bcd0b9b2e5d3a6d5e2f61e4c9c178fd97dd8cf05314
20221221,2478627.950899994,-0.017936582144338773,2,ChiNext,"fee=0.03%, tax=0.10%",0.0003,0.001,962ee2b19f04a8163c755bcd0b9b2e5d3a6d5e2f61e4c9c178fd97dd8cf05314
20221222,2461030.188499994,-0.007099799868556357,2,ChiNext,"fee=0.03%, tax=0.10%",0.0003,0.001,962ee2b19f04a8163c755bcd0b9b2e5d3a6d5e2f61e4c9c178fd97dd8cf05314
20221223,2478950.0371999936,0.007281442049649018,4,ChiNext,"fee=0.03%, tax=0.10%",0.0003,0.001,962ee2b19f04a8163c755bcd0b9b2e5d3a6d5e2f61e4c9c178fd97dd8cf05314
20221226,2514271.4680999937,0.014248544896006073,2,ChiNext,"fee=0.03%, tax=0.10%",0.0003,0.001,962ee2b19f04a8163c755bcd0b9b2e5d3a6d5e2f61e4c9c178fd97dd8cf05314
20221227,2460482.453699994,-0.021393479217519617,3,ChiNext,"fee=0.03%, tax=0.10%",0.0003,0.001,962ee2b19f04a8163c755bcd0b9b2e5d3a6d5e2f61e4c9c178fd97dd8cf05314
20221228,2492642.5197999934,0.013070634196817053,3,ChiNext,"fee=0.03%, tax=0.10%",0.0003,0.001,962ee2b19f04a8163c755bcd0b9b2e5d3a6d5e2f61e4c9c178fd97dd8cf05314
20221229,2479764.3476999933,-0.00516647373127271,3,ChiNext,"fee=0.03%, tax=0.10%",0.0003,0.001,962ee2b19f04a8163c755bcd0b9b2e5d3a6d5e2f61e4c9c178fd97dd8cf05314
20221230,2559619.8371999934,0.03220285410348242,4,ChiNext,"fee=0.03%, tax=0.10%",0.0003,0.001,962ee2b19f04a8163c755bcd0b9b2e5d3a6d5e2f61e4c9c178fd97dd8cf05314
20230103,2583043.6256999937,0.009151276357360901,2,ChiNext,"fee=0.03%, tax=0.10%",0.0003,0.001,962ee2b19f04a8163c755bcd0b9b2e5d3a6d5e2f61e4c9c178fd97dd8cf05314
20230104,2650403.823499994,0.02607783977390079,2,ChiNext,"fee=0.03%, tax=0.10%",0.0003,0.001,962ee2b19f04a8163c755bcd0b9b2e5d3a6d5e2f61e4c9c178fd97dd8cf05314
20230105,2616795.424799994,-0.012680482272930838,4,ChiNext,"fee=0.03%, tax=0.10%",0.0003,0.001,962ee2b19f04a8163c755bcd0b9b2e5d3a6d5e2f61e4c9c178fd97dd8cf05314
20230106,2682638.193899994,0.025161603569003547,4,ChiNext,"fee=0.03%, tax=0.10%",0.0003,0.001,962ee2b19f04a8163c755bcd0b9b2e5d3a6d5e2f61e4c9c178fd97dd8cf05314
20230109,2728978.1423999937,0.01727402100118144,4,ChiNext,"fee=0.03%, tax=0.10%",0.0003,0.001,962ee2b19f04a8163c755bcd0b9b2e5d3a6d5e2f61e4c9c178fd97dd8cf05314
20230110,2652663.659899994,-0.02796449019297946,4,ChiNext,"fee=0.03%, tax=0.10%",0.0003,0.001,962ee2b19f04a8163c755bcd0b9b2e5d3a6d5e2f61e4c9c178fd97dd8cf05314
20230111,2696168.999799994,0.016400624232037087,4,ChiNext,"fee=0.03%, tax=0.10%",0.0003,0.001,962ee2b19f04a8163c755bcd0b9b2e5d3a6d5e2f61e4c9c178fd97dd8cf05314
20230112,2678813.9970999938,-0.006436912041228681,2,ChiNext,"fee=0.03%, tax=0.10%",0.0003,0.001,962ee2b19f04a8163c755bcd0b9b2e5d3a6d5e2f61e4c9c178fd97dd8cf05314
20230113,2614439.3732999936,-0.024031016662482082,2,ChiNext,"fee=0.03%, tax=0.10%",0.0003,0.001,962ee2b19f04a8163c755bcd0b9b2e5d3a6d5e2f61e4c9c178fd97dd8cf05314
20230116,2603377.831499994,-0.004230942171758105,2,ChiNext,"fee=0.03%, tax=0.10%",0.0003,0.001,962ee2b19f04a8163c755bcd0b9b2e5d3a6d5e2f61e4c9c178fd97dd8cf05314
20230117,2541063.3836999936,-0.023935998473220595,2,ChiNext,"fee=0.03%, tax=0.10%",0.0003,0.001,962ee2b19f04a8163c755bcd0b9b2e5d3a6d5e2f61e4c9c178fd97dd8cf05314
20230118,2549771.302499994,0.003426879807823264,3,ChiNext,"fee=0.03%, tax=0.10%",0.0003,0.001,962ee2b19f04a8163c755bcd0b9b2e5d3a6d5e2f61e4c9c178fd97dd8cf05314
20230119,2538679.9457999943,-0.004349941772866083,3,ChiNext,"fee=0.03%, tax=0.10%",0.0003,0.001,962ee2b19f04a8163c755bcd0b9b2e5d3a6d5e2f61e4c9c178fd97dd8cf05314
20230120,2575774.724399994,0.014611837408401813,3,ChiNext,"fee=0.03%, tax=0.10%",0.0003,0.001,962ee2b19f04a8163c755bcd0b9b2e5d3a6d5e2f61e4c9c178fd97dd8cf05314
20230130,2575774.724399994,0.0,0,ChiNext,"fee=0.03%, tax=0.10%",0.0003,0.001,962ee2b19f04a8163c755bcd0b9b2e5d3a6d5e2f61e4c9c178fd97dd8cf05314
20230131,2647816.8113999944,0.027969094625222676,2,ChiNext,"fee=0.03%, tax=0.10%",0.0003,0.001,962ee2b19f04a8163c755bcd0b9b2e5d3a6d5e2f61e4c9c178fd97dd8cf05314
20230201,2620881.4429999944,-0.010172670663631882,2,ChiNext,"fee=0.03%, tax=0.10%",0.0003,0.001,962ee2b19f04a8163c755bcd0b9b2e5d3a6d5e2f61e4c9c178fd97dd8cf05314
20230202,2617303.943299995,-0.0013649986761341596,2,ChiNext,"fee=0.03%, tax=0.10%",0.0003,0.001,962ee2b19f04a8163c755bcd0b9b2e5d3a6d5e2f61e4c9c178fd97dd8cf05314
20230203,2522731.9806999946,-0.03613335120748733,2,ChiNext,"fee=0.03%, tax=0.10%",0.0003,0.001,962ee2b19f04a8163c755bcd0b9b2e5d3a6d5e2f61e4c9c178fd97dd8cf05314
20230206,2520115.121099995,-0.0010373117794596257,1,ChiNext,"fee=0.03%, tax=0.10%",0.0003,0.001,962ee2b19f04a8163c755bcd0b9b2e5d3a6d5e2f61e4c9c178fd97dd8cf05314
20230207,2491456.454299995,-0.011371967320084437,3,ChiNext,"fee=0.03%, tax=0.10%",0.0003,0.001,962ee2b19f04a8163c755bcd0b9b2e5d3a6d5e2f61e4c9c178fd97dd8cf05314
20230208,2548065.157199995,0.0227211287607693,1,ChiNext,"fee=0.03%, tax=0.10%",0.0003,0.001,962ee2b19f04a8163c755bcd0b9b2e5d3a6d5e2f61e4c9c178fd97dd8cf05314
20230209,2500992.616499995,-0.018473837125784914,1,ChiNext,"fee=0.03%, tax=0.10%",0.0003,0.001,962ee2b19f04a8163c755bcd0b9b2e5d3a6d5e2f61e4c9c178fd97dd8cf05314
20230210,2555697.261099995,0.021873173170961397,3,ChiNext,"fee=0.03%, tax=0.10%",0.0003,0.001,962ee2b19f04a8163c755bcd0b9b2e5d3a6d5e2f61e4c9c178fd97dd8cf05314
20230213,2536141.122899995,-0.007651977602223039,2,ChiNext,"fee=0.03%, tax=0.10%",0.0003,0.001,962ee2b19f04a8163c755bcd0b9b2e5d3a6d5e2f61e4c9c178fd97dd8cf05314
20230214,2543517.529199995,0.0029085157105000663,2,ChiNext,"fee=0.03%, tax=0.10%",0.0003,0.001,962ee2b19f04a8163c755bcd0b9b2e5d3a6d5e2f61e4c9c178fd97dd8cf05314
20230215,2472031.995599995,-0.028104989558489234,1,ChiNext,"fee=0.03%, tax=0.10%",0.0003,0.001,962ee2b19f04a8163c755bcd0b9b2e5d3a6d5e2f61e4c9c178fd97dd8cf05314
20230216,2426488.060599995,-0.018423683464075042,1,ChiNext,"fee=0.03%, tax=0.10%",0.0003,0.001,962ee2b19f04a8163c755bcd0b9b2e5d3a6d5e2f61e4c9c178fd97dd8cf05314
20230217,2397990.705599995,-0.01174427991743486,1,ChiNext,"fee=0.03%, tax=0.10%",0.0003,0.001,962ee2b19f04a8163c755bcd0b9b2e5d3a6d5e2f61e4c9c178fd97dd8cf05314
20230220,2359053.462899995,-0.01623744521155575,1,ChiNext,"fee=0.03%, tax=0.10%",0.0003,0.001,962ee2b19f04a8163c755bcd0b9b2e5d3a6d5e2f61e4c9c178fd97dd8cf05314
20230221,2363494.6103999955,0.0018825972237784326,1,ChiNext,"fee=0.03%, tax=0.10%",0.0003,0.001,962ee2b19f04a8163c755bcd0b9b2e5d3a6d5e2f61e4c9c178fd97dd8cf05314
20230222,2388959.2139999955,0.010774132290358989,2,ChiNext,"fee=0.03%, tax=0.10%",0.0003,0.001,962ee2b19f04a8163c755bcd0b9b2e5d3a6d5e2f61e4c9c178fd97dd8cf05314
20230223,2399271.7079999954,0.004316730875757834,2,ChiNext,"fee=0.03%, tax=0.10%",0.0003,0.001,962ee2b19f04a8163c755bcd0b9b2e5d3a6d5e2f61e4c9c178fd97dd8cf05314
20230224,2377763.8997999956,-0.008964307013784823,2,ChiNext,"fee=0.03%, tax=0.10%",0.0003,0.001,962ee2b19f04a8163c755bcd0b9b2e5d3a6d5e2f61e4c9c178fd97dd8cf05314
20230227,2375271.3222999955,-0.0010482863753671222,2,ChiNext,"fee=0.03%, tax=0.10%",0.0003,0.001,962ee2b19f04a8163c755bcd0b9b2e5d3a6d5e2f61e4c9c178fd97dd8cf05314
20230228,2405629.4456999954,0.012780907644101851,4,ChiNext,"fee=0.03%, tax=0.10%",0.0003,0.001,962ee2b19f04a8163c755bcd0b9b2e5d3a6d5e2f61e4c9c178fd97dd8cf05314
20230301,2506604.7394999955,0.04197458340081886,4,ChiNext,"fee=0.03%, tax=0.10%",0.0003,0.001,962ee2b19f04a8163c755bcd0b9b2e5d3a6d5e2f61e4c9c178fd97dd8cf05314
20230302,2470740.2847999954,-0.014307981683284527,4,ChiNext,"fee=0.03%, tax=0.10%",0.0003,0.001,962ee2b19f04a8163c755bcd0b9b2e5d3a6d5e2f61e4c9c178fd97dd8cf05314
20230303,2470740.2847999954,0.0,0,ChiNext,"fee=0.03%, tax=0.10%",0.0003,0.001,962ee2b19f04a8163c755bcd0b9b2e5d3a6d5e2f61e4c9c178fd97dd8cf05314
20211207,998168.337,-0.0018316629999999422,3,ChiNext,"fee=0.05%, tax=0.10%",0.0005,0.001,962ee2b19f04a8163c755bcd0b9b2e5d3a6d5e2f61e4c9c178fd97dd8cf05314
20211208,998168.337,0.0,0,ChiNext,"fee=0.05%, tax=0.10%",0.0005,0.001,962ee2b19f04a8163c755bcd0b9b2e5d3a6d5e2f61e4c9c178fd97dd8cf05314
20211209,999804.2125000001,0.001638877371042157,4,ChiNext,"fee=0.05%, tax=0.10%",0.0005,0.001,962ee2b19f04a8163c755bcd0b9b2e5d3a6d5e2f61e4c9c178fd97dd8cf05314
20211210,1007170.3215000001,0.007367551474484248,4,ChiNext,"fee=0.05%, tax=0.10%",0.0005,0.001,962ee2b19f04a8163c755bcd0b9b2e5d3a6d5e2f61e4c9c178fd97dd8cf05314
20211213,1007170.3215000001,0.0,0,ChiNext,"fee=0.05%, tax=0.10%",0.0005,0.001,962ee2b19f04a8163c755bcd0b9b2e5d3a6d5e2f61e4c9c178fd97dd8cf05314
20211214,1011494.9895000001,0.004293879503477867,3,ChiNext,"fee=0.05%, tax=0.10%",0.0005,0.001,962ee2b19f04a8163c755bcd0b9b2e5d3a6d5e2f61e4c9c178fd97dd8cf05314
20211215,1068452.8190000001,0.05631054042902897,1,ChiNext,"fee=0.05%, tax=0.10%",0.0005,0.001,962ee2b19f04a8163c755bcd0b9b2e5d3a6d5e2f61e4c9c178fd97dd8cf05314
20211216,1066199.5535000002,-0.002108905007250469,1,ChiNext,"fee=0.05%, tax=0.10%",0.0005,0.001,962ee2b19f04a8163c755bcd0b9b2e5d3a6d5e2f61e4c9c178fd97dd8cf05314
20211217,1122467.2745000003,0.05277409919680681,1,ChiNext,"fee=0.05%, tax=0.10%",0.0005,0.001,962ee2b19f04a8163c755bcd0b9b2e5d3a6d5e2f61e4c9c178fd97dd8cf05314
20211220,1144987.7740000004,0.020063390721152062,1,ChiNext,"fee=0.05%, tax=0.10%",0.0005,0.001,962ee2b19f04a8163c755bcd0b9b2e5d3a6d5e2f61e4c9c178fd97dd8cf05314
20211221,1144987.7740000004,0.0,0,ChiNext,"fee=0.05%, tax=0.10%",0.0005,0.001,962ee2b19f04a8163c755bcd0b9b2e5d3a6d5e2f61e4c9c178fd97dd8cf05314
20211222,1144987.7740000004,0.0,0,ChiNext,"fee=0.05%, tax=0.10%",0.0005,0.001,962ee2b19f04a8163c755bcd0b9b2e5d3a6d5e2f61e4c9c178fd97dd8cf05314
20211223,1129211.5735000004,-0.013778488171001229,3,ChiNext,"fee=0.05%, tax=0.10%",0.0005,0.001,962ee2b19f04a8163c755bcd0b9b2e5d3a6d5e2f61e4c9c178fd97dd8cf05314
20211224,1129832.3965000005,0.000549784481995562,4,ChiNext,"fee=0.05%, tax=0.10%",0.0005,0.001,962ee2b19f04a8163c755bcd0b9b2e5d3a6d5e2f61e4c9c178fd97dd8cf05314
20211227,1145257.8720000004,0.01365288829368413,4,ChiNext,"fee=0.05%, tax=0.10%",0.0005,0.001,962ee2b19f04a8163c755bcd0b9b2e5d3a6d5e2f61e4c9c178fd97dd8cf05314
20211228,1188053.0965000002,0.03736732621210026,1,ChiNext,"fee=0.05%, tax=0.10%",0.0005,0.001,962ee2b19f04a8163c755bcd0b9b2e5d3a6d5e2f61e4c9c178fd97dd8cf05314
20211229,1180562.1745000002,-0.00630520809387076,1,ChiNext,"fee=0.05%, tax=0.10%",0.0005,0.001,962ee2b19f04a8163c755bcd0b9b2e5d3a6d5e2f61e4c9c178fd97dd8cf05314
20211230,1225898.266,0.03840212102272455,1,ChiNext,"fee=0.05%, tax=0.10%",0.0005,0.001,962ee2b19f04a8163c755bcd0b9b2e5d3a6d5e2f61e4c9c178fd97dd8cf05314
20211231,1190673.26,-0.028734036891116747,1,ChiNext,"fee=0.05%, tax=0.10%",0.0005,0.001,962ee2b19f04a8163c755bcd0b9b2e5d3a6d5e2f61e4c9c178fd97dd8cf05314
20220104,1190673.26,0.0,0,ChiNext,"fee=0.05%, tax=0.10%",0.0005,0.001,962ee2b19f04a8163c755bcd0b9b2e5d3a6d5e2f61e4c9c178fd97dd8cf05314
20220105,1190673.26,0.0,0,ChiNext,"fee=0.05%, tax=0.10%",0.0005,0.001,962ee2b19f04a8163c755bcd0b9b2e5d3a6d5e2f61e4c9c178fd97dd8cf05314
20220106,1190673.26,0.0,0,ChiNext,"fee=0.05%, tax=0.10%",0.0005,0.001,962ee2b19f04a8163c755bcd0b9b2e5d3a6d5e2f61e4c9c178fd97dd8cf05314
20220107,1228216.939,0.0315314706907922,3,ChiNext,"fee=0.05%, tax=0.10%",0.0005,0.001,962ee2b19f04a8163c755bcd0b9b2e5d3a6d5e2f61e4c9c178fd97dd8cf05314
20220110,1205757.942,-0.018285855117977635,3,ChiNext,"fee=0.05%, tax=0.10%",0.0005,0.001,962ee2b19f04a8163c755bcd0b9b2e5d3a6d5e2f61e4c9c178fd97dd8cf05314
20220111,1233279.2485000002,0.02282490169988047,3,ChiNext,"fee=0.05%, tax=0.10%",0.0005,0.001,962ee2b19f04a8163c755bcd0b9b2e5d3a6d5e2f61e4c9c178fd97dd8cf05314
20220112,1151318.7235000003,-0.06645739405709289,1,ChiNext,"fee=0.05%, tax=0.10%",0.0005,0.001,962ee2b19f04a8163c755bcd0b9b2e5d3a6d5e2f61e4c9c178fd97dd8cf05314
20220113,1118046.0135000004,-0.028899651608940376,1,ChiNext,"fee=0.05%, tax=0.10%",0.0005,0.001,962ee2b19f04a8163c755bcd0b9b2e5d3a6d5e2f61e4c9c178fd97dd8cf05314
20220114,1180879.5725000002,0.056199439237122124,4,ChiNext,"fee=0.05%, tax=0.10%",0.0005,0.001,962ee2b19f04a8163c755bcd0b9b2e5d3a6d5e2f61e4c9c178fd97dd8cf05314
20220117,1116822.3990000002,-0.054245305780323355,4,ChiNext,"fee=0.05%, tax=0.10%",0.0005,0.001,962ee2b19f04a8163c755bcd0b9b2e5d3a6d5e2f61e4c9c178fd97dd8cf05314
20220118,1116822.3990000002,0.0,0,ChiNext,"fee=0.05%, tax=0.10%",0.0005,0.001,962ee2b19f04a8163c755bcd0b9b2e5d3a6d5e2f61e4c9c178fd97dd8cf05314
20220119,1116822.3990000002,0.0,0,ChiNext,"fee=0.05%, tax=0.10%",0.0005,0.001,962ee2b19f04a8163c755bcd0b9b2e5d3a6d5e2f61e4c9c178fd97dd8cf05314
20220120,1100116.8890000002,-0.014958072129425484,3,ChiNext,"fee=0.05%, tax=0.10%",0.0005,0.001,962ee2b19f04a8163c755bcd0b9b2e5d3a6d5e2f61e4c9c178fd97dd8cf05314
20220121,1101161.9480000003,0.000949952691799939,3,ChiNext,"fee=0.05%, tax=0.10%",0.0005,0.001,962ee2b19f04a8163c755bcd0b9b2e5d3a6d5e2f61e4c9c178fd97dd8cf05314
20220124,1065193.5300000003,-0.03266405823896128,3,ChiNext,"fee=0.05%, tax=0.10%",0.0005,0.001,962ee2b19f04a8163c755bcd0b9b2e5d3a6d5e2f61e4c9c178fd97dd8cf05314
20220125,1091886.9390000002,0.025059680000121647,1,ChiNext,"fee=0.05%, tax=0.10%",0.0005,0.001,962ee2b19f04a8163c755bcd0b9b2e5d3a6d5e2f61e4c9c178fd97dd8cf05314
20220126,1091886.9390000002,0.0,0,ChiNext,"fee=0.05%, tax=0.10%",0.0005,0.001,962ee2b19f04a8163c755bcd0b9b2e5d3a6d5e2f61e4c9c178fd97dd8cf05314
20220127,1091886.9390000002,0.0,0,ChiNext,"fee=0.05%, tax=0.10%",0.0005,0.001,962ee2b19f04a8163c755bcd0b9b2e5d3a6d5e2f61e4c9c178fd97dd8cf05314
20220128,1091886.9390000002,0.0,0,ChiNext,"fee=0.05%, tax=0.10%",0.0005,0.001,962ee2b19f04a8163c755bcd0b9b2e5d3a6d5e2f61e4c9c178fd97dd8cf05314
20220207,1094964.607,0.0028186691222980456,1,ChiNext,"fee=0.05%, tax=0.10%",0.0005,0.001,962ee2b19f04a8163c755bcd0b9b2e5d3a6d5e2f61e4c9c178fd97dd8cf05314
20220208,1118672.2845,0.021651546861368085,1,ChiNext,"fee=0.05%, tax=0.10%",0.0005,0.001,962ee2b19f04a8163c755bcd0b9b2e5d3a6d5e2f61e4c9c178fd97dd8cf05314
20220209,1101148.7565,-0.015664576876357004,1,ChiNext,"fee=0.05%, tax=0.10%",0.0005,0.001,962ee2b19f04a8163c755bcd0b9b2e5d3a6d5e2f61e4c9c178fd97dd8cf05314
20220210,1065524.9385,-0.03235150363628456,3,ChiNext,"fee=0.05%, tax=0.10%",0.0005,0.001,962ee2b19f04a8163c755bcd0b9b2e5d3a6d5e2f61e4c9c178fd97dd8cf05314
20220216,1129812.6524999999,0.060334311921878984,1,ChiNext,"fee=0.05%, tax=0.10%",0.0005,0.001,962ee2b19f04a8163c755bcd0b9b2e5d3a6d5e2f61e4c9c178fd97dd8cf05314
20220217,1190280.5514999998,0.05352028840020446,1,ChiNext,"fee=0.05%, tax=0.10%",0.0005,0.001,962ee2b19f04a8163c755bcd0b9b2e5d3a6d5e2f61e4c9c178fd97dd8cf05314
20220218,1163563.0389999999,-0.022446399268080418,1,ChiNext,"fee=0.05%, tax=0.10%",0.0005,0.001,962ee2b19f04a8163c755bcd0b9b2e5d3a6d5e2f61e4c9c178fd97dd8cf05314
20220221,1198208.3984999997,0.029775232057710446,3,ChiNext,"fee=0.05%, tax=0.10%",0.0005,0.001,962ee2b19f04a8163c755bcd0b9b2e5d3a6d5e2f61e4c9c178fd97dd8cf05314
20220222,1278066.0674999997,0.06664756239396366,4,ChiNext,"fee=0.05%, tax=0.10%",0.0005,0.001,962ee2b19f04a8163c755bcd0b9b2e5d3a6d5e2f61e4c9c178fd97dd8cf05314
20220223,1278066.0674999997,0.0,0,ChiNext,"fee=0.05%, tax=0.10%",0.0005,0.001,962ee2b19f04a8163c755bcd0b9b2e5d3a6d5e2f61e4c9c178fd97dd8cf05314
20220224,1290245.6709999996,0.009529713533373322,1,ChiNext,"fee=0.05%, tax=0.10%",0.0005,0.001,962ee2b19f04a8163c755bcd0b9b2e5d3a6d5e2f61e4c9c178fd97dd8cf05314
20220225,1290254.6469999994,6.956814660602249e-06,1,ChiNext,"fee=0.05%, tax=0.10%",0.0005,0.001,962ee2b19f04a8163c755bcd0b9b2e5d3a6d5e2f61e4c9c178fd97dd8cf05314
20220228,1285137.4794999994,-0.0039660136174653774,1,ChiNext,"fee=0.05%, tax=0.10%",0.0005,0.001,962ee2b19f04a8163c755bcd0b9b2e5d3a6d5e2f61e4c9c178fd97dd8cf05314
20220301,1259979.6189999995,-0.019576007159784935,3,ChiNext,"fee=0.05%, tax=0.10%",0.0005,0.001,962ee2b19f04a8163c755bcd0b9b2e5d3a6d5e2f61e4c9c178fd97dd8cf05314
20220302,1241532.2639999995,-0.014640994760408095,3,ChiNext,"fee=0.05%, tax=0.10%",0.0005,0.001,962ee2b19f04a8163c755bcd0b9b2e5d3a6d5e2f61e4c9c178fd97dd8cf05314
20220303,1235874.1439999994,-0.004557368474477369,4,ChiNext,"fee=0.05%, tax=0.10%",0.0005,0.001,962ee2b19f04a8163c755bcd0b9b2e5d3a6d5e2f61e4c9c178fd97dd8cf05314
20220304,1209968.9694999992,-0.02096101340558526,4,ChiNext,"fee=0.05%, tax=0.10%",0.0005,0.001,962ee2b19f04a8163c755bcd0b9b2e5d3a6d5e2f61e4c9c178fd97dd8cf05314
20220307,1139684.7649999992,-0.058087609080622826,1,ChiNext,"fee=0.05%, tax=0.10%",0.0005,0.001,962ee2b19f04a8163c755bcd0b9b2e5d3a6d5e2f61e4c9c178fd97dd8cf05314
20220308,1152758.2914999991,0.01147117773395868,4,ChiNext,"fee=0.05%, tax=0.10%",0.0005,0.001,962ee2b19f04a8163c755bcd0b9b2e5d3a6d5e2f61e4c9c178fd97dd8cf05314
20220309,1184972.897999999,0.027945673206203104,4,ChiNext,"fee=0.05%, tax=0.10%",0.0005,0.001,962ee2b19f04a8163c755bcd0b9b2e5d3a6d5e2f61e4c9c178fd97dd8cf05314
20220310,1184652.6179999993,-0.0002702846626622133,3,ChiNext,"fee=0.05%, tax=0.10%",0.0005,0.001,962ee2b19f04a8163c755bcd0b9b2e5d3a6d5e2f61e4c9c178fd97dd8cf05314
20220311,1128607.4319999993,-0.047309384327887435,3,ChiNext,"fee=0.05%, tax=0.10%",0.0005,0.001,962ee2b19f04a8163c755bcd0b9b2e5d3a6d5e2f61e4c9c178fd97dd8cf05314
20220314,1115925.9244999995,-0.011236420335746858,3,ChiNext,"fee=0.05%, tax=0.10%",0.0005,0.001,962ee2b19f04a8163c755bcd0b9b2e5d3a6d5e2f61e4c9c178fd97dd8cf05314
20220315,1186977.5644999996,0.06367057027717628,1,ChiNext,"fee=0.05%, tax=0.10%",0.0005,0.001,962ee2b19f04a8163c755bcd0b9b2e5d3a6d5e2f61e4c9c178fd97dd8cf05314
20220316,1225389.8979999996,0.032361465497606684,1,ChiNext,"fee=0.05%, tax=0.10%",0.0005,0.001,962ee2b19f04a8163c755bcd0b9b2e5d3a6d5e2f61e4c9c178fd97dd8cf05314
20220317,1234278.3909999994,0.007253603946390447,1,ChiNext,"fee=0.05%, tax=0.10%",0.0005,0.001,962ee2b19f04a8163c755bcd0b9b2e5d3a6d5e2f61e4c9c178fd97dd8cf05314
20220318,1238876.1334999993,0.003725044960298537,1,ChiNext,"fee=0.05%, tax=0.10%",0.0005,0.001,962ee2b19f04a8163c755bcd0b9b2e5d3a6d5e2f61e4c9c178fd97dd8cf05314
20220321,1305389.3059999992,0.05368831532179961,1,ChiNext,"fee=0.05%, tax=0.10%",0.0005,0.001,962ee2b19f04a8163c755bcd0b9b2e5d3a6d5e2f61e4c9c178fd97dd8cf05314
20220322,1357106.0394999993,0.03961786209086665,3,ChiNext,"fee=0.05%, tax=0.10%",0.0005,0.001,962ee2b19f04a8163c755bcd0b9b2e5d3a6d5e2f61e4c9c178fd97dd8cf05314
20220323,1402988.408499999,0.03380897856508267,3,ChiNext,"fee=0.05%, tax=0.10%",0.0005,0.001,962ee2b19f04a8163c755bcd0b9b2e5d3a6d5e2f61e4c9c178fd97dd8cf05314
20220324,1402988.408499999,0.0,0,ChiNext,"fee=0.05%, tax=0.10%",0.0005,0.001,962ee2b19f04a8163c755bcd0b9b2e5d3a6d5e2f61e4c9c178fd97dd8cf05314
20220325,1409161.729499999,0.004400122597306548,4,ChiNext,"fee=0.05%, tax=0.10%",0.0005,0.001,962ee2b19f04a8163c755bcd0b9b2e5d3a6d5e2f61e4c9c178fd97dd8cf05314
20220328,1391038.2504999992,-0.012861177408238599,4,ChiNext,"fee=0.05%, tax=0.10%",0.0005,0.001,962ee2b19f04a8163c755bcd0b9b2e5d3a6d5e2f61e4c9c178fd97dd8cf05314
20220329,1384758.697499999,-0.004514292110761821,4,ChiNext,"fee=0.05%, tax=0.10%",0.0005,0.001,962ee2b19f04a8163c755bcd0b9b2e5d3a6d5e2f61e4c9c178fd97dd8cf05314
20220330,1350358.5374999992,-0.024841988761005733,1,ChiNext,"fee=0.05%, tax=0.10%",0.0005,0.001,962ee2b19f04a8163c755bcd0b9b2e5d3a6d5e2f61e4c9c178fd97dd8cf05314
20220331,1461157.4299999992,0.0820514622028671,3,ChiNext,"fee=0.05%, tax=0.10%",0.0005,0.001,962ee2b19f04a8163c755bcd0b9b2e5d3a6d5e2f61e4c9c178fd97dd8cf05314
20220401,1446969.7379999994,-0.009709899637576912,3,ChiNext,"fee=0.05%, tax=0.10%",0.0005,0.001,962ee2b19f04a8163c755bcd0b9b2e5d3a6d5e2f61e4c9c178fd97dd8cf05314
20220406,1446969.7379999994,0.0,0,ChiNext,"fee=0.05%, tax=0.10%",0.0005,0.001,962ee2b19f04a8163c755bcd0b9b2e5d3a6d5e2f61e4c9c178fd97dd8cf05314
20220407,1446969.7379999994,0.0,0,ChiNext,"fee=0.05%, tax=0.10%",0.0005,0.001,962ee2b19f04a8163c755bcd0b9b2e5d3a6d5e2f61e4c9c178fd97dd8cf05314
20220408,1410998.4939999995,-0.024859707190365555,1,ChiNext,"fee=0.05%, tax=0.10%",0.0005,0.001,962ee2b19f04a8163c755bcd0b9b2e5d3a6d5e2f61e4c9c178fd97dd8cf05314
20220411,1425303.2239999995,0.010138019325199922,4,ChiNext,"fee=0.05%, tax=0.10%",0.0005,0.001,962ee2b19f04a8163c755bcd0b9b2e5d3a6d5e2f61e4c9c178fd97dd8cf05314
20220412,1402245.4894999997,-0.016177423941615806,4,ChiNext,"fee=0.05%, tax=0.10%",0.0005,0.001,962ee2b19f04a8163c755bcd0b9b2e5d3a6d5e2f61e4c9c178fd97dd8cf05314
20220413,1402245.4894999997,0.0,0,ChiNext,"fee=0.05%, tax=0.10%",0.0005,0.001,962ee2b19f04a8163c755bcd0b9b2e5d3a6d5e2f61e4c9c178fd97dd8cf05314
20220414,1351434.7339999997,-0.03623527825938497,3,ChiNext,"fee=0.05%, tax=0.10%",0.0005,0.001,962ee2b19f04a8163c755bcd0b9b2e5d3a6d5e2f61e4c9c178fd97dd8cf05314
20220415,1377062.6099999999,0.018963458134708688,3,ChiNext,"fee=0.05%, tax=0.10%",0.0005,0.001,962ee2b19f04a8163c755bcd0b9b2e5d3a6d5e2f61e4c9c178fd97dd8cf05314
20220418,1404004.9654999997,0.01956509116168642,1,ChiNext,"fee=0.05%, tax=0.10%",0.0005,0.001,962ee2b19f04a8163c755bcd0b9b2e5d3a6d5e2f61e4c9c178fd97dd8cf05314
20220419,1427717.1944999995,0.01688899226332531,1,ChiNext,"fee=0.05%, tax=0.10%",0.0005,0.001,962ee2b19f04a8163c755bcd0b9b2e5d3a6d5e2f61e4c9c178fd97dd8cf05314
20220420,1371804.1514999995,-0.039162547887910924,4,ChiNext,"fee=0.05%, tax=0.10%",0.0005,0.001,962ee2b19f04a8163c755bcd0b9b2e5d3a6d5e2f61e4c9c178fd97dd8cf05314
20220421,1336344.2529999996,-0.02584909694377748,4,ChiNext,"fee=0.05%, tax=0.10%",0.0005,0.001,962ee2b19f04a8163c755bcd0b9b2e5d3a6d5e2f61e4c9c178fd97dd8cf05314
20220422,1300573.6179999996,-0.026767530087922653,1,ChiNext,"fee=0.05%, tax=0.10%",0.0005,0.001,962ee2b19f04a8163c755bcd0b9b2e5d3a6d5e2f61e4c9c178fd97dd8cf05314
20220425,1334478.4549999994,0.026069140978069446,1,ChiNext,"fee=0.05%, tax=0.10%",0.0005,0.001,962ee2b19f04a8163c755bcd0b9b2e5d3a6d5e2f61e4c9c178fd97dd8cf05314
20220426,1402409.9014999995,0.050904865676531366,3,ChiNext,"fee=0.05%, tax=0.10%",0.0005,0.001,962ee2b19f04a8163c755bcd0b9b2e5d3a6d5e2f61e4c9c178fd97dd8cf05314
20220427,1431936.6934999994,0.021054323681270665,3,ChiNext,"fee=0.05%, tax=0.10%",0.0005,0.001,962ee2b19f04a8163c755bcd0b9b2e5d3a6d5e2f61e4c9c178fd97dd8cf05314
20220428,1474447.3599999992,0.02968753206267344,3,ChiNext,"fee=0.05%, tax=0.10%",0.0005,0.001,962ee2b19f04a8163c755bcd0b9b2e5d3a6d5e2f61e4c9c178fd97dd8cf05314
20220429,1506142.617999999,0.021496364576894716,1,ChiNext,"fee=0.05%, tax=0.10%",0.0005,0.001,962ee2b19f04a8163c755bcd0b9b2e5d3a6d5e2f61e4c9c178fd97dd8cf05314
20220505,1506142.617999999,0.0,0,ChiNext,"fee=0.05%, tax=0.10%",0.0005,0.001,962ee2b19f04a8163c755bcd0b9b2e5d3a6d5e2f61e4c9c178fd97dd8cf05314
20220506,1517677.3284999991,0.0076584450649945365,4,ChiNext,"fee=0.05%, tax=0.10%",0.0005,0.001,962ee2b19f04a8163c755bcd0b9b2e5d3a6d5e2f61e4c9c178fd97dd8cf05314
20220509,1570138.216999999,0.034566562677621177,1,ChiNext,"fee=0.05%, tax=0.10%",0.0005,0.001,962ee2b19f04a8163c755bcd0b9b2e5d3a6d5e2f61e4c9c178fd97dd8cf05314
20220510,1549035.3809999991,-0.013440113597336831,1,ChiNext,"fee=0.05%, tax=0.10%",0.0005,0.001,962ee2b19f04a8163c755bcd0b9b2e5d3a6d5e2f61e4c9c178fd97dd8cf05314
20220511,1593705.6739999992,0.02883749044593326,1,ChiNext,"fee=0.05%, tax=0.10%",0.0005,0.001,962ee2b19f04a8163c755bcd0b9b2e5d3a6d5e2f61e4c9c178fd97dd8cf05314
20220512,1561998.7424999992,-0.01989509858518579,3,ChiNext,"fee=0.05%, tax=0.10%",0.0005,0.001,962ee2b19f04a8163c755bcd0b9b2e5d3a6d5e2f61e4c9c178fd97dd8cf05314
20220513,1561998.7424999992,0.0,0,ChiNext,"fee=0.05%, tax=0.10%",0.0005,0.001,962ee2b19f04a8163c755bcd0b9b2e5d3a6d5e2f61e4c9c178fd97dd8cf05314
20220516,1561998.7424999992,0.0,0,ChiNext,"fee=0.05%, tax=0.10%",0.0005,0.001,962ee2b19f04a8163c755bcd0b9b2e5d3a6d5e2f61e4c9c178fd97dd8cf05314
20220517,1558876.2134999991,-0.0019990598680012053,1,ChiNext,"fee=0.05%, tax=0.10%",0.0005,0.001,962ee2b19f04a8163c755bcd0b9b2e5d3a6d5e2f61e4c9c178fd97dd8cf05314
20220518,1584995.082499999,0.016754934595709616,4,ChiNext,"fee=0.05%, tax=0.10%",0.0005,0.001,962ee2b19f04a8163c755bcd0b9b2e5d3a6d5e2f61e4c9c178fd97dd8cf05314
20220519,1588965.703499999,0.0025051314315354114,3,ChiNext,"fee=0.05%, tax=0.10%",0.0005,0.001,962ee2b19f04a8163c755bcd0b9b2e5d3a6d5e2f61e4c9c178fd97dd8cf05314
20220520,1577506.206999999,-0.007211921865121553,3,ChiNext,"fee=0.05%, tax=0.10%",0.0005,0.001,962ee2b19f04a8163c755bcd0b9b2e5d3a6d5e2f61e4c9c178fd97dd8cf05314
20220523,1577506.206999999,0.0,0,ChiNext,"fee=0.05%, tax=0.10%",0.0005,0.001,962ee2b19f04a8163c755bcd0b9b2e5d3a6d5e2f61e4c9c178fd97dd8cf05314
20220524,1638659.526999999,0.038765818941719134,1,ChiNext,"fee=0.05%, tax=0.10%",0.0005,0.001,962ee2b19f04a8163c755bcd0b9b2e5d3a6d5e2f61e4c9c178fd97dd8cf05314
20220525,1576334.9919999992,-0.03803385265400526,1,ChiNext,"fee=0.05%, tax=0.10%",0.0005,0.001,962ee2b19f04a8163c755bcd0b9b2e5d3a6d5e2f61e4c9c178fd97dd8cf05314
20220526,1507120.3079999993,-0.04390861355693355,4,ChiNext,"fee=0.05%, tax=0.10%",0.0005,0.001,962ee2b19f04a8163c755bcd0b9b2e5d3a6d5e2f61e4c9c178fd97dd8cf05314
20220527,1476934.3809999991,-0.020028876818770965,2,ChiNext,"fee=0.05%, tax=0.10%",0.0005,0.001,962ee2b19f04a8163c755bcd0b9b2e5d3a6d5e2f61e4c9c178fd97dd8cf05314
20220530,1501588.9609999992,0.016693077442822484,2,ChiNext,"fee=0.05%, tax=0.10%",0.0005,0.001,962ee2b19f04a8163c755bcd0b9b2e5d3a6d5e2f61e4c9c178fd97dd8cf05314
20220531,1578960.6804999993,0.05152656386636833,1,ChiNext,"fee=0.05%, tax=0.10%",0.0005,0.001,962ee2b19f04a8163c755bcd0b9b2e5d3a6d5e2f61e4c9c178fd97dd8cf05314
20220601,1614407.4134999993,0.022449408296079495,1,ChiNext,"fee=0.05%, tax=0.10%",0.0005,0.001,962ee2b19f04a8163c755bcd0b9b2e5d3a6d5e2f61e4c9c178fd97dd8cf05314
20220602,1614407.4134999993,0.0,0,ChiNext,"fee=0.05%, tax=0.10%",0.0005,0.001,962ee2b19f04a8163c755bcd0b9b2e5d3a6d5e2f61e4c9c178fd97dd8cf05314
20220606,1583592.3334999993,-0.019087548621443497,2,ChiNext,"fee=0.05%, tax=0.10%",0.0005,0.001,962ee2b19f04a8163c755bcd0b9b2e5d3a6d5e2f61e4c9c178fd97dd8cf05314
20220607,1553301.1624999992,-0.019128136932218927,2,ChiNext,"fee=0.05%, tax=0.10%",0.0005,0.001,962ee2b19f04a8163c755bcd0b9b2e5d3a6d5e2f61e4c9c178fd97dd8cf05314
20220608,1483731.5924999993,-0.04478820442523159,2,ChiNext,"fee=0.05%, tax=0.10%",0.0005,0.001,962ee2b19f04a8163c755bcd0b9b2e5d3a6d5e2f61e4c9c178fd97dd8cf05314
20220609,1520117.5674999994,0.024523286545844788,2,ChiNext,"fee=0.05%, tax=0.10%",0.0005,0.001,962ee2b19f04a8163c755bcd0b9b2e5d3a6d5e2f61e4c9c178fd97dd8cf05314
20220610,1565887.1074999995,0.030109210615382256,1,ChiNext,"fee=0.05%, tax=0.10%",0.0005,0.001,962ee2b19f04a8163c755bcd0b9b2e5d3a6d5e2f61e4c9c178fd97dd8cf05314
20220613,1738627.3514999994,0.11031462177103339,1,ChiNext,"fee=0.05%, tax=0.10%",0.0005,0.001,962ee2b19f04a8163c755bcd0b9b2e5d3a6d5e2f61e4c9c178fd97dd8cf05314
20220614,1738438.6949999994,-0.00010850887617595439,1,ChiNext,"fee=0.05%, tax=0.10%",0.0005,0.001,962ee2b19f04a8163c755bcd0b9b2e5d3a6d5e2f61e4c9c178fd97dd8cf05314
20220615,1815173.5119999996,0.04414007650698335,1,ChiNext,"fee=0.05%, tax=0.10%",0.0005,0.001,962ee2b19f04a8163c755bcd0b9b2e5d3a6d5e2f61e4c9c178fd97dd8cf05314
20220616,1815173.5119999996,0.0,0,ChiNext,"fee=0.05%, tax=0.10%",0.0005,0.001,962ee2b19f04a8163c755bcd0b9b2e5d3a6d5e2f61e4c9c178fd97dd8cf05314
20220617,1827216.3319999997,0.0066345282808424255,4,ChiNext,"fee=0.05%, tax=0.10%",0.0005,0.001,962ee2b19f04a8163c755bcd0b9b2e5d3a6d5e2f61e4c9c178fd97dd8cf05314
20220620,1793080.7094999996,-0.018681763019618228,4,ChiNext,"fee=0.05%, tax=0.10%",0.0005,0.001,962ee2b19f04a8163c755bcd0b9b2e5d3a6d5e2f61e4c9c178fd97dd8cf05314
20220621,1788216.2319999998,-0.002712916085833227,4,ChiNext,"fee=0.05%, tax=0.10%",0.0005,0.001,962ee2b19f04a8163c755bcd0b9b2e5d3a6d5e2f61e4c9c178fd97dd8cf05314
20220622,1959461.0495,0.09576292533060965,4,ChiNext,"fee=0.05%, tax=0.10%",0.0005,0.001,962ee2b19f04a8163c755bcd0b9b2e5d3a6d5e2f61e4c9c178fd97dd8cf05314
20220623,1931046.9479999999,-0.01450097796394095,2,ChiNext,"fee=0.05%, tax=0.10%",0.0005,0.001,962ee2b19f04a8163c755bcd0b9b2e5d3a6d5e2f61e4c9c178fd97dd8cf05314
20220624,1998010.8019999997,0.03467748625653809,2,ChiNext,"fee=0.05%, tax=0.10%",0.0005,0.001,962ee2b19f04a8163c755bcd0b9b2e5d3a6d5e2f61e4c9c178fd97dd8cf05314
20220627,2082786.5484999998,0.04243007415932886,2,ChiNext,"fee=0.05%, tax=0.10%",0.0005,0.001,962ee2b19f04a8163c755bcd0b9b2e5d3a6d5e2f61e4c9c178fd97dd8cf05314
20220628,1970045.9659999995,-0.05412968629992103,1,ChiNext,"fee=0.05%, tax=0.10%",0.0005,0.001,962ee2b19f04a8163c755bcd0b9b2e5d3a6d5e2f61e4c9c178fd97dd8cf05314
20220629,1993953.0059999998,0.01213527014729578,1,ChiNext,"fee=0.05%, tax=0.10%",0.0005,0.001,962ee2b19f04a8163c755bcd0b9b2e5d3a6d5e2f61e4c9c178fd97dd8cf05314
20220630,1985900.0114999998,-0.004038708272345326,1,ChiNext,"fee=0.05%, tax=0.10%",0.0005,0.001,962ee2b19f04a8163c755bcd0b9b2e5d3a6d5e2f61e4c9c178fd97dd8cf05314
20220701,1985900.0114999998,0.0,0,ChiNext,"fee=0.05%, tax=0.10%",0.0005,0.001,962ee2b19f04a8163c755bcd0b9b2e5d3a6d5e2f61e4c9c178fd97dd8cf05314
20220704,1985900.0114999998,0.0,0,ChiNext,"fee=0.05%, tax=0.10%",0.0005,0.001,962ee2b19f04a8163c755bcd0b9b2e5d3a6d5e2f61e4c9c178fd97dd8cf05314
20220705,1985900.0114999998,0.0,0,ChiNext,"fee=0.05%, tax=0.10%",0.0005,0.001,962ee2b19f04a8163c755bcd0b9b2e5d3a6d5e2f61e4c9c178fd97dd8cf05314
20220706,1969878.2895,-0.008067738510106674,2,ChiNext,"fee=0.05%, tax=0.10%",0.0005,0.001,962ee2b19f04a8163c755bcd0b9b2e5d3a6d5e2f61e4c9c178fd97dd8cf05314
20220707,2012016.7859999998,0.021391421350552376,2,ChiNext,"fee=0.05%, tax=0.10%",0.0005,0.001,962ee2b19f04a8163c755bcd0b9b2e5d3a6d5e2f61e4c9c178fd97dd8cf05314
20220708,2056797.6439999994,0.022256701987574543,2,ChiNext,"fee=0.05%, tax=0.10%",0.0005,0.001,962ee2b19f04a8163c755bcd0b9b2e5d3a6d5e2f61e4c9c178fd97dd8cf05314
20220711,1916892.8644999992,-0.06802068249549212,1,ChiNext,"fee=0.05%, tax=0.10%",0.0005,0.001,962ee2b19f04a8163c755bcd0b9b2e5d3a6d5e2f61e4c9c178fd97dd8cf05314
20220712,1940562.9674999993,0.012348161672652586,2,ChiNext,"fee=0.05%, tax=0.10%",0.0005,0.001,962ee2b19f04a8163c755bcd0b9b2e5d3a6d5e2f61e4c9c178fd97dd8cf05314
20220713,1961560.5279999995,0.010820344844079451,4,ChiNext,"fee=0.05%, tax=0.10%",0.0005,0.001,962ee2b19f04a8163c755bcd0b9b2e5d3a6d5e2f61e4c9c178fd97dd8cf05314
20220714,1962847.5569999993,0.0006561250502486989,4,ChiNext,"fee=0.05%, tax=0.10%",0.0005,0.001,962ee2b19f04a8163c755bcd0b9b2e5d3a6d5e2f61e4c9c178fd97dd8cf05314
20220715,2017417.2309999992,0.027801279730252582,4,ChiNext,"fee=0.05%, tax=0.10%",0.0005,0.001,962ee2b19f04a8163c755bcd0b9b2e5d3a6d5e2f61e4c9c178fd97dd8cf05314
20220718,2026974.924999999,0.004737589157629191,4,ChiNext,"fee=0.05%, tax=0.10%",0.0005,0.001,962ee2b19f04a8163c755bcd0b9b2e5d3a6d5e2f61e4c9c178fd97dd8cf05314
20220719,1933519.4734999991,-0.046105874496696106,1,ChiNext,"fee=0.05%, tax=0.10%",0.0005,0.001,962ee2b19f04a8163c755bcd0b9b2e5d3a6d5e2f61e4c9c178fd97dd8cf05314
20220720,1933519.4734999991,0.0,0,ChiNext,"fee=0.05%, tax=0.10%",0.0005,0.001,962ee2b19f04a8163c755bcd0b9b2e5d3a6d5e2f61e4c9c178fd97dd8cf05314
20220721,1935339.7989999992,0.0009414570294991322,2,ChiNext,"fee=0.05%, tax=0.10%",0.0005,0.001,962ee2b19f04a8163c755bcd0b9b2e5d3a6d5e2f61e4c9c178fd97dd8cf05314
20220722,1953435.6999999993,0.00935024485589059,2,ChiNext,"fee=0.05%, tax=0.10%",0.0005,0.001,962ee2b19f04a8163c755bcd0b9b2e5d3a6d5e2f61e4c9c178fd97dd8cf05314
20220725,1976525.2714999993,0.011819980304445182,2,ChiNext,"fee=0.05%, tax=0.10%",0.0005,0.001,962ee2b19f04a8163c755bcd0b9b2e5d3a6d5e2f61e4c9c178fd97dd8cf05314
20220726,1943152.6699999992,-0.016884480042429914,2,ChiNext,"fee=0.05%, tax=0.10%",0.0005,0.001,962ee2b19f04a8163c755bcd0b9b2e5d3a6d5e2f61e4c9c178fd97dd8cf05314
20220727,1954237.1284999992,0.005704368303700992,3,ChiNext,"fee=0.05%, tax=0.10%",0.0005,0.001,962ee2b19f04a8163c755bcd0b9b2e5d3a6d5e2f61e4c9c178fd97dd8cf05314
20220728,1919851.5584999993,-0.017595392851016467,3,ChiNext,"fee=0.05%, tax=0.10%",0.0005,0.001,962ee2b19f04a8163c755bcd0b9b2e5d3a6d5e2f61e4c9c178fd97dd8cf05314
20220729,1864184.1724999992,-0.028995671958874623,1,ChiNext,"fee=0.05%, tax=0.10%",0.0005,0.001,962ee2b19f04a8163c755bcd0b9b2e5d3a6d5e2f61e4c9c178fd97dd8cf05314
20220801,1833834.3159999994,-0.01628050326127301,4,ChiNext,"fee=0.05%, tax=0.10%",0.0005,0.001,962ee2b19f04a8163c755bcd0b9b2e5d3a6d5e2f61e4c9c178fd97dd8cf05314
20220802,1740261.2379999994,-0.051025917218139795,1,ChiNext,"fee=0.05%, tax=0.10%",0.0005,0.001,962ee2b19f04a8163c755bcd0b9b2e5d3a6d5e2f61e4c9c178fd97dd8cf05314
20220803,1748528.2379999994,0.004750436210083536,1,ChiNext,"fee=0.05%, tax=0.10%",0.0005,0.001,962ee2b19f04a8163c755bcd0b9b2e5d3a6d5e2f61e4c9c178fd97dd8cf05314
20220804,1765495.2559999994,0.009703599650988267,4,ChiNext,"fee=0.05%, tax=0.10%",0.0005,0.001,962ee2b19f04a8163c755bcd0b9b2e5d3a6d5e2f61e4c9c178fd97dd8cf05314
20220805,1789550.2484999993,0.01362506776398834,4,ChiNext,"fee=0.05%, tax=0.10%",0.0005,0.001,962ee2b19f04a8163c755bcd0b9b2e5d3a6d5e2f61e4c9c178fd97dd8cf05314
20220808,1815954.2489999994,0.01475454546310276,4,ChiNext,"fee=0.05%, tax=0.10%",0.0005,0.001,962ee2b19f04a8163c755bcd0b9b2e5d3a6d5e2f61e4c9c178fd97dd8cf05314
20220809,1810397.3624999993,-0.0030600366187970105,4,ChiNext,"fee=0.05%, tax=0.10%",0.0005,0.001,962ee2b19f04a8163c755bcd0b9b2e5d3a6d5e2f61e4c9c178fd97dd8cf05314
20220810,1812224.6849999994,0.0010093488522744188,2,ChiNext,"fee=0.05%, tax=0.10%",0.0005,0.001,962ee2b19f04a8163c755bcd0b9b2e5d3a6d5e2f61e4c9c178fd97dd8cf05314
20220811,1798758.1419999995,-0.007430945572844261,4,ChiNext,"fee=0.05%, tax=0.10%",0.0005,0.001,962ee2b19f04a8163c755bcd0b9b2e5d3a6d5e2f61e4c9c178fd97dd8cf05314
20220812,1849544.8734999995,0.028234330293861156,4,ChiNext,"fee=0.05%, tax=0.10%",0.0005,0.001,962ee2b19f04a8163c755bcd0b9b2e5d3a6d5e2f61e4c9c178fd97dd8cf05314
20220815,1829565.062,-0.010802555691547328,3,ChiNext,"fee=0.05%, tax=0.10%",0.0005,0.001,962ee2b19f04a8163c755bcd0b9b2e5d3a6d5e2f61e4c9c178fd97dd8cf05314
20220816,1764554.7799999998,-0.03553318947232942,2,ChiNext,"fee=0.05%, tax=0.10%",0.0005,0.001,962ee2b19f04a8163c755bcd0b9b2e5d3a6d5e2f61e4c9c178fd97dd8cf05314
20220817,1768661.5239999997,0.0023273542122619444,3,ChiNext,"fee=0.05%, tax=0.10%",0.0005,0.001,962ee2b19f04a8163c755bcd0b9b2e5d3a6d5e2f61e4c9c178fd97dd8cf05314
20220818,1680353.6379999998,-0.049929217547675875,1,ChiNext,"fee=0.05%, tax=0.10%",0.0005,0.001,962ee2b19f04a8163c755bcd0b9b2e5d3a6d5e2f61e4c9c178fd97dd8cf05314
20220819,1690970.3859999997,0.00631816289137579,1,ChiNext,"fee=0.05%, tax=0.10%",0.0005,0.001,962ee2b19f04a8163c755bcd0b9b2e5d3a6d5e2f61e4c9c178fd97dd8cf05314
20220822,1667323.7419999996,-0.01398406748916305,1,ChiNext,"fee=0.05%, tax=0.10%",0.0005,0.001,962ee2b19f04a8163c755bcd0b9b2e5d3a6d5e2f61e4c9c178fd97dd8cf05314
20220823,1571618.19,-0.05740070124905575,1,ChiNext,"fee=0.05%, tax=0.10%",0.0005,0.001,962ee2b19f04a8163c755bcd0b9b2e5d3a6d5e2f61e4c9c178fd97dd8cf05314
20220824,1563609.982,-0.005095517506067977,1,ChiNext,"fee=0.05%, tax=0.10%",0.0005,0.001,962ee2b19f04a8163c755bcd0b9b2e5d3a6d5e2f61e4c9c178fd97dd8cf05314
20220825,1577298.809,0.008754630091636122,2,ChiNext,"fee=0.05%, tax=0.10%",0.0005,0.001,962ee2b19f04a8163c755bcd0b9b2e5d3a6d5e2f61e4c9c178fd97dd8cf05314
20220826,1578665.6539999999,0.0008665732784433822,2,ChiNext,"fee=0.05%, tax=0.10%",0.0005,0.001,962ee2b19f04a8163c755bcd0b9b2e5d3a6d5e2f61e4c9c178fd97dd8cf05314
20220829,1574754.1609999998,-0.0024777209728286246,2,ChiNext,"fee=0.05%, tax=0.10%",0.0005,0.001,962ee2b19f04a8163c755bcd0b9b2e5d3a6d5e2f61e4c9c178fd97dd8cf05314
20220830,1534896.0899999999,-0.025310662443139276,2,ChiNext,"fee=0.05%, tax=0.10%",0.0005,0.001,962ee2b19f04a8163c755bcd0b9b2e5d3a6d5e2f61e4c9c178fd97dd8cf05314
20220831,1533541.5354999998,-0.0008825056685108149,4,ChiNext,"fee=0.05%, tax=0.10%",0.0005,0.001,962ee2b19f04a8163c755bcd0b9b2e5d3a6d5e2f61e4c9c178fd97dd8cf05314
20220901,1537743.4989999996,0.0027400389247558394,3,ChiNext,"fee=0.05%, tax=0.10%",0.0005,0.001,962ee2b19f04a8163c755bcd0b9b2e5d3a6d5e2f61e4c9c178fd97dd8cf05314
20220902,1534615.1034999993,-0.0020344065847358425,3,ChiNext,"fee=0.05%, tax=0.10%",0.0005,0.001,962ee2b19f04a8163c755bcd0b9b2e5d3a6d5e2f61e4c9c178fd97dd8cf05314
20220905,1573401.5419999992,0.025274375582215784,3,ChiNext,"fee=0.05%, tax=0.10%",0.0005,0.001,962ee2b19f04a8163c755bcd0b9b2e5d3a6d5e2f61e4c9c178fd97dd8cf05314
20220906,1594385.4239999992,0.013336634952910192,3,ChiNext,"fee=0.05%, tax=0.10%",0.0005,0.001,962ee2b19f04a8163c755bcd0b9b2e5d3a6d5e2f61e4c9c178fd97dd8cf05314
20220907,1571774.3049999992,-0.014181714571419689,3,ChiNext,"fee=0.05%, tax=0.10%",0.0005,0.001,962ee2b19f04a8163c755bcd0b9b2e5d3a6d5e2f61e4c9c178fd97dd8cf05314
20220908,1598899.2874999992,0.017257555625964975,2,ChiNext,"fee=0.05%, tax=0.10%",0.0005,0.001,962ee2b19f04a8163c755bcd0b9b2e5d3a6d5e2f61e4c9c178fd97dd8cf05314
20220909,1592852.3614999992,-0.003781930511367484,2,ChiNext,"fee=0.05%, tax=0.10%",0.0005,0.001,962ee2b19f04a8163c755bcd0b9b2e5d3a6d5e2f61e4c9c178fd97dd8cf05314
20220913,1688551.2654999993,0.06008020976274275,2,ChiNext,"fee=0.05%, tax=0.10%",0.0005,0.001,962ee2b19f04a8163c755bcd0b9b2e5d3a6d5e2f61e4c9c178fd97dd8cf05314
20220914,1646255.1354999994,-0.02504876864812009,2,ChiNext,"fee=0.05%, tax=0.10%",0.0005,0.001,962ee2b19f04a8163c755bcd0b9b2e5d3a6d5e2f61e4c9c178fd97dd8cf05314
20220915,1692645.8754999994,0.02817955674040174,2,ChiNext,"fee=0.05%, tax=0.10%",0.0005,0.001,962ee2b19f04a8163c755bcd0b9b2e5d3a6d5e2f61e4c9c178fd97dd8cf05314
20220916,1713226.2314999993,0.012158689716430245,2,ChiNext,"fee=0.05%, tax=0.10%",0.0005,0.001,962ee2b19f04a8163c755bcd0b9b2e5d3a6d5e2f61e4c9c178fd97dd8cf05314
20220919,1790381.581499999,0.04503512062878408,2,ChiNext,"fee=0.05%, tax=0.10%",0.0005,0.001,962ee2b19f04a8163c755bcd0b9b2e5d3a6d5e2f61e4c9c178fd97dd8cf05314
20220920,1765291.395999999,-0.014013876013502723,4,ChiNext,"fee=0.05%, tax=0.10%",0.0005,0.001,962ee2b19f04a8163c755bcd0b9b2e5d3a6d5e2f61e4c9c178fd97dd8cf05314
20220921,1819636.9969999993,0.03078562617092158,4,ChiNext,"fee=0.05%, tax=0.10%",0.0005,0.001,962ee2b19f04a8163c755bcd0b9b2e5d3a6d5e2f61e4c9c178fd97dd8cf05314
20220922,1772909.2504999994,-0.02567970786318317,4,ChiNext,"fee=0.05%, tax=0.10%",0.0005,0.001,962ee2b19f04a8163c755bcd0b9b2e5d3a6d5e2f61e4c9c178fd97dd8cf05314
20220923,1776814.7019999996,0.002202849073577103,4,ChiNext,"fee=0.05%, tax=0.10%",0.0005,0.001,962ee2b19f04a8163c755bcd0b9b2e5d3a6d5e2f61e4c9c178fd97dd8cf05314
20220926,1802846.0319999997,0.014650559774578048,3,ChiNext,"fee=0.05%, tax=0.10%",0.0005,0.001,962ee2b19f04a8163c755bcd0b9b2e5d3a6d5e2f61e4c9c178fd97dd8cf05314
20220927,1726511.2309999997,-0.04234127576347573,2,ChiNext,"fee=0.05%, tax=0.10%",0.0005,0.001,962ee2b19f04a8163c755bcd0b9b2e5d3a6d5e2f61e4c9c178fd97dd8cf05314
20220928,1766258.0469999998,0.023021463913083642,2,ChiNext,"fee=0.05%, tax=0.10%",0.0005,0.001,962ee2b19f04a8163c755bcd0b9b2e5d3a6d5e2f61e4c9c178fd97dd8cf05314
20220930,1710078.1315,-0.031807309014343525,3,ChiNext,"fee=0.05%, tax=0.10%",0.0005,0.001,962ee2b19f04a8163c755bcd0b9b2e5d3a6d5e2f61e4c9c178fd97dd8cf05314
20221010,1726406.9995,0.009548609329140478,3,ChiNext,"fee=0.05%, tax=0.10%",0.0005,0.001,962ee2b19f04a8163c755bcd0b9b2e5d3a6d5e2f61e4c9c178fd97dd8cf05314
20221011,1726406.9995,0.0,0,ChiNext,"fee=0.05%, tax=0.10%",0.0005,0.001,962ee2b19f04a8163c755bcd0b9b2e5d3a6d5e2f61e4c9c178fd97dd8cf05314
20221012,1726406.9995,0.0,0,ChiNext,"fee=0.05%, tax=0.10%",0.0005,0.001,962ee2b19f04a8163c755bcd0b9b2e5d3a6d5e2f61e4c9c178fd97dd8cf05314
20221013,1778068.8985000001,0.029924518966247513,2,ChiNext,"fee=0.05%, tax=0.10%",0.0005,0.001,962ee2b19f04a8163c755bcd0b9b2e5d3a6d5e2f61e4c9c178fd97dd8cf05314
20221014,1755212.7065,-0.012854503005638191,2,ChiNext,"fee=0.05%, tax=0.10%",0.0005,0.001,962ee2b19f04a8163c755bcd0b9b2e5d3a6d5e2f61e4c9c178fd97dd8cf05314
20221017,1864550.601,0.06229324462789829,2,ChiNext,"fee=0.05%, tax=0.10%",0.0005,0.001,962ee2b19f04a8163c755bcd0b9b2e5d3a6d5e2f61e4c9c178fd97dd8cf05314
20221018,1900706.4625,0.01939119350293239,4,ChiNext,"fee=0.05%, tax=0.10%",0.0005,0.001,962ee2b19f04a8163c755bcd0b9b2e5d3a6d5e2f61e4c9c178fd97dd8cf05314
20221019,1948066.2215,0.02491692427756981,4,ChiNext,"fee=0.05%, tax=0.10%",0.0005,0.001,962ee2b19f04a8163c755bcd0b9b2e5d3a6d5e2f61e4c9c178fd97dd8cf05314
20221020,1935237.0550000002,-0.006585590550469805,4,ChiNext,"fee=0.05%, tax=0.10%",0.0005,0.001,962ee2b19f04a8163c755bcd0b9b2e5d3a6d5e2f61e4c9c178fd97dd8cf05314
20221021,1911164.4005000002,-0.012439124415174007,4,ChiNext,"fee=0.05%, tax=0.10%",0.0005,0.001,962ee2b19f04a8163c755bcd0b9b2e5d3a6d5e2f61e4c9c178fd97dd8cf05314
20221024,1926901.3695000005,0.0082342309201046,4,ChiNext,"fee=0.05%, tax=0.10%",0.0005,0.001,962ee2b19f04a8163c755bcd0b9b2e5d3a6d5e2f61e4c9c178fd97dd8cf05314
20221025,2072058.8110000002,0.07533205580608711,2,ChiNext,"fee=0.05%, tax=0.10%",0.0005,0.001,962ee2b19f04a8163c755bcd0b9b2e5d3a6d5e2f61e4c9c178fd97dd8cf05314
20221026,2069668.1205000002,-0.0011537754079703221,2,ChiNext,"fee=0.05%, tax=0.10%",0.0005,0.001,962ee2b19f04a8163c755bcd0b9b2e5d3a6d5e2f61e4c9c178fd97dd8cf05314
20221027,2014903.6190000004,-0.02646052328755468,2,ChiNext,"fee=0.05%, tax=0.10%",0.0005,0.001,962ee2b19f04a8163c755bcd0b9b2e5d3a6d5e2f61e4c9c178fd97dd8cf05314
20221028,2028515.5085000005,0.006755603281290273,2,ChiNext,"fee=0.05%, tax=0.10%",0.0005,0.001,962ee2b19f04a8163c755bcd0b9b2e5d3a6d5e2f61e4c9c178fd97dd8cf05314
20221031,2038251.5835000002,0.004799605898600759,3,ChiNext,"fee=0.05%, tax=0.10%",0.0005,0.001,962ee2b19f04a8163c755bcd0b9b2e5d3a6d5e2f61e4c9c178fd97dd8cf05314
20221101,2038251.5835000002,0.0,0,ChiNext,"fee=0.05%, tax=0.10%",0.0005,0.001,962ee2b19f04a8163c755bcd0b9b2e5d3a6d5e2f61e4c9c178fd97dd8cf05314
20221102,2038251.5835000002,0.0,0,ChiNext,"fee=0.05%, tax=0.10%",0.0005,0.001,962ee2b19f04a8163c755bcd0b9b2e5d3a6d5e2f61e4c9c178fd97dd8cf05314
20221103,2038251.5835000002,0.0,0,ChiNext,"fee=0.05%, tax=0.10%",0.0005,0.001,962ee2b19f04a8163c755bcd0b9b2e5d3a6d5e2f61e4c9c178fd97dd8cf05314
20221104,2084579.0450000002,0.02272902024216677,2,ChiNext,"fee=0.05%, tax=0.10%",0.0005,0.001,962ee2b19f04a8163c755bcd0b9b2e5d3a6d5e2f61e4c9c178fd97dd8cf05314
20221107,2100813.2005000003,0.0077877380274635295,2,ChiNext,"fee=0.05%, tax=0.10%",0.0005,0.001,962ee2b19f04a8163c755bcd0b9b2e5d3a6d5e2f61e4c9c178fd97dd8cf05314
20221108,2167065.5385000003,0.03153652023141883,2,ChiNext,"fee=0.05%, tax=0.10%",0.0005,0.001,962ee2b19f04a8163c755bcd0b9b2e5d3a6d5e2f61e4c9c178fd97dd8cf05314
20221109,2132013.0500000003,-0.01617509386645621,2,ChiNext,"fee=0.05%, tax=0.10%",0.0005,0.001,962ee2b19f04a8163c755bcd0b9b2e5d3a6d5e2f61e4c9c178fd97dd8cf05314
20221110,2132293.1825,0.00013139342650826284,4,ChiNext,"fee=0.05%, tax=0.10%",0.0005,0.001,962ee2b19f04a8163c755bcd0b9b2e5d3a6d5e2f61e4c9c178fd97dd8cf05314
20221111,2109766.3065,-0.010564624126213545,4,ChiNext,"fee=0.05%, tax=0.10%",0.0005,0.001,962ee2b19f04a8163c755bcd0b9b2e5d3a6d5e2f61e4c9c178fd97dd8cf05314
20221114,2203770.053,0.04455647348731602,3,ChiNext,"fee=0.05%, tax=0.10%",0.0005,0.001,962ee2b19f04a8163c755bcd0b9b2e5d3a6d5e2f61e4c9c178fd97dd8cf05314
20221115,2139548.836,-0.02914152359615521,3,ChiNext,"fee=0.05%, tax=0.10%",0.0005,0.001,962ee2b19f04a8163c755bcd0b9b2e5d3a6d5e2f61e4c9c178fd97dd8cf05314
20221116,2126733.4025,-0.005989783118930535,2,ChiNext,"fee=0.05%, tax=0.10%",0.0005,0.001,962ee2b19f04a8163c755bcd0b9b2e5d3a6d5e2f61e4c9c178fd97dd8cf05314
20221117,2181793.3140000002,0.025889428094408463,2,ChiNext,"fee=0.05%, tax=0.10%",0.0005,0.001,962ee2b19f04a8163c755bcd0b9b2e5d3a6d5e2f61e4c9c178fd97dd8cf05314
20221118,2294534.7115,0.05167372948508355,2,ChiNext,"fee=0.05%, tax=0.10%",0.0005,0.001,962ee2b19f04a8163c755bcd0b9b2e5d3a6d5e2f61e4c9c178fd97dd8cf05314
20221121,2246028.6835000003,-0.021139810069942335,2,ChiNext,"fee=0.05%, tax=0.10%",0.0005,0.001,962ee2b19f04a8163c755bcd0b9b2e5d3a6d5e2f61e4c9c178fd97dd8cf05314
20221122,2283335.3340000003,0.016610050786112315,4,ChiNext,"fee=0.05%, tax=0.10%",0.0005,0.001,962ee2b19f04a8163c755bcd0b9b2e5d3a6d5e2f61e4c9c178fd97dd8cf05314
20221123,2285144.9870000007,0.0007925480646901767,4,ChiNext,"fee=0.05%, tax=0.10%",0.0005,0.001,962ee2b19f04a8163c755bcd0b9b2e5d3a6d5e2f61e4c9c178fd97dd8cf05314
20221124,2185405.8670000006,-0.043646736013429194,3,ChiNext,"fee=0.05%, tax=0.10%",0.0005,0.001,962ee2b19f04a8163c755bcd0b9b2e5d3a6d5e2f61e4c9c178fd97dd8cf05314
20221125,2219222.7645000005,0.01547396664877717,4,ChiNext,"fee=0.05%, tax=0.10%",0.0005,0.001,962ee2b19f04a8163c755bcd0b9b2e5d3a6d5e2f61e4c9c178fd97dd8cf05314
20221128,2292116.9530000007,0.03284671988141916,2,ChiNext,"fee=0.05%, tax=0.10%",0.0005,0.001,962ee2b19f04a8163c755bcd0b9b2e5d3a6d5e2f61e4c9c178fd97dd8cf05314
20221129,2231862.098500001,-0.026287862153428206,2,ChiNext,"fee=0.05%, tax=0.10%",0.0005,0.001,962ee2b19f04a8163c755bcd0b9b2e5d3a6d5e2f61e4c9c178fd97dd8cf05314
20221130,2222879.063500001,-0.004024905932152815,2,ChiNext,"fee=0.05%, tax=0.10%",0.0005,0.001,962ee2b19f04a8163c755bcd0b9b2e5d3a6d5e2f61e4c9c178fd97dd8cf05314
20221201,2279646.6330000013,0.025537857831373734,2,ChiNext,"fee=0.05%, tax=0.10%",0.0005,0.001,962ee2b19f04a8163c755bcd0b9b2e5d3a6d5e2f61e4c9c178fd97dd8cf05314
20221202,2258653.8570000012,-0.009208785123145907,3,ChiNext,"fee=0.05%, tax=0.10%",0.0005,0.001,962ee2b19f04a8163c755bcd0b9b2e5d3a6d5e2f61e4c9c178fd97dd8cf05314
20221205,2246660.9400000013,-0.005309763141807476,3,ChiNext,"fee=0.05%, tax=0.10%",0.0005,0.001,962ee2b19f04a8163c755bcd0b9b2e5d3a6d5e2f61e4c9c178fd97dd8cf05314
20221206,2288762.8775000013,0.018739782559267698,3,ChiNext,"fee=0.05%, tax=0.10%",0.0005,0.001,962ee2b19f04a8163c755bcd0b9b2e5d3a6d5e2f61e4c9c178fd97dd8cf05314
20221207,2303877.047000001,0.0066036414905981606,3,ChiNext,"fee=0.05%, tax=0.10%",0.0005,0.001,962ee2b19f04a8163c755bcd0b9b2e5d3a6d5e2f61e4c9c178fd97dd8cf05314
20221208,2310847.927500001,0.0030257172400224735,2,ChiNext,"fee=0.05%, tax=0.10%",0.0005,0.001,962ee2b19f04a8163c755bcd0b9b2e5d3a6d5e2f61e4c9c178fd97dd8cf05314
20221209,2265608.386500001,-0.019577030778023873,2,ChiNext,"fee=0.05%, tax=0.10%",0.0005,0.001,962ee2b19f04a8163c755bcd0b9b2e5d3a6d5e2f61e4c9c178fd97dd8cf05314
20221212,2296583.343500001,0.013671805411989688,2,ChiNext,"fee=0.05%, tax=0.10%",0.0005,0.001,962ee2b19f04a8163c755bcd0b9b2e5d3a6d5e2f61e4c9c178fd97dd8cf05314
20221213,2360840.022000001,0.02797924955863893,2,ChiNext,"fee=0.05%, tax=0.10%",0.0005,0.001,962ee2b19f04a8163c755bcd0b9b2e5d3a6d5e2f61e4c9c178fd97dd8cf05314
20221214,2360840.022000001,0.0,0,ChiNext,"fee=0.05%, tax=0.10%",0.0005,0.001,962ee2b19f04a8163c755bcd0b9b2e5d3a6d5e2f61e4c9c178fd97dd8cf05314
20221215,2360840.022000001,0.0,0,ChiNext,"fee=0.05%, tax=0.10%",0.0005,0.001,962ee2b19f04a8163c755bcd0b9b2e5d3a6d5e2f61e4c9c178fd97dd8cf05314
20221216,2360840.022000001,0.0,0,ChiNext,"fee=0.05%, tax=0.10%",0.0005,0.001,962ee2b19f04a8163c755bcd0b9b2e5d3a6d5e2f61e4c9c178fd97dd8cf05314
20221219,2360840.022000001,0.0,0,ChiNext,"fee=0.05%, tax=0.10%",0.0005,0.001,962ee2b19f04a8163c755bcd0b9b2e5d3a6d5e2f61e4c9c178fd97dd8cf05314
20221220,2308434.0090000005,-0.022198036508888127,2,ChiNext,"fee=0.05%, tax=0.10%",0.0005,0.001,962ee2b19f04a8163c755bcd0b9b2e5d3a6d5e2f61e4c9c178fd97dd8cf05314
20221221,2266115.4160000007,-0.0183321649373603,2,ChiNext,"fee=0.05%, tax=0.10%",0.0005,0.001,962ee2b19f04a8163c755bcd0b9b2e5d3a6d5e2f61e4c9c178fd97dd8cf05314
20221222,2248892.1720000007,-0.007600338393355664,2,ChiNext,"fee=0.05%, tax=0.10%",0.0005,0.001,962ee2b19f04a8163c755bcd0b9b2e5d3a6d5e2f61e4c9c178fd97dd8cf05314
20221223,2264240.0165000004,0.00682462444891273,4,ChiNext,"fee=0.05%, tax=0.10%",0.0005,0.001,962ee2b19f04a8163c755bcd0b9b2e5d3a6d5e2f61e4c9c178fd97dd8cf05314
20221226,2295612.1890000002,0.013855497770282369,2,ChiNext,"fee=0.05%, tax=0.10%",0.0005,0.001,962ee2b19f04a8163c755bcd0b9b2e5d3a6d5e2f61e4c9c178fd97dd8cf05314
20221227,2245589.88,-0.021790400503924293,3,ChiNext,"fee=0.05%, tax=0.10%",0.0005,0.001,962ee2b19f04a8163c755bcd0b9b2e5d3a6d5e2f61e4c9c178fd97dd8cf05314
20221228,2274118.9945,0.012704507957615192,3,ChiNext,"fee=0.05%, tax=0.10%",0.0005,0.001,962ee2b19f04a8163c755bcd0b9b2e5d3a6d5e2f61e4c9c178fd97dd8cf05314
20221229,2261449.5735,-0.005571133714041053,3,ChiNext,"fee=0.05%, tax=0.10%",0.0005,0.001,962ee2b19f04a8163c755bcd0b9b2e5d3a6d5e2f61e4c9c178fd97dd8cf05314
20221230,2333232.6185,0.031742049807859635,4,ChiNext,"fee=0.05%, tax=0.10%",0.0005,0.001,962ee2b19f04a8163c755bcd0b9b2e5d3a6d5e2f61e4c9c178fd97dd8cf05314
20230103,2353638.7665,0.008745869502338284,2,ChiNext,"fee=0.05%, tax=0.10%",0.0005,0.001,962ee2b19f04a8163c755bcd0b9b2e5d3a6d5e2f61e4c9c178fd97dd8cf05314
20230104,2414052.6615,0.025668295347564766,2,ChiNext,"fee=0.05%, tax=0.10%",0.0005,0.001,962ee2b19f04a8163c755bcd0b9b2e5d3a6d5e2f61e4c9c178fd97dd8cf05314
20230105,2382630.8279999997,-0.013016217086364577,4,ChiNext,"fee=0.05%, tax=0.10%",0.0005,0.001,962ee2b19f04a8163c755bcd0b9b2e5d3a6d5e2f61e4c9c178fd97dd8cf05314
20230106,2441505.413,0.024709906506758434,4,ChiNext,"fee=0.05%, tax=0.10%",0.0005,0.001,962ee2b19f04a8163c755bcd0b9b2e5d3a6d5e2f61e4c9c178fd97dd8cf05314
20230109,2482734.1170000006,0.01688659127293951,4,ChiNext,"fee=0.05%, tax=0.10%",0.0005,0.001,962ee2b19f04a8163c755bcd0b9b2e5d3a6d5e2f61e4c9c178fd97dd8cf05314
20230110,2412506.1560000004,-0.02828654124464191,4,ChiNext,"fee=0.05%, tax=0.10%",0.0005,0.001,962ee2b19f04a8163c755bcd0b9b2e5d3a6d5e2f61e4c9c178fd97dd8cf05314
20230111,2451105.0775000006,0.015999512127255342,4,ChiNext,"fee=0.05%, tax=0.10%",0.0005,0.001,962ee2b19f04a8163c755bcd0b9b2e5d3a6d5e2f61e4c9c178fd97dd8cf05314
20230112,2434356.1560000004,-0.006833212355417744,2,ChiNext,"fee=0.05%, tax=0.10%",0.0005,0.001,962ee2b19f04a8163c755bcd0b9b2e5d3a6d5e2f61e4c9c178fd97dd8cf05314
20230113,2374885.3800000004,-0.02442977616624478,2,ChiNext,"fee=0.05%, tax=0.10%",0.0005,0.001,962ee2b19f04a8163c755bcd0b9b2e5d3a6d5e2f61e4c9c178fd97dd8cf05314
20230116,2363870.966,-0.00463787182857656,2,ChiNext,"fee=0.05%, tax=0.10%",0.0005,0.001,962ee2b19f04a8163c755bcd0b9b2e5d3a6d5e2f61e4c9c178fd97dd8cf05314
20230117,2306345.7235,-0.024335187210891174,2,ChiNext,"fee=0.05%, tax=0.10%",0.0005,0.001,962ee2b19f04a8163c755bcd0b9b2e5d3a6d5e2f61e4c9c178fd97dd8cf05314
20230118,2313342.1355,0.003033548669096579,3,ChiNext,"fee=0.05%, tax=0.10%",0.0005,0.001,962ee2b19f04a8163c755bcd0b9b2e5d3a6d5e2f61e4c9c178fd97dd8cf05314
20230119,2302346.698,-0.0047530528801886344,3,ChiNext,"fee=0.05%, tax=0.10%",0.0005,0.001,962ee2b19f04a8163c755bcd0b9b2e5d3a6d5e2f61e4c9c178fd97dd8cf05314
20230120,2335102.4875,0.014227131616821315,3,ChiNext,"fee=0.05%, tax=0.10%",0.0005,0.001,962ee2b19f04a8163c755bcd0b9b2e5d3a6d5e2f61e4c9c178fd97dd8cf05314
20230130,2335102.4875,0.0,0,ChiNext,"fee=0.05%, tax=0.10%",0.0005,0.001,962ee2b19f04a8163c755bcd0b9b2e5d3a6d5e2f61e4c9c178fd97dd8cf05314
20230131,2399488.7179999994,0.027573192544937324,2,ChiNext,"fee=0.05%, tax=0.10%",0.0005,0.001,962ee2b19f04a8163c755bcd0b9b2e5d3a6d5e2f61e4c9c178fd97dd8cf05314
20230201,2374163.8599999994,-0.010554272587332087,2,ChiNext,"fee=0.05%, tax=0.10%",0.0005,0.001,962ee2b19f04a8163c755bcd0b9b2e5d3a6d5e2f61e4c9c178fd97dd8cf05314
20230202,2369971.7964999992,-0.0017657009992562876,2,ChiNext,"fee=0.05%, tax=0.10%",0.0005,0.001,962ee2b19f04a8163c755bcd0b9b2e5d3a6d5e2f61e4c9c178fd97dd8cf05314
20230203,2283469.9684999995,-0.03649909595031747,2,ChiNext,"fee=0.05%, tax=0.10%",0.0005,0.001,962ee2b19f04a8163c755bcd0b9b2e5d3a6d5e2f61e4c9c178fd97dd8cf05314
20230206,2280184.8485,-0.0014386525968448035,1,ChiNext,"fee=0.05%, tax=0.10%",0.0005,0.001,962ee2b19f04a8163c755bcd0b9b2e5d3a6d5e2f61e4c9c178fd97dd8cf05314
20230207,2253256.4945,-0.011809724118513639,3,ChiNext,"fee=0.05%, tax=0.10%",0.0005,0.001,962ee2b19f04a8163c755bcd0b9b2e5d3a6d5e2f61e4c9c178fd97dd8cf05314
20230208,2303534.286,0.02231339025216324,1,ChiNext,"fee=0.05%, tax=0.10%",0.0005,0.001,962ee2b19f04a8163c755bcd0b9b2e5d3a6d5e2f61e4c9c178fd97dd8cf05314
20230209,2260063.064,-0.01887153243787233,1,ChiNext,"fee=0.05%, tax=0.10%",0.0005,0.001,962ee2b19f04a8163c755bcd0b9b2e5d3a6d5e2f61e4c9c178fd97dd8cf05314
20230210,2308521.0175,0.021440974047085396,3,ChiNext,"fee=0.05%, tax=0.10%",0.0005,0.001,962ee2b19f04a8163c755bcd0b9b2e5d3a6d5e2f61e4c9c178fd97dd8cf05314
20230213,2290109.9275,-0.007975275018261709,2,ChiNext,"fee=0.05%, tax=0.10%",0.0005,0.001,962ee2b19f04a8163c755bcd0b9b2e5d3a6d5e2f61e4c9c178fd97dd8cf05314
20230214,2295896.9785,0.0025269752034643225,2,ChiNext,"fee=0.05%, tax=0.10%",0.0005,0.001,962ee2b19f04a8163c755bcd0b9b2e5d3a6d5e2f61e4c9c178fd97dd8cf05314
20230215,2230491.7205000003,-0.028487888878503488,1,ChiNext,"fee=0.05%, tax=0.10%",0.0005,0.001,962ee2b19f04a8163c755bcd0b9b2e5d3a6d5e2f61e4c9c178fd97dd8cf05314
20230216,2188621.3580000005,-0.018771808079437256,1,ChiNext,"fee=0.05%, tax=0.10%",0.0005,0.001,962ee2b19f04a8163c755bcd0b9b2e5d3a6d5e2f61e4c9c178fd97dd8cf05314
20230217,2162070.6490000007,-0.012131248241250048,1,ChiNext,"fee=0.05%, tax=0.10%",0.0005,0.001,962ee2b19f04a8163c755bcd0b9b2e5d3a6d5e2f61e4c9c178fd97dd8cf05314
20230220,2126120.7000000007,-0.016627555171070642,1,ChiNext,"fee=0.05%, tax=0.10%",0.0005,0.001,962ee2b19f04a8163c755bcd0b9b2e5d3a6d5e2f61e4c9c178fd97dd8cf05314
20230221,2129267.775500001,0.0014801960678903446,1,ChiNext,"fee=0.05%, tax=0.10%",0.0005,0.001,962ee2b19f04a8163c755bcd0b9b2e5d3a6d5e2f61e4c9c178fd97dd8cf05314
20230222,2151354.539500001,0.01037293864780041,2,ChiNext,"fee=0.05%, tax=0.10%",0.0005,0.001,962ee2b19f04a8163c755bcd0b9b2e5d3a6d5e2f61e4c9c178fd97dd8cf05314
20230223,2159738.139000001,0.003896893490158277,2,ChiNext,"fee=0.05%, tax=0.10%",0.0005,0.001,962ee2b19f04a8163c755bcd0b9b2e5d3a6d5e2f61e4c9c178fd97dd8cf05314
20230224,2139485.5545000006,-0.009377333360134887,2,ChiNext,"fee=0.05%, tax=0.10%",0.0005,0.001,962ee2b19f04a8163c755bcd0b9b2e5d3a6d5e2f61e4c9c178fd97dd8cf05314
20230227,2136339.7190000005,-0.001470370058532706,2,ChiNext,"fee=0.05%, tax=0.10%",0.0005,0.001,962ee2b19f04a8163c755bcd0b9b2e5d3a6d5e2f61e4c9c178fd97dd8cf05314
20230228,2162809.6790000005,0.012390332756809994,4,ChiNext,"fee=0.05%, tax=0.10%",0.0005,0.001,962ee2b19f04a8163c755bcd0b9b2e5d3a6d5e2f61e4c9c178fd97dd8cf05314
20230301,2252759.034000001,0.041589121721329426,4,ChiNext,"fee=0.05%, tax=0.10%",0.0005,0.001,962ee2b19f04a8163c755bcd0b9b2e5d3a6d5e2f61e4c9c178fd97dd8cf05314
20230302,2219892.8110000007,-0.01458932025306006,4,ChiNext,"fee=0.05%, tax=0.10%",0.0005,0.001,962ee2b19f04a8163c755bcd0b9b2e5d3a6d5e2f61e4c9c178fd97dd8cf05314
20230303,2219892.8110000007,0.0,0,ChiNext,"fee=0.05%, tax=0.10%",0.0005,0.001,962ee2b19f04a8163c755bcd0b9b2e5d3a6d5e2f61e4c9c178fd97dd8cf05314
