qid_date,funds,market,strategy,source_signature
20211207.0,1000000.0,Main,CSI 300 Index,16e3409dfe8376ad2b2c0d7cb75754fd7483db51a25d26a22e30f4ab745445d2
20211208.0,1016564.9998361073,Main,CSI 300 Index,16e3409dfe8376ad2b2c0d7cb75754fd7483db51a25d26a22e30f4ab745445d2
20211209.0,1011846.1049570264,Main,CSI 300 Index,16e3409dfe8376ad2b2c0d7cb75754fd7483db51a25d26a22e30f4ab745445d2
20211210.0,1017587.3196527591,Main,CSI 300 Index,16e3409dfe8376ad2b2c0d7cb75754fd7483db51a25d26a22e30f4ab745445d2
20211213.0,1010760.3266407934,Main,CSI 300 Index,16e3409dfe8376ad2b2c0d7cb75754fd7483db51a25d26a22e30f4ab745445d2
20211214.0,1001994.0020618663,Main,CSI 300 Index,16e3409dfe8376ad2b2c0d7cb75754fd7483db51a25d26a22e30f4ab745445d2
20211215.0,1007765.4875398792,Main,CSI 300 Index,16e3409dfe8376ad2b2c0d7cb75754fd7483db51a25d26a22e30f4ab745445d2
20211216.0,991758.1406612233,Main,CSI 300 Index,16e3409dfe8376ad2b2c0d7cb75754fd7483db51a25d26a22e30f4ab745445d2
20211217.0,976877.8014024175,Main,CSI 300 Index,16e3409dfe8376ad2b2c0d7cb75754fd7483db51a25d26a22e30f4ab745445d2
20211220.0,983496.1482439135,Main,CSI 300 Index,16e3409dfe8376ad2b2c0d7cb75754fd7483db51a25d26a22e30f4ab745445d2
20211221.0,983689.8975859907,Main,CSI 300 Index,16e3409dfe8376ad2b2c0d7cb75754fd7483db51a25d26a22e30f4ab745445d2
20211222.0,990552.1178245787,Main,CSI 300 Index,16e3409dfe8376ad2b2c0d7cb75754fd7483db51a25d26a22e30f4ab745445d2
20211223.0,985068.4215064199,Main,CSI 300 Index,16e3409dfe8376ad2b2c0d7cb75754fd7483db51a25d26a22e30f4ab745445d2
20211224.0,984663.5586889804,Main,CSI 300 Index,16e3409dfe8376ad2b2c0d7cb75754fd7483db51a25d26a22e30f4ab745445d2
20211227.0,991997.3325676487,Main,CSI 300 Index,16e3409dfe8376ad2b2c0d7cb75754fd7483db51a25d26a22e30f4ab745445d2
20211228.0,977488.3797076226,Main,CSI 300 Index,16e3409dfe8376ad2b2c0d7cb75754fd7483db51a25d26a22e30f4ab745445d2
20211229.0,985101.05931637,Main,CSI 300 Index,16e3409dfe8376ad2b2c0d7cb75754fd7483db51a25d26a22e30f4ab745445d2
20211230.0,988876.951235949,Main,CSI 300 Index,16e3409dfe8376ad2b2c0d7cb75754fd7483db51a25d26a22e30f4ab745445d2
20211231.0,984351.850176746,Main,CSI 300 Index,16e3409dfe8376ad2b2c0d7cb75754fd7483db51a25d26a22e30f4ab745445d2
20220104.0,974414.8181347096,Main,CSI 300 Index,16e3409dfe8376ad2b2c0d7cb75754fd7483db51a25d26a22e30f4ab745445d2
20220105.0,964429.0157801664,Main,CSI 300 Index,16e3409dfe8376ad2b2c0d7cb75754fd7483db51a25d26a22e30f4ab745445d2
20220106.0,965257.4600995252,Main,CSI 300 Index,16e3409dfe8376ad2b2c0d7cb75754fd7483db51a25d26a22e30f4ab745445d2
20220107.0,969596.2921739948,Main,CSI 300 Index,16e3409dfe8376ad2b2c0d7cb75754fd7483db51a25d26a22e30f4ab745445d2
20220110.0,960334.708096049,Main,CSI 300 Index,16e3409dfe8376ad2b2c0d7cb75754fd7483db51a25d26a22e30f4ab745445d2
20220111.0,969903.483359081,Main,CSI 300 Index,16e3409dfe8376ad2b2c0d7cb75754fd7483db51a25d26a22e30f4ab745445d2
20220112.0,953958.2703502408,Main,CSI 300 Index,16e3409dfe8376ad2b2c0d7cb75754fd7483db51a25d26a22e30f4ab745445d2
20220113.0,946114.8253565297,Main,CSI 300 Index,16e3409dfe8376ad2b2c0d7cb75754fd7483db51a25d26a22e30f4ab745445d2
20220114.0,954230.598217981,Main,CSI 300 Index,16e3409dfe8376ad2b2c0d7cb75754fd7483db51a25d26a22e30f4ab745445d2
20220117.0,963452.2824741984,Main,CSI 300 Index,16e3409dfe8376ad2b2c0d7cb75754fd7483db51a25d26a22e30f4ab745445d2
20220118.0,956853.5980552383,Main,CSI 300 Index,16e3409dfe8376ad2b2c0d7cb75754fd7483db51a25d26a22e30f4ab745445d2
20220119.0,965487.2882159308,Main,CSI 300 Index,16e3409dfe8376ad2b2c0d7cb75754fd7483db51a25d26a22e30f4ab745445d2
20220120.0,956641.4939379576,Main,CSI 300 Index,16e3409dfe8376ad2b2c0d7cb75754fd7483db51a25d26a22e30f4ab745445d2
20220121.0,958127.1576014193,Main,CSI 300 Index,16e3409dfe8376ad2b2c0d7cb75754fd7483db51a25d26a22e30f4ab745445d2
20220124.0,936452.4049151135,Main,CSI 300 Index,16e3409dfe8376ad2b2c0d7cb75754fd7483db51a25d26a22e30f4ab745445d2
20220125.0,943229.5116261253,Main,CSI 300 Index,16e3409dfe8376ad2b2c0d7cb75754fd7483db51a25d26a22e30f4ab745445d2
20220126.0,924728.0648105858,Main,CSI 300 Index,16e3409dfe8376ad2b2c0d7cb75754fd7483db51a25d26a22e30f4ab745445d2
20220127.0,913498.166622236,Main,CSI 300 Index,16e3409dfe8376ad2b2c0d7cb75754fd7483db51a25d26a22e30f4ab745445d2
20220128.0,927573.3469032353,Main,CSI 300 Index,16e3409dfe8376ad2b2c0d7cb75754fd7483db51a25d26a22e30f4ab745445d2
20220207.0,922506.0137443308,Main,CSI 300 Index,16e3409dfe8376ad2b2c0d7cb75754fd7483db51a25d26a22e30f4ab745445d2
20220208.0,931171.1125103071,Main,CSI 300 Index,16e3409dfe8376ad2b2c0d7cb75754fd7483db51a25d26a22e30f4ab745445d2
20220209.0,928729.5820987741,Main,CSI 300 Index,16e3409dfe8376ad2b2c0d7cb75754fd7483db51a25d26a22e30f4ab745445d2
20220210.0,921029.4850123888,Main,CSI 300 Index,16e3409dfe8376ad2b2c0d7cb75754fd7483db51a25d26a22e30f4ab745445d2
20220211.0,911079.6029294666,Main,CSI 300 Index,16e3409dfe8376ad2b2c0d7cb75754fd7483db51a25d26a22e30f4ab745445d2
20220214.0,920770.756838643,Main,CSI 300 Index,16e3409dfe8376ad2b2c0d7cb75754fd7483db51a25d26a22e30f4ab745445d2
20220215.0,924350.7135344258,Main,CSI 300 Index,16e3409dfe8376ad2b2c0d7cb75754fd7483db51a25d26a22e30f4ab745445d2
20220216.0,926587.6428292658,Main,CSI 300 Index,16e3409dfe8376ad2b2c0d7cb75754fd7483db51a25d26a22e30f4ab745445d2
20220217.0,931005.6122323091,Main,CSI 300 Index,16e3409dfe8376ad2b2c0d7cb75754fd7483db51a25d26a22e30f4ab745445d2
20220218.0,927618.6139824433,Main,CSI 300 Index,16e3409dfe8376ad2b2c0d7cb75754fd7483db51a25d26a22e30f4ab745445d2
20220221.0,915576.2689265161,Main,CSI 300 Index,16e3409dfe8376ad2b2c0d7cb75754fd7483db51a25d26a22e30f4ab745445d2
20220222.0,925362.8641085265,Main,CSI 300 Index,16e3409dfe8376ad2b2c0d7cb75754fd7483db51a25d26a22e30f4ab745445d2
20220223.0,906602.056725788,Main,CSI 300 Index,16e3409dfe8376ad2b2c0d7cb75754fd7483db51a25d26a22e30f4ab745445d2
20220224.0,915430.5483307096,Main,CSI 300 Index,16e3409dfe8376ad2b2c0d7cb75754fd7483db51a25d26a22e30f4ab745445d2
20220225.0,917076.4921957742,Main,CSI 300 Index,16e3409dfe8376ad2b2c0d7cb75754fd7483db51a25d26a22e30f4ab745445d2
20220228.0,924690.9784119062,Main,CSI 300 Index,16e3409dfe8376ad2b2c0d7cb75754fd7483db51a25d26a22e30f4ab745445d2
20220301.0,916467.7010894588,Main,CSI 300 Index,16e3409dfe8376ad2b2c0d7cb75754fd7483db51a25d26a22e30f4ab745445d2
20220302.0,911068.7899718402,Main,CSI 300 Index,16e3409dfe8376ad2b2c0d7cb75754fd7483db51a25d26a22e30f4ab745445d2
20220303.0,900020.2585059302,Main,CSI 300 Index,16e3409dfe8376ad2b2c0d7cb75754fd7483db51a25d26a22e30f4ab745445d2
20220304.0,871266.411826176,Main,CSI 300 Index,16e3409dfe8376ad2b2c0d7cb75754fd7483db51a25d26a22e30f4ab745445d2
20220307.0,853774.8674340977,Main,CSI 300 Index,16e3409dfe8376ad2b2c0d7cb75754fd7483db51a25d26a22e30f4ab745445d2
20220308.0,845959.411915849,Main,CSI 300 Index,16e3409dfe8376ad2b2c0d7cb75754fd7483db51a25d26a22e30f4ab745445d2
20220309.0,859268.8914975146,Main,CSI 300 Index,16e3409dfe8376ad2b2c0d7cb75754fd7483db51a25d26a22e30f4ab745445d2
20220310.0,862008.2404085537,Main,CSI 300 Index,16e3409dfe8376ad2b2c0d7cb75754fd7483db51a25d26a22e30f4ab745445d2
20220311.0,835634.2366658957,Main,CSI 300 Index,16e3409dfe8376ad2b2c0d7cb75754fd7483db51a25d26a22e30f4ab745445d2
20220314.0,797413.9978484276,Main,CSI 300 Index,16e3409dfe8376ad2b2c0d7cb75754fd7483db51a25d26a22e30f4ab745445d2
20220315.0,831895.7740284031,Main,CSI 300 Index,16e3409dfe8376ad2b2c0d7cb75754fd7483db51a25d26a22e30f4ab745445d2
20220316.0,848231.7115749596,Main,CSI 300 Index,16e3409dfe8376ad2b2c0d7cb75754fd7483db51a25d26a22e30f4ab745445d2
20220317.0,853877.5416059678,Main,CSI 300 Index,16e3409dfe8376ad2b2c0d7cb75754fd7483db51a25d26a22e30f4ab745445d2
20220318.0,852445.5885256092,Main,CSI 300 Index,16e3409dfe8376ad2b2c0d7cb75754fd7483db51a25d26a22e30f4ab745445d2
20220321.0,851755.1078736631,Main,CSI 300 Index,16e3409dfe8376ad2b2c0d7cb75754fd7483db51a25d26a22e30f4ab745445d2
20220322.0,856002.8105958778,Main,CSI 300 Index,16e3409dfe8376ad2b2c0d7cb75754fd7483db51a25d26a22e30f4ab745445d2
20220323.0,850956.6739392802,Main,CSI 300 Index,16e3409dfe8376ad2b2c0d7cb75754fd7483db51a25d26a22e30f4ab745445d2
20220324.0,835597.7567826762,Main,CSI 300 Index,16e3409dfe8376ad2b2c0d7cb75754fd7483db51a25d26a22e30f4ab745445d2
20220325.0,830371.9290036842,Main,CSI 300 Index,16e3409dfe8376ad2b2c0d7cb75754fd7483db51a25d26a22e30f4ab745445d2
20220328.0,827505.485182281,Main,CSI 300 Index,16e3409dfe8376ad2b2c0d7cb75754fd7483db51a25d26a22e30f4ab745445d2
20220329.0,851516.3841971729,Main,CSI 300 Index,16e3409dfe8376ad2b2c0d7cb75754fd7483db51a25d26a22e30f4ab745445d2
20220330.0,845210.9055254715,Main,CSI 300 Index,16e3409dfe8376ad2b2c0d7cb75754fd7483db51a25d26a22e30f4ab745445d2
20220331.0,855931.5603943497,Main,CSI 300 Index,16e3409dfe8376ad2b2c0d7cb75754fd7483db51a25d26a22e30f4ab745445d2
20220401.0,853466.4777744621,Main,CSI 300 Index,16e3409dfe8376ad2b2c0d7cb75754fd7483db51a25d26a22e30f4ab745445d2
20220406.0,842509.6748980817,Main,CSI 300 Index,16e3409dfe8376ad2b2c0d7cb75754fd7483db51a25d26a22e30f4ab745445d2
20220407.0,846846.9146672963,Main,CSI 300 Index,16e3409dfe8376ad2b2c0d7cb75754fd7483db51a25d26a22e30f4ab745445d2
20220408.0,820686.119708744,Main,CSI 300 Index,16e3409dfe8376ad2b2c0d7cb75754fd7483db51a25d26a22e30f4ab745445d2
20220411.0,836679.6509739015,Main,CSI 300 Index,16e3409dfe8376ad2b2c0d7cb75754fd7483db51a25d26a22e30f4ab745445d2
20220412.0,828625.7726108311,Main,CSI 300 Index,16e3409dfe8376ad2b2c0d7cb75754fd7483db51a25d26a22e30f4ab745445d2
20220413.0,839000.166994732,Main,CSI 300 Index,16e3409dfe8376ad2b2c0d7cb75754fd7483db51a25d26a22e30f4ab745445d2
20220414.0,838435.5197009924,Main,CSI 300 Index,16e3409dfe8376ad2b2c0d7cb75754fd7483db51a25d26a22e30f4ab745445d2
20220415.0,833959.112937692,Main,CSI 300 Index,16e3409dfe8376ad2b2c0d7cb75754fd7483db51a25d26a22e30f4ab745445d2
20220418.0,827657.7173280693,Main,CSI 300 Index,16e3409dfe8376ad2b2c0d7cb75754fd7483db51a25d26a22e30f4ab745445d2
20220419.0,814824.8844989763,Main,CSI 300 Index,16e3409dfe8376ad2b2c0d7cb75754fd7483db51a25d26a22e30f4ab745445d2
20220420.0,799820.699392693,Main,CSI 300 Index,16e3409dfe8376ad2b2c0d7cb75754fd7483db51a25d26a22e30f4ab745445d2
20220421.0,803307.9176102702,Main,CSI 300 Index,16e3409dfe8376ad2b2c0d7cb75754fd7483db51a25d26a22e30f4ab745445d2
20220422.0,763607.6370424451,Main,CSI 300 Index,16e3409dfe8376ad2b2c0d7cb75754fd7483db51a25d26a22e30f4ab745445d2
20220425.0,757443.7961470775,Main,CSI 300 Index,16e3409dfe8376ad2b2c0d7cb75754fd7483db51a25d26a22e30f4ab745445d2
20220426.0,779745.2138694451,Main,CSI 300 Index,16e3409dfe8376ad2b2c0d7cb75754fd7483db51a25d26a22e30f4ab745445d2
20220427.0,784863.4614134431,Main,CSI 300 Index,16e3409dfe8376ad2b2c0d7cb75754fd7483db51a25d26a22e30f4ab745445d2
20220428.0,803905.8187719302,Main,CSI 300 Index,16e3409dfe8376ad2b2c0d7cb75754fd7483db51a25d26a22e30f4ab745445d2
20220429.0,802698.3521858838,Main,CSI 300 Index,16e3409dfe8376ad2b2c0d7cb75754fd7483db51a25d26a22e30f4ab745445d2
20220505.0,782402.9270934265,Main,CSI 300 Index,16e3409dfe8376ad2b2c0d7cb75754fd7483db51a25d26a22e30f4ab745445d2
20220506.0,776121.7963783636,Main,CSI 300 Index,16e3409dfe8376ad2b2c0d7cb75754fd7483db51a25d26a22e30f4ab745445d2
20220509.0,784614.8972257812,Main,CSI 300 Index,16e3409dfe8376ad2b2c0d7cb75754fd7483db51a25d26a22e30f4ab745445d2
20220510.0,795935.3209195937,Main,CSI 300 Index,16e3409dfe8376ad2b2c0d7cb75754fd7483db51a25d26a22e30f4ab745445d2
20220511.0,792395.7965661132,Main,CSI 300 Index,16e3409dfe8376ad2b2c0d7cb75754fd7483db51a25d26a22e30f4ab745445d2
20220512.0,798372.8380587603,Main,CSI 300 Index,16e3409dfe8376ad2b2c0d7cb75754fd7483db51a25d26a22e30f4ab745445d2
20220513.0,791955.5172083594,Main,CSI 300 Index,16e3409dfe8376ad2b2c0d7cb75754fd7483db51a25d26a22e30f4ab745445d2
20220516.0,801834.3702657247,Main,CSI 300 Index,16e3409dfe8376ad2b2c0d7cb75754fd7483db51a25d26a22e30f4ab745445d2
20220517.0,799035.1665273634,Main,CSI 300 Index,16e3409dfe8376ad2b2c0d7cb75754fd7483db51a25d26a22e30f4ab745445d2
20220518.0,800574.9072710036,Main,CSI 300 Index,16e3409dfe8376ad2b2c0d7cb75754fd7483db51a25d26a22e30f4ab745445d2
20220519.0,816187.7190774783,Main,CSI 300 Index,16e3409dfe8376ad2b2c0d7cb75754fd7483db51a25d26a22e30f4ab745445d2
20220520.0,811460.3596686332,Main,CSI 300 Index,16e3409dfe8376ad2b2c0d7cb75754fd7483db51a25d26a22e30f4ab745445d2
20220523.0,792479.4906049061,Main,CSI 300 Index,16e3409dfe8376ad2b2c0d7cb75754fd7483db51a25d26a22e30f4ab745445d2
20220524.0,797288.25611449,Main,CSI 300 Index,16e3409dfe8376ad2b2c0d7cb75754fd7483db51a25d26a22e30f4ab745445d2
20220525.0,799263.1391108041,Main,CSI 300 Index,16e3409dfe8376ad2b2c0d7cb75754fd7483db51a25d26a22e30f4ab745445d2
20220526.0,800915.2160602033,Main,CSI 300 Index,16e3409dfe8376ad2b2c0d7cb75754fd7483db51a25d26a22e30f4ab745445d2
20220527.0,806463.9566328313,Main,CSI 300 Index,16e3409dfe8376ad2b2c0d7cb75754fd7483db51a25d26a22e30f4ab745445d2
20220530.0,818973.8254783835,Main,CSI 300 Index,16e3409dfe8376ad2b2c0d7cb75754fd7483db51a25d26a22e30f4ab745445d2
20220531.0,817303.9380003205,Main,CSI 300 Index,16e3409dfe8376ad2b2c0d7cb75754fd7483db51a25d26a22e30f4ab745445d2
20220601.0,818583.0184545647,Main,CSI 300 Index,16e3409dfe8376ad2b2c0d7cb75754fd7483db51a25d26a22e30f4ab745445d2
20220602.0,833898.7072325943,Main,CSI 300 Index,16e3409dfe8376ad2b2c0d7cb75754fd7483db51a25d26a22e30f4ab745445d2
20220606.0,836509.6438816898,Main,CSI 300 Index,16e3409dfe8376ad2b2c0d7cb75754fd7483db51a25d26a22e30f4ab745445d2
20220607.0,844653.0649525711,Main,CSI 300 Index,16e3409dfe8376ad2b2c0d7cb75754fd7483db51a25d26a22e30f4ab745445d2
20220608.0,835818.8389461442,Main,CSI 300 Index,16e3409dfe8376ad2b2c0d7cb75754fd7483db51a25d26a22e30f4ab745445d2
20220609.0,848493.1957549568,Main,CSI 300 Index,16e3409dfe8376ad2b2c0d7cb75754fd7483db51a25d26a22e30f4ab745445d2
20220610.0,838556.4920399564,Main,CSI 300 Index,16e3409dfe8376ad2b2c0d7cb75754fd7483db51a25d26a22e30f4ab745445d2
20220613.0,845153.4159467071,Main,CSI 300 Index,16e3409dfe8376ad2b2c0d7cb75754fd7483db51a25d26a22e30f4ab745445d2
20220614.0,856344.0919932694,Main,CSI 300 Index,16e3409dfe8376ad2b2c0d7cb75754fd7483db51a25d26a22e30f4ab745445d2
20220615.0,850708.4918563585,Main,CSI 300 Index,16e3409dfe8376ad2b2c0d7cb75754fd7483db51a25d26a22e30f4ab745445d2
20220616.0,862514.6242098016,Main,CSI 300 Index,16e3409dfe8376ad2b2c0d7cb75754fd7483db51a25d26a22e30f4ab745445d2
20220617.0,866796.1462340831,Main,CSI 300 Index,16e3409dfe8376ad2b2c0d7cb75754fd7483db51a25d26a22e30f4ab745445d2
20220620.0,865821.8681026985,Main,CSI 300 Index,16e3409dfe8376ad2b2c0d7cb75754fd7483db51a25d26a22e30f4ab745445d2
20220621.0,854824.1982146027,Main,CSI 300 Index,16e3409dfe8376ad2b2c0d7cb75754fd7483db51a25d26a22e30f4ab745445d2
20220622.0,869486.9981689161,Main,CSI 300 Index,16e3409dfe8376ad2b2c0d7cb75754fd7483db51a25d26a22e30f4ab745445d2
20220623.0,879673.9073024138,Main,CSI 300 Index,16e3409dfe8376ad2b2c0d7cb75754fd7483db51a25d26a22e30f4ab745445d2
20220624.0,889580.7947173854,Main,CSI 300 Index,16e3409dfe8376ad2b2c0d7cb75754fd7483db51a25d26a22e30f4ab745445d2
20220627.0,898838.6620685904,Main,CSI 300 Index,16e3409dfe8376ad2b2c0d7cb75754fd7483db51a25d26a22e30f4ab745445d2
20220628.0,884995.6478189246,Main,CSI 300 Index,16e3409dfe8376ad2b2c0d7cb75754fd7483db51a25d26a22e30f4ab745445d2
20220629.0,897736.9307783768,Main,CSI 300 Index,16e3409dfe8376ad2b2c0d7cb75754fd7483db51a25d26a22e30f4ab745445d2
20220630.0,894075.0613392739,Main,CSI 300 Index,16e3409dfe8376ad2b2c0d7cb75754fd7483db51a25d26a22e30f4ab745445d2
20220701.0,899941.9824293101,Main,CSI 300 Index,16e3409dfe8376ad2b2c0d7cb75754fd7483db51a25d26a22e30f4ab745445d2
20220704.0,898642.4656388026,Main,CSI 300 Index,16e3409dfe8376ad2b2c0d7cb75754fd7483db51a25d26a22e30f4ab745445d2
20220705.0,885517.7929352676,Main,CSI 300 Index,16e3409dfe8376ad2b2c0d7cb75754fd7483db51a25d26a22e30f4ab745445d2
20220706.0,889422.0405086805,Main,CSI 300 Index,16e3409dfe8376ad2b2c0d7cb75754fd7483db51a25d26a22e30f4ab745445d2
20220707.0,886480.7219493587,Main,CSI 300 Index,16e3409dfe8376ad2b2c0d7cb75754fd7483db51a25d26a22e30f4ab745445d2
20220708.0,871635.7158552088,Main,CSI 300 Index,16e3409dfe8376ad2b2c0d7cb75754fd7483db51a25d26a22e30f4ab745445d2
20220711.0,863429.265697692,Main,CSI 300 Index,16e3409dfe8376ad2b2c0d7cb75754fd7483db51a25d26a22e30f4ab745445d2
20220712.0,864998.9802736435,Main,CSI 300 Index,16e3409dfe8376ad2b2c0d7cb75754fd7483db51a25d26a22e30f4ab745445d2
20220713.0,865121.8101672904,Main,CSI 300 Index,16e3409dfe8376ad2b2c0d7cb75754fd7483db51a25d26a22e30f4ab745445d2
20220714.0,850400.0318409294,Main,CSI 300 Index,16e3409dfe8376ad2b2c0d7cb75754fd7483db51a25d26a22e30f4ab745445d2
20220715.0,859218.6801042737,Main,CSI 300 Index,16e3409dfe8376ad2b2c0d7cb75754fd7483db51a25d26a22e30f4ab745445d2
20220718.0,854566.0110526476,Main,CSI 300 Index,16e3409dfe8376ad2b2c0d7cb75754fd7483db51a25d26a22e30f4ab745445d2
20220719.0,857461.2805321611,Main,CSI 300 Index,16e3409dfe8376ad2b2c0d7cb75754fd7483db51a25d26a22e30f4ab745445d2
20220720.0,847904.8749497704,Main,CSI 300 Index,16e3409dfe8376ad2b2c0d7cb75754fd7483db51a25d26a22e30f4ab745445d2
20220721.0,848340.6975510534,Main,CSI 300 Index,16e3409dfe8376ad2b2c0d7cb75754fd7483db51a25d26a22e30f4ab745445d2
20220722.0,843218.4165175068,Main,CSI 300 Index,16e3409dfe8376ad2b2c0d7cb75754fd7483db51a25d26a22e30f4ab745445d2
20220725.0,849889.9612343701,Main,CSI 300 Index,16e3409dfe8376ad2b2c0d7cb75754fd7483db51a25d26a22e30f4ab745445d2
20220726.0,845698.3037754371,Main,CSI 300 Index,16e3409dfe8376ad2b2c0d7cb75754fd7483db51a25d26a22e30f4ab745445d2
20220727.0,845826.0043925742,Main,CSI 300 Index,16e3409dfe8376ad2b2c0d7cb75754fd7483db51a25d26a22e30f4ab745445d2
20220728.0,834702.5464327594,Main,CSI 300 Index,16e3409dfe8376ad2b2c0d7cb75754fd7483db51a25d26a22e30f4ab745445d2
20220729.0,838421.1460932704,Main,CSI 300 Index,16e3409dfe8376ad2b2c0d7cb75754fd7483db51a25d26a22e30f4ab745445d2
20220801.0,822076.9639798902,Main,CSI 300 Index,16e3409dfe8376ad2b2c0d7cb75754fd7483db51a25d26a22e30f4ab745445d2
20220802.0,814060.8917471789,Main,CSI 300 Index,16e3409dfe8376ad2b2c0d7cb75754fd7483db51a25d26a22e30f4ab745445d2
20220803.0,820978.7812094629,Main,CSI 300 Index,16e3409dfe8376ad2b2c0d7cb75754fd7483db51a25d26a22e30f4ab745445d2
20220804.0,832062.8156643576,Main,CSI 300 Index,16e3409dfe8376ad2b2c0d7cb75754fd7483db51a25d26a22e30f4ab745445d2
20220805.0,830293.8502467604,Main,CSI 300 Index,16e3409dfe8376ad2b2c0d7cb75754fd7483db51a25d26a22e30f4ab745445d2
20220808.0,831938.6619496325,Main,CSI 300 Index,16e3409dfe8376ad2b2c0d7cb75754fd7483db51a25d26a22e30f4ab745445d2
20220809.0,822620.1171744037,Main,CSI 300 Index,16e3409dfe8376ad2b2c0d7cb75754fd7483db51a25d26a22e30f4ab745445d2
20220810.0,839394.9867248362,Main,CSI 300 Index,16e3409dfe8376ad2b2c0d7cb75754fd7483db51a25d26a22e30f4ab745445d2
20220811.0,838916.5317475046,Main,CSI 300 Index,16e3409dfe8376ad2b2c0d7cb75754fd7483db51a25d26a22e30f4ab745445d2
20220812.0,837820.9068549452,Main,CSI 300 Index,16e3409dfe8376ad2b2c0d7cb75754fd7483db51a25d26a22e30f4ab745445d2
20220815.0,836250.8299870924,Main,CSI 300 Index,16e3409dfe8376ad2b2c0d7cb75754fd7483db51a25d26a22e30f4ab745445d2
20220816.0,844081.483165402,Main,CSI 300 Index,16e3409dfe8376ad2b2c0d7cb75754fd7483db51a25d26a22e30f4ab745445d2
20220817.0,836703.3665370868,Main,CSI 300 Index,16e3409dfe8376ad2b2c0d7cb75754fd7483db51a25d26a22e30f4ab745445d2
20220818.0,830893.2985889254,Main,CSI 300 Index,16e3409dfe8376ad2b2c0d7cb75754fd7483db51a25d26a22e30f4ab745445d2
20220819.0,836962.9745625936,Main,CSI 300 Index,16e3409dfe8376ad2b2c0d7cb75754fd7483db51a25d26a22e30f4ab745445d2
20220822.0,832897.0081329056,Main,CSI 300 Index,16e3409dfe8376ad2b2c0d7cb75754fd7483db51a25d26a22e30f4ab745445d2
20220823.0,817151.9233914106,Main,CSI 300 Index,16e3409dfe8376ad2b2c0d7cb75754fd7483db51a25d26a22e30f4ab745445d2
20220824.0,823921.2092877337,Main,CSI 300 Index,16e3409dfe8376ad2b2c0d7cb75754fd7483db51a25d26a22e30f4ab745445d2
20220825.0,822181.0881280542,Main,CSI 300 Index,16e3409dfe8376ad2b2c0d7cb75754fd7483db51a25d26a22e30f4ab745445d2
20220826.0,818573.3570676256,Main,CSI 300 Index,16e3409dfe8376ad2b2c0d7cb75754fd7483db51a25d26a22e30f4ab745445d2
20220829.0,815825.406958672,Main,CSI 300 Index,16e3409dfe8376ad2b2c0d7cb75754fd7483db51a25d26a22e30f4ab745445d2
20220830.0,816434.8280323789,Main,CSI 300 Index,16e3409dfe8376ad2b2c0d7cb75754fd7483db51a25d26a22e30f4ab745445d2
20220831.0,809409.4066137313,Main,CSI 300 Index,16e3409dfe8376ad2b2c0d7cb75754fd7483db51a25d26a22e30f4ab745445d2
20220901.0,805380.975889376,Main,CSI 300 Index,16e3409dfe8376ad2b2c0d7cb75754fd7483db51a25d26a22e30f4ab745445d2
20220902.0,803742.0255519124,Main,CSI 300 Index,16e3409dfe8376ad2b2c0d7cb75754fd7483db51a25d26a22e30f4ab745445d2
20220905.0,811118.7701613876,Main,CSI 300 Index,16e3409dfe8376ad2b2c0d7cb75754fd7483db51a25d26a22e30f4ab745445d2
20220906.0,811659.785995419,Main,CSI 300 Index,16e3409dfe8376ad2b2c0d7cb75754fd7483db51a25d26a22e30f4ab745445d2
20220907.0,808197.2454362847,Main,CSI 300 Index,16e3409dfe8376ad2b2c0d7cb75754fd7483db51a25d26a22e30f4ab745445d2
20220908.0,819427.1464550399,Main,CSI 300 Index,16e3409dfe8376ad2b2c0d7cb75754fd7483db51a25d26a22e30f4ab745445d2
20220909.0,822895.781685863,Main,CSI 300 Index,16e3409dfe8376ad2b2c0d7cb75754fd7483db51a25d26a22e30f4ab745445d2
20220913.0,813736.951031141,Main,CSI 300 Index,16e3409dfe8376ad2b2c0d7cb75754fd7483db51a25d26a22e30f4ab745445d2
20220914.0,806082.9415180786,Main,CSI 300 Index,16e3409dfe8376ad2b2c0d7cb75754fd7483db51a25d26a22e30f4ab745445d2
20220915.0,787180.2965323795,Main,CSI 300 Index,16e3409dfe8376ad2b2c0d7cb75754fd7483db51a25d26a22e30f4ab745445d2
20220916.0,786242.764746673,Main,CSI 300 Index,16e3409dfe8376ad2b2c0d7cb75754fd7483db51a25d26a22e30f4ab745445d2
20220919.0,787210.6295835803,Main,CSI 300 Index,16e3409dfe8376ad2b2c0d7cb75754fd7483db51a25d26a22e30f4ab745445d2
20220920.0,781386.0581525195,Main,CSI 300 Index,16e3409dfe8376ad2b2c0d7cb75754fd7483db51a25d26a22e30f4ab745445d2
20220921.0,774502.0470264738,Main,CSI 300 Index,16e3409dfe8376ad2b2c0d7cb75754fd7483db51a25d26a22e30f4ab745445d2
20220922.0,771835.4364632958,Main,CSI 300 Index,16e3409dfe8376ad2b2c0d7cb75754fd7483db51a25d26a22e30f4ab745445d2
20220923.0,767963.1381026136,Main,CSI 300 Index,16e3409dfe8376ad2b2c0d7cb75754fd7483db51a25d26a22e30f4ab745445d2
20220926.0,779095.5317334019,Main,CSI 300 Index,16e3409dfe8376ad2b2c0d7cb75754fd7483db51a25d26a22e30f4ab745445d2
20220927.0,766368.2270953291,Main,CSI 300 Index,16e3409dfe8376ad2b2c0d7cb75754fd7483db51a25d26a22e30f4ab745445d2
20220928.0,766054.7824932411,Main,CSI 300 Index,16e3409dfe8376ad2b2c0d7cb75754fd7483db51a25d26a22e30f4ab745445d2
20220929.0,761599.4079069921,Main,CSI 300 Index,16e3409dfe8376ad2b2c0d7cb75754fd7483db51a25d26a22e30f4ab745445d2
20220930.0,744796.2401242937,Main,CSI 300 Index,16e3409dfe8376ad2b2c0d7cb75754fd7483db51a25d26a22e30f4ab745445d2
20221010.0,746147.3005394677,Main,CSI 300 Index,16e3409dfe8376ad2b2c0d7cb75754fd7483db51a25d26a22e30f4ab745445d2
20221011.0,757480.5318989523,Main,CSI 300 Index,16e3409dfe8376ad2b2c0d7cb75754fd7483db51a25d26a22e30f4ab745445d2
20221012.0,751148.7521290926,Main,CSI 300 Index,16e3409dfe8376ad2b2c0d7cb75754fd7483db51a25d26a22e30f4ab745445d2
20221013.0,769122.9906372265,Main,CSI 300 Index,16e3409dfe8376ad2b2c0d7cb75754fd7483db51a25d26a22e30f4ab745445d2
20221014.0,769912.1107584634,Main,CSI 300 Index,16e3409dfe8376ad2b2c0d7cb75754fd7483db51a25d26a22e30f4ab745445d2
20221017.0,768281.436930971,Main,CSI 300 Index,16e3409dfe8376ad2b2c0d7cb75754fd7483db51a25d26a22e30f4ab745445d2
20221018.0,755924.3983363196,Main,CSI 300 Index,16e3409dfe8376ad2b2c0d7cb75754fd7483db51a25d26a22e30f4ab745445d2
20221019.0,751599.7548419222,Main,CSI 300 Index,16e3409dfe8376ad2b2c0d7cb75754fd7483db51a25d26a22e30f4ab745445d2
20221020.0,749190.8776053976,Main,CSI 300 Index,16e3409dfe8376ad2b2c0d7cb75754fd7483db51a25d26a22e30f4ab745445d2
20221021.0,727268.8033603051,Main,CSI 300 Index,16e3409dfe8376ad2b2c0d7cb75754fd7483db51a25d26a22e30f4ab745445d2
20221024.0,726084.0824787888,Main,CSI 300 Index,16e3409dfe8376ad2b2c0d7cb75754fd7483db51a25d26a22e30f4ab745445d2
20221025.0,731978.4330283457,Main,CSI 300 Index,16e3409dfe8376ad2b2c0d7cb75754fd7483db51a25d26a22e30f4ab745445d2
20221026.0,726822.3769279267,Main,CSI 300 Index,16e3409dfe8376ad2b2c0d7cb75754fd7483db51a25d26a22e30f4ab745445d2
20221027.0,708844.4254938824,Main,CSI 300 Index,16e3409dfe8376ad2b2c0d7cb75754fd7483db51a25d26a22e30f4ab745445d2
20221028.0,702313.8417629679,Main,CSI 300 Index,16e3409dfe8376ad2b2c0d7cb75754fd7483db51a25d26a22e30f4ab745445d2
20221031.0,727428.5847635936,Main,CSI 300 Index,16e3409dfe8376ad2b2c0d7cb75754fd7483db51a25d26a22e30f4ab745445d2
20221101.0,736162.0923274693,Main,CSI 300 Index,16e3409dfe8376ad2b2c0d7cb75754fd7483db51a25d26a22e30f4ab745445d2
20221102.0,730175.6221880825,Main,CSI 300 Index,16e3409dfe8376ad2b2c0d7cb75754fd7483db51a25d26a22e30f4ab745445d2
20221103.0,754050.9046695245,Main,CSI 300 Index,16e3409dfe8376ad2b2c0d7cb75754fd7483db51a25d26a22e30f4ab745445d2
20221104.0,755676.638469027,Main,CSI 300 Index,16e3409dfe8376ad2b2c0d7cb75754fd7483db51a25d26a22e30f4ab745445d2
20221107.0,750478.3388902724,Main,CSI 300 Index,16e3409dfe8376ad2b2c0d7cb75754fd7483db51a25d26a22e30f4ab745445d2
20221108.0,743461.3663937245,Main,CSI 300 Index,16e3409dfe8376ad2b2c0d7cb75754fd7483db51a25d26a22e30f4ab745445d2
20221109.0,737740.4311489225,Main,CSI 300 Index,16e3409dfe8376ad2b2c0d7cb75754fd7483db51a25d26a22e30f4ab745445d2
20221110.0,758307.1589362547,Main,CSI 300 Index,16e3409dfe8376ad2b2c0d7cb75754fd7483db51a25d26a22e30f4ab745445d2
20221111.0,759423.3870781319,Main,CSI 300 Index,16e3409dfe8376ad2b2c0d7cb75754fd7483db51a25d26a22e30f4ab745445d2
20221114.0,773826.6110309549,Main,CSI 300 Index,16e3409dfe8376ad2b2c0d7cb75754fd7483db51a25d26a22e30f4ab745445d2
20221115.0,767505.2214370113,Main,CSI 300 Index,16e3409dfe8376ad2b2c0d7cb75754fd7483db51a25d26a22e30f4ab745445d2
20221116.0,764357.6825264548,Main,CSI 300 Index,16e3409dfe8376ad2b2c0d7cb75754fd7483db51a25d26a22e30f4ab745445d2
20221117.0,760935.6531566326,Main,CSI 300 Index,16e3409dfe8376ad2b2c0d7cb75754fd7483db51a25d26a22e30f4ab745445d2
20221118.0,754441.8283060491,Main,CSI 300 Index,16e3409dfe8376ad2b2c0d7cb75754fd7483db51a25d26a22e30f4ab745445d2
20221121.0,754530.852402707,Main,CSI 300 Index,16e3409dfe8376ad2b2c0d7cb75754fd7483db51a25d26a22e30f4ab745445d2
20221122.0,755322.3553210156,Main,CSI 300 Index,16e3409dfe8376ad2b2c0d7cb75754fd7483db51a25d26a22e30f4ab745445d2
20221123.0,751975.5219805687,Main,CSI 300 Index,16e3409dfe8376ad2b2c0d7cb75754fd7483db51a25d26a22e30f4ab745445d2
20221124.0,755772.2463314409,Main,CSI 300 Index,16e3409dfe8376ad2b2c0d7cb75754fd7483db51a25d26a22e30f4ab745445d2
20221125.0,747258.4720406493,Main,CSI 300 Index,16e3409dfe8376ad2b2c0d7cb75754fd7483db51a25d26a22e30f4ab745445d2
20221128.0,770313.6376600025,Main,CSI 300 Index,16e3409dfe8376ad2b2c0d7cb75754fd7483db51a25d26a22e30f4ab745445d2
20221129.0,771237.2436890026,Main,CSI 300 Index,16e3409dfe8376ad2b2c0d7cb75754fd7483db51a25d26a22e30f4ab745445d2
20221130.0,779590.5142570268,Main,CSI 300 Index,16e3409dfe8376ad2b2c0d7cb75754fd7483db51a25d26a22e30f4ab745445d2
20221201.0,774822.5386912607,Main,CSI 300 Index,16e3409dfe8376ad2b2c0d7cb75754fd7483db51a25d26a22e30f4ab745445d2
20221202.0,790020.6828322331,Main,CSI 300 Index,16e3409dfe8376ad2b2c0d7cb75754fd7483db51a25d26a22e30f4ab745445d2
20221205.0,794288.3745249076,Main,CSI 300 Index,16e3409dfe8376ad2b2c0d7cb75754fd7483db51a25d26a22e30f4ab745445d2
20221206.0,792335.2194193123,Main,CSI 300 Index,16e3409dfe8376ad2b2c0d7cb75754fd7483db51a25d26a22e30f4ab745445d2
20221207.0,792483.3861324046,Main,CSI 300 Index,16e3409dfe8376ad2b2c0d7cb75754fd7483db51a25d26a22e30f4ab745445d2
20221208.0,800302.8196642543,Main,CSI 300 Index,16e3409dfe8376ad2b2c0d7cb75754fd7483db51a25d26a22e30f4ab745445d2
20221209.0,791335.426557281,Main,CSI 300 Index,16e3409dfe8376ad2b2c0d7cb75754fd7483db51a25d26a22e30f4ab745445d2
20221212.0,789782.0350914786,Main,CSI 300 Index,16e3409dfe8376ad2b2c0d7cb75754fd7483db51a25d26a22e30f4ab745445d2
20221213.0,791624.5966315356,Main,CSI 300 Index,16e3409dfe8376ad2b2c0d7cb75754fd7483db51a25d26a22e30f4ab745445d2
20221214.0,791044.3357698668,Main,CSI 300 Index,16e3409dfe8376ad2b2c0d7cb75754fd7483db51a25d26a22e30f4ab745445d2
20221215.0,791492.0668574348,Main,CSI 300 Index,16e3409dfe8376ad2b2c0d7cb75754fd7483db51a25d26a22e30f4ab745445d2
20221216.0,779280.9272550038,Main,CSI 300 Index,16e3409dfe8376ad2b2c0d7cb75754fd7483db51a25d26a22e30f4ab745445d2
20221219.0,766429.805477852,Main,CSI 300 Index,16e3409dfe8376ad2b2c0d7cb75754fd7483db51a25d26a22e30f4ab745445d2
20221220.0,766734.0781105431,Main,CSI 300 Index,16e3409dfe8376ad2b2c0d7cb75754fd7483db51a25d26a22e30f4ab745445d2
20221221.0,767832.8080387844,Main,CSI 300 Index,16e3409dfe8376ad2b2c0d7cb75754fd7483db51a25d26a22e30f4ab745445d2
20221222.0,766269.5004495495,Main,CSI 300 Index,16e3409dfe8376ad2b2c0d7cb75754fd7483db51a25d26a22e30f4ab745445d2
20221223.0,769326.1495410238,Main,CSI 300 Index,16e3409dfe8376ad2b2c0d7cb75754fd7483db51a25d26a22e30f4ab745445d2
20221226.0,778206.4812353686,Main,CSI 300 Index,16e3409dfe8376ad2b2c0d7cb75754fd7483db51a25d26a22e30f4ab745445d2
20221227.0,774885.8741895066,Main,CSI 300 Index,16e3409dfe8376ad2b2c0d7cb75754fd7483db51a25d26a22e30f4ab745445d2
20221228.0,771970.7535398459,Main,CSI 300 Index,16e3409dfe8376ad2b2c0d7cb75754fd7483db51a25d26a22e30f4ab745445d2
20221229.0,774959.8242743888,Main,CSI 300 Index,16e3409dfe8376ad2b2c0d7cb75754fd7483db51a25d26a22e30f4ab745445d2
20221230.0,778215.4304922885,Main,CSI 300 Index,16e3409dfe8376ad2b2c0d7cb75754fd7483db51a25d26a22e30f4ab745445d2
20230103.0,779226.3323723597,Main,CSI 300 Index,16e3409dfe8376ad2b2c0d7cb75754fd7483db51a25d26a22e30f4ab745445d2
20230104.0,794364.3623399991,Main,CSI 300 Index,16e3409dfe8376ad2b2c0d7cb75754fd7483db51a25d26a22e30f4ab745445d2
20230105.0,796828.4806003049,Main,CSI 300 Index,16e3409dfe8376ad2b2c0d7cb75754fd7483db51a25d26a22e30f4ab745445d2
20230106.0,803279.6039320772,Main,CSI 300 Index,16e3409dfe8376ad2b2c0d7cb75754fd7483db51a25d26a22e30f4ab745445d2
20230109.0,804151.1622816289,Main,CSI 300 Index,16e3409dfe8376ad2b2c0d7cb75754fd7483db51a25d26a22e30f4ab745445d2
20230110.0,802661.0702466198,Main,CSI 300 Index,16e3409dfe8376ad2b2c0d7cb75754fd7483db51a25d26a22e30f4ab745445d2
20230111.0,804230.2726000475,Main,CSI 300 Index,16e3409dfe8376ad2b2c0d7cb75754fd7483db51a25d26a22e30f4ab745445d2
20230112.0,815540.967381533,Main,CSI 300 Index,16e3409dfe8376ad2b2c0d7cb75754fd7483db51a25d26a22e30f4ab745445d2
20230113.0,828269.1148334894,Main,CSI 300 Index,16e3409dfe8376ad2b2c0d7cb75754fd7483db51a25d26a22e30f4ab745445d2
20230116.0,828124.9962471855,Main,CSI 300 Index,16e3409dfe8376ad2b2c0d7cb75754fd7483db51a25d26a22e30f4ab745445d2
20230117.0,826737.8864939002,Main,CSI 300 Index,16e3409dfe8376ad2b2c0d7cb75754fd7483db51a25d26a22e30f4ab745445d2
20230118.0,831881.0235724085,Main,CSI 300 Index,16e3409dfe8376ad2b2c0d7cb75754fd7483db51a25d26a22e30f4ab745445d2
20230119.0,836988.7724955259,Main,CSI 300 Index,16e3409dfe8376ad2b2c0d7cb75754fd7483db51a25d26a22e30f4ab745445d2
20230120.0,840955.2623028505,Main,CSI 300 Index,16e3409dfe8376ad2b2c0d7cb75754fd7483db51a25d26a22e30f4ab745445d2
20230130.0,832050.386949545,Main,CSI 300 Index,16e3409dfe8376ad2b2c0d7cb75754fd7483db51a25d26a22e30f4ab745445d2
20230131.0,839871.6609727762,Main,CSI 300 Index,16e3409dfe8376ad2b2c0d7cb75754fd7483db51a25d26a22e30f4ab745445d2
20230201.0,836912.7930907821,Main,CSI 300 Index,16e3409dfe8376ad2b2c0d7cb75754fd7483db51a25d26a22e30f4ab745445d2
20230202.0,829003.1303564892,Main,CSI 300 Index,16e3409dfe8376ad2b2c0d7cb75754fd7483db51a25d26a22e30f4ab745445d2
20230203.0,818043.7089506949,Main,CSI 300 Index,16e3409dfe8376ad2b2c0d7cb75754fd7483db51a25d26a22e30f4ab745445d2
20230206.0,819516.1877767368,Main,CSI 300 Index,16e3409dfe8376ad2b2c0d7cb75754fd7483db51a25d26a22e30f4ab745445d2
20230207.0,815894.745423469,Main,CSI 300 Index,16e3409dfe8376ad2b2c0d7cb75754fd7483db51a25d26a22e30f4ab745445d2
20230208.0,826846.500473845,Main,CSI 300 Index,16e3409dfe8376ad2b2c0d7cb75754fd7483db51a25d26a22e30f4ab745445d2
20230209.0,821933.3791271914,Main,CSI 300 Index,16e3409dfe8376ad2b2c0d7cb75754fd7483db51a25d26a22e30f4ab745445d2
20230210.0,829392.4243264063,Main,CSI 300 Index,16e3409dfe8376ad2b2c0d7cb75754fd7483db51a25d26a22e30f4ab745445d2
20230213.0,829735.7929456689,Main,CSI 300 Index,16e3409dfe8376ad2b2c0d7cb75754fd7483db51a25d26a22e30f4ab745445d2
20230214.0,825412.0396542298,Main,CSI 300 Index,16e3409dfe8376ad2b2c0d7cb75754fd7483db51a25d26a22e30f4ab745445d2
20230215.0,819366.7213414476,Main,CSI 300 Index,16e3409dfe8376ad2b2c0d7cb75754fd7483db51a25d26a22e30f4ab745445d2
20230216.0,807561.2859147027,Main,CSI 300 Index,16e3409dfe8376ad2b2c0d7cb75754fd7483db51a25d26a22e30f4ab745445d2
20230217.0,827373.9942478607,Main,CSI 300 Index,16e3409dfe8376ad2b2c0d7cb75754fd7483db51a25d26a22e30f4ab745445d2
20230220.0,829548.3335732586,Main,CSI 300 Index,16e3409dfe8376ad2b2c0d7cb75754fd7483db51a25d26a22e30f4ab745445d2
20230221.0,822061.6595731084,Main,CSI 300 Index,16e3409dfe8376ad2b2c0d7cb75754fd7483db51a25d26a22e30f4ab745445d2
20230222.0,821399.9002586133,Main,CSI 300 Index,16e3409dfe8376ad2b2c0d7cb75754fd7483db51a25d26a22e30f4ab745445d2
20230223.0,812872.9479233751,Main,CSI 300 Index,16e3409dfe8376ad2b2c0d7cb75754fd7483db51a25d26a22e30f4ab745445d2
20230224.0,809429.6181349306,Main,CSI 300 Index,16e3409dfe8376ad2b2c0d7cb75754fd7483db51a25d26a22e30f4ab745445d2
20230227.0,814556.545076903,Main,CSI 300 Index,16e3409dfe8376ad2b2c0d7cb75754fd7483db51a25d26a22e30f4ab745445d2
20230228.0,826062.1562979488,Main,CSI 300 Index,16e3409dfe8376ad2b2c0d7cb75754fd7483db51a25d26a22e30f4ab745445d2
20230301.0,824220.0378376528,Main,CSI 300 Index,16e3409dfe8376ad2b2c0d7cb75754fd7483db51a25d26a22e30f4ab745445d2
20230302.0,826785.0103191043,Main,CSI 300 Index,16e3409dfe8376ad2b2c0d7cb75754fd7483db51a25d26a22e30f4ab745445d2
20211207.0,1000000.0,Main,Baseline portfolio,16e3409dfe8376ad2b2c0d7cb75754fd7483db51a25d26a22e30f4ab745445d2
20211208.0,1010386.2927736231,Main,Baseline portfolio,16e3409dfe8376ad2b2c0d7cb75754fd7483db51a25d26a22e30f4ab745445d2
20211209.0,1014082.5268269537,Main,Baseline portfolio,16e3409dfe8376ad2b2c0d7cb75754fd7483db51a25d26a22e30f4ab745445d2
20211210.0,1022118.066809059,Main,Baseline portfolio,16e3409dfe8376ad2b2c0d7cb75754fd7483db51a25d26a22e30f4ab745445d2
20211213.0,1025209.0516569637,Main,Baseline portfolio,16e3409dfe8376ad2b2c0d7cb75754fd7483db51a25d26a22e30f4ab745445d2
20211214.0,1040447.2212510323,Main,Baseline portfolio,16e3409dfe8376ad2b2c0d7cb75754fd7483db51a25d26a22e30f4ab745445d2
20211215.0,1038199.9534041566,Main,Baseline portfolio,16e3409dfe8376ad2b2c0d7cb75754fd7483db51a25d26a22e30f4ab745445d2
20211216.0,1024572.5781865396,Main,Baseline portfolio,16e3409dfe8376ad2b2c0d7cb75754fd7483db51a25d26a22e30f4ab745445d2
20211217.0,1004929.5826395114,Main,Baseline portfolio,16e3409dfe8376ad2b2c0d7cb75754fd7483db51a25d26a22e30f4ab745445d2
20211220.0,1010341.4575678344,Main,Baseline portfolio,16e3409dfe8376ad2b2c0d7cb75754fd7483db51a25d26a22e30f4ab745445d2
20211221.0,1017096.2254652391,Main,Baseline portfolio,16e3409dfe8376ad2b2c0d7cb75754fd7483db51a25d26a22e30f4ab745445d2
20211222.0,1032939.2821816001,Main,Baseline portfolio,16e3409dfe8376ad2b2c0d7cb75754fd7483db51a25d26a22e30f4ab745445d2
20211223.0,1023030.980235249,Main,Baseline portfolio,16e3409dfe8376ad2b2c0d7cb75754fd7483db51a25d26a22e30f4ab745445d2
20211224.0,1013452.3454437196,Main,Baseline portfolio,16e3409dfe8376ad2b2c0d7cb75754fd7483db51a25d26a22e30f4ab745445d2
20211227.0,1009386.6219391843,Main,Baseline portfolio,16e3409dfe8376ad2b2c0d7cb75754fd7483db51a25d26a22e30f4ab745445d2
20211228.0,998720.7560802703,Main,Baseline portfolio,16e3409dfe8376ad2b2c0d7cb75754fd7483db51a25d26a22e30f4ab745445d2
20211229.0,1010117.6153480369,Main,Baseline portfolio,16e3409dfe8376ad2b2c0d7cb75754fd7483db51a25d26a22e30f4ab745445d2
20211230.0,1011903.7226295912,Main,Baseline portfolio,16e3409dfe8376ad2b2c0d7cb75754fd7483db51a25d26a22e30f4ab745445d2
20211231.0,1000809.0152313022,Main,Baseline portfolio,16e3409dfe8376ad2b2c0d7cb75754fd7483db51a25d26a22e30f4ab745445d2
20220104.0,987799.1790113912,Main,Baseline portfolio,16e3409dfe8376ad2b2c0d7cb75754fd7483db51a25d26a22e30f4ab745445d2
20220105.0,988269.733877925,Main,Baseline portfolio,16e3409dfe8376ad2b2c0d7cb75754fd7483db51a25d26a22e30f4ab745445d2
20220106.0,980736.6307644249,Main,Baseline portfolio,16e3409dfe8376ad2b2c0d7cb75754fd7483db51a25d26a22e30f4ab745445d2
20220107.0,984275.4304644666,Main,Baseline portfolio,16e3409dfe8376ad2b2c0d7cb75754fd7483db51a25d26a22e30f4ab745445d2
20220110.0,976700.2883348713,Main,Baseline portfolio,16e3409dfe8376ad2b2c0d7cb75754fd7483db51a25d26a22e30f4ab745445d2
20220111.0,984352.1503138412,Main,Baseline portfolio,16e3409dfe8376ad2b2c0d7cb75754fd7483db51a25d26a22e30f4ab745445d2
20220112.0,975508.9780799486,Main,Baseline portfolio,16e3409dfe8376ad2b2c0d7cb75754fd7483db51a25d26a22e30f4ab745445d2
20220113.0,981654.7227327534,Main,Baseline portfolio,16e3409dfe8376ad2b2c0d7cb75754fd7483db51a25d26a22e30f4ab745445d2
20220114.0,990618.7882735472,Main,Baseline portfolio,16e3409dfe8376ad2b2c0d7cb75754fd7483db51a25d26a22e30f4ab745445d2
20220117.0,1001677.2372674844,Main,Baseline portfolio,16e3409dfe8376ad2b2c0d7cb75754fd7483db51a25d26a22e30f4ab745445d2
20220118.0,998244.4234391751,Main,Baseline portfolio,16e3409dfe8376ad2b2c0d7cb75754fd7483db51a25d26a22e30f4ab745445d2
20220119.0,987191.0964394028,Main,Baseline portfolio,16e3409dfe8376ad2b2c0d7cb75754fd7483db51a25d26a22e30f4ab745445d2
20220120.0,971380.3669670325,Main,Baseline portfolio,16e3409dfe8376ad2b2c0d7cb75754fd7483db51a25d26a22e30f4ab745445d2
20220121.0,980145.1356307351,Main,Baseline portfolio,16e3409dfe8376ad2b2c0d7cb75754fd7483db51a25d26a22e30f4ab745445d2
20220124.0,962616.9869572101,Main,Baseline portfolio,16e3409dfe8376ad2b2c0d7cb75754fd7483db51a25d26a22e30f4ab745445d2
20220125.0,968313.3964196165,Main,Baseline portfolio,16e3409dfe8376ad2b2c0d7cb75754fd7483db51a25d26a22e30f4ab745445d2
20220126.0,952230.8706758792,Main,Baseline portfolio,16e3409dfe8376ad2b2c0d7cb75754fd7483db51a25d26a22e30f4ab745445d2
20220127.0,950767.7307882418,Main,Baseline portfolio,16e3409dfe8376ad2b2c0d7cb75754fd7483db51a25d26a22e30f4ab745445d2
20220128.0,952693.8871496184,Main,Baseline portfolio,16e3409dfe8376ad2b2c0d7cb75754fd7483db51a25d26a22e30f4ab745445d2
20220207.0,962578.0953543836,Main,Baseline portfolio,16e3409dfe8376ad2b2c0d7cb75754fd7483db51a25d26a22e30f4ab745445d2
20220208.0,977424.8667772011,Main,Baseline portfolio,16e3409dfe8376ad2b2c0d7cb75754fd7483db51a25d26a22e30f4ab745445d2
20220209.0,971487.1299331542,Main,Baseline portfolio,16e3409dfe8376ad2b2c0d7cb75754fd7483db51a25d26a22e30f4ab745445d2
20220210.0,960878.8229654998,Main,Baseline portfolio,16e3409dfe8376ad2b2c0d7cb75754fd7483db51a25d26a22e30f4ab745445d2
20220216.0,958999.1200798728,Main,Baseline portfolio,16e3409dfe8376ad2b2c0d7cb75754fd7483db51a25d26a22e30f4ab745445d2
20220217.0,965821.1648041747,Main,Baseline portfolio,16e3409dfe8376ad2b2c0d7cb75754fd7483db51a25d26a22e30f4ab745445d2
20220218.0,980777.5297224935,Main,Baseline portfolio,16e3409dfe8376ad2b2c0d7cb75754fd7483db51a25d26a22e30f4ab745445d2
20220221.0,972924.4593883783,Main,Baseline portfolio,16e3409dfe8376ad2b2c0d7cb75754fd7483db51a25d26a22e30f4ab745445d2
20220222.0,991580.1434531244,Main,Baseline portfolio,16e3409dfe8376ad2b2c0d7cb75754fd7483db51a25d26a22e30f4ab745445d2
20220223.0,977464.5061242572,Main,Baseline portfolio,16e3409dfe8376ad2b2c0d7cb75754fd7483db51a25d26a22e30f4ab745445d2
20220224.0,979762.5368329643,Main,Baseline portfolio,16e3409dfe8376ad2b2c0d7cb75754fd7483db51a25d26a22e30f4ab745445d2
20220225.0,971541.8101607721,Main,Baseline portfolio,16e3409dfe8376ad2b2c0d7cb75754fd7483db51a25d26a22e30f4ab745445d2
20220228.0,968525.9794290682,Main,Baseline portfolio,16e3409dfe8376ad2b2c0d7cb75754fd7483db51a25d26a22e30f4ab745445d2
20220301.0,967682.1002194915,Main,Baseline portfolio,16e3409dfe8376ad2b2c0d7cb75754fd7483db51a25d26a22e30f4ab745445d2
20220302.0,952375.6259559405,Main,Baseline portfolio,16e3409dfe8376ad2b2c0d7cb75754fd7483db51a25d26a22e30f4ab745445d2
20220303.0,950669.3090396117,Main,Baseline portfolio,16e3409dfe8376ad2b2c0d7cb75754fd7483db51a25d26a22e30f4ab745445d2
20220304.0,928681.7702164731,Main,Baseline portfolio,16e3409dfe8376ad2b2c0d7cb75754fd7483db51a25d26a22e30f4ab745445d2
20220307.0,895604.3111038908,Main,Baseline portfolio,16e3409dfe8376ad2b2c0d7cb75754fd7483db51a25d26a22e30f4ab745445d2
20220308.0,901062.7684529962,Main,Baseline portfolio,16e3409dfe8376ad2b2c0d7cb75754fd7483db51a25d26a22e30f4ab745445d2
20220309.0,909198.8597334704,Main,Baseline portfolio,16e3409dfe8376ad2b2c0d7cb75754fd7483db51a25d26a22e30f4ab745445d2
20220310.0,910901.1536234387,Main,Baseline portfolio,16e3409dfe8376ad2b2c0d7cb75754fd7483db51a25d26a22e30f4ab745445d2
20220311.0,895262.2139608604,Main,Baseline portfolio,16e3409dfe8376ad2b2c0d7cb75754fd7483db51a25d26a22e30f4ab745445d2
20220314.0,858103.1767789262,Main,Baseline portfolio,16e3409dfe8376ad2b2c0d7cb75754fd7483db51a25d26a22e30f4ab745445d2
20220315.0,877513.5378745489,Main,Baseline portfolio,16e3409dfe8376ad2b2c0d7cb75754fd7483db51a25d26a22e30f4ab745445d2
20220316.0,885680.8688777708,Main,Baseline portfolio,16e3409dfe8376ad2b2c0d7cb75754fd7483db51a25d26a22e30f4ab745445d2
20220317.0,891548.0340460178,Main,Baseline portfolio,16e3409dfe8376ad2b2c0d7cb75754fd7483db51a25d26a22e30f4ab745445d2
20220318.0,890691.6285797098,Main,Baseline portfolio,16e3409dfe8376ad2b2c0d7cb75754fd7483db51a25d26a22e30f4ab745445d2
20220321.0,891842.6959504633,Main,Baseline portfolio,16e3409dfe8376ad2b2c0d7cb75754fd7483db51a25d26a22e30f4ab745445d2
20220322.0,893655.8719057683,Main,Baseline portfolio,16e3409dfe8376ad2b2c0d7cb75754fd7483db51a25d26a22e30f4ab745445d2
20220323.0,884461.1453204585,Main,Baseline portfolio,16e3409dfe8376ad2b2c0d7cb75754fd7483db51a25d26a22e30f4ab745445d2
20220324.0,867291.9713056702,Main,Baseline portfolio,16e3409dfe8376ad2b2c0d7cb75754fd7483db51a25d26a22e30f4ab745445d2
20220325.0,864296.8260771985,Main,Baseline portfolio,16e3409dfe8376ad2b2c0d7cb75754fd7483db51a25d26a22e30f4ab745445d2
20220328.0,864710.3649325897,Main,Baseline portfolio,16e3409dfe8376ad2b2c0d7cb75754fd7483db51a25d26a22e30f4ab745445d2
20220329.0,873907.9730187241,Main,Baseline portfolio,16e3409dfe8376ad2b2c0d7cb75754fd7483db51a25d26a22e30f4ab745445d2
20220330.0,870356.6044063861,Main,Baseline portfolio,16e3409dfe8376ad2b2c0d7cb75754fd7483db51a25d26a22e30f4ab745445d2
20220331.0,875411.9786009137,Main,Baseline portfolio,16e3409dfe8376ad2b2c0d7cb75754fd7483db51a25d26a22e30f4ab745445d2
20220401.0,874445.7280104037,Main,Baseline portfolio,16e3409dfe8376ad2b2c0d7cb75754fd7483db51a25d26a22e30f4ab745445d2
20220406.0,862237.0238624597,Main,Baseline portfolio,16e3409dfe8376ad2b2c0d7cb75754fd7483db51a25d26a22e30f4ab745445d2
20220407.0,862651.2127260492,Main,Baseline portfolio,16e3409dfe8376ad2b2c0d7cb75754fd7483db51a25d26a22e30f4ab745445d2
20220408.0,843933.6975608289,Main,Baseline portfolio,16e3409dfe8376ad2b2c0d7cb75754fd7483db51a25d26a22e30f4ab745445d2
20220411.0,846846.1668142275,Main,Baseline portfolio,16e3409dfe8376ad2b2c0d7cb75754fd7483db51a25d26a22e30f4ab745445d2
20220412.0,839292.5684843616,Main,Baseline portfolio,16e3409dfe8376ad2b2c0d7cb75754fd7483db51a25d26a22e30f4ab745445d2
20220413.0,846814.9030243488,Main,Baseline portfolio,16e3409dfe8376ad2b2c0d7cb75754fd7483db51a25d26a22e30f4ab745445d2
20220414.0,845771.3539949865,Main,Baseline portfolio,16e3409dfe8376ad2b2c0d7cb75754fd7483db51a25d26a22e30f4ab745445d2
20220415.0,845870.8956478692,Main,Baseline portfolio,16e3409dfe8376ad2b2c0d7cb75754fd7483db51a25d26a22e30f4ab745445d2
20220418.0,845112.5645221384,Main,Baseline portfolio,16e3409dfe8376ad2b2c0d7cb75754fd7483db51a25d26a22e30f4ab745445d2
20220419.0,840256.708407071,Main,Baseline portfolio,16e3409dfe8376ad2b2c0d7cb75754fd7483db51a25d26a22e30f4ab745445d2
20220420.0,821820.7884552965,Main,Baseline portfolio,16e3409dfe8376ad2b2c0d7cb75754fd7483db51a25d26a22e30f4ab745445d2
20220421.0,822005.7495404908,Main,Baseline portfolio,16e3409dfe8376ad2b2c0d7cb75754fd7483db51a25d26a22e30f4ab745445d2
20220422.0,801201.2965684205,Main,Baseline portfolio,16e3409dfe8376ad2b2c0d7cb75754fd7483db51a25d26a22e30f4ab745445d2
20220425.0,783641.6314001442,Main,Baseline portfolio,16e3409dfe8376ad2b2c0d7cb75754fd7483db51a25d26a22e30f4ab745445d2
20220426.0,797506.0698125657,Main,Baseline portfolio,16e3409dfe8376ad2b2c0d7cb75754fd7483db51a25d26a22e30f4ab745445d2
20220427.0,796537.6485820946,Main,Baseline portfolio,16e3409dfe8376ad2b2c0d7cb75754fd7483db51a25d26a22e30f4ab745445d2
20220428.0,807255.2043765493,Main,Baseline portfolio,16e3409dfe8376ad2b2c0d7cb75754fd7483db51a25d26a22e30f4ab745445d2
20220429.0,811224.4495043549,Main,Baseline portfolio,16e3409dfe8376ad2b2c0d7cb75754fd7483db51a25d26a22e30f4ab745445d2
20220505.0,804274.0711098905,Main,Baseline portfolio,16e3409dfe8376ad2b2c0d7cb75754fd7483db51a25d26a22e30f4ab745445d2
20220506.0,805714.049906178,Main,Baseline portfolio,16e3409dfe8376ad2b2c0d7cb75754fd7483db51a25d26a22e30f4ab745445d2
20220509.0,813072.9047426936,Main,Baseline portfolio,16e3409dfe8376ad2b2c0d7cb75754fd7483db51a25d26a22e30f4ab745445d2
20220510.0,826415.3961593299,Main,Baseline portfolio,16e3409dfe8376ad2b2c0d7cb75754fd7483db51a25d26a22e30f4ab745445d2
20220511.0,826943.8749352728,Main,Baseline portfolio,16e3409dfe8376ad2b2c0d7cb75754fd7483db51a25d26a22e30f4ab745445d2
20220512.0,830992.4809376302,Main,Baseline portfolio,16e3409dfe8376ad2b2c0d7cb75754fd7483db51a25d26a22e30f4ab745445d2
20220513.0,827969.8832331563,Main,Baseline portfolio,16e3409dfe8376ad2b2c0d7cb75754fd7483db51a25d26a22e30f4ab745445d2
20220516.0,829091.2232948797,Main,Baseline portfolio,16e3409dfe8376ad2b2c0d7cb75754fd7483db51a25d26a22e30f4ab745445d2
20220517.0,832871.8543188,Main,Baseline portfolio,16e3409dfe8376ad2b2c0d7cb75754fd7483db51a25d26a22e30f4ab745445d2
20220518.0,837560.7138964543,Main,Baseline portfolio,16e3409dfe8376ad2b2c0d7cb75754fd7483db51a25d26a22e30f4ab745445d2
20220519.0,848466.8258771339,Main,Baseline portfolio,16e3409dfe8376ad2b2c0d7cb75754fd7483db51a25d26a22e30f4ab745445d2
20220520.0,850960.4224706596,Main,Baseline portfolio,16e3409dfe8376ad2b2c0d7cb75754fd7483db51a25d26a22e30f4ab745445d2
20220523.0,831155.7258398252,Main,Baseline portfolio,16e3409dfe8376ad2b2c0d7cb75754fd7483db51a25d26a22e30f4ab745445d2
20220524.0,840258.9590751515,Main,Baseline portfolio,16e3409dfe8376ad2b2c0d7cb75754fd7483db51a25d26a22e30f4ab745445d2
20220525.0,847350.195048499,Main,Baseline portfolio,16e3409dfe8376ad2b2c0d7cb75754fd7483db51a25d26a22e30f4ab745445d2
20220526.0,849451.3383325401,Main,Baseline portfolio,16e3409dfe8376ad2b2c0d7cb75754fd7483db51a25d26a22e30f4ab745445d2
20220527.0,856564.8691761985,Main,Baseline portfolio,16e3409dfe8376ad2b2c0d7cb75754fd7483db51a25d26a22e30f4ab745445d2
20220530.0,868384.904913391,Main,Baseline portfolio,16e3409dfe8376ad2b2c0d7cb75754fd7483db51a25d26a22e30f4ab745445d2
20220531.0,867560.2790170982,Main,Baseline portfolio,16e3409dfe8376ad2b2c0d7cb75754fd7483db51a25d26a22e30f4ab745445d2
20220601.0,870408.2416094855,Main,Baseline portfolio,16e3409dfe8376ad2b2c0d7cb75754fd7483db51a25d26a22e30f4ab745445d2
20220602.0,897063.4309980345,Main,Baseline portfolio,16e3409dfe8376ad2b2c0d7cb75754fd7483db51a25d26a22e30f4ab745445d2
20220606.0,898159.3778887785,Main,Baseline portfolio,16e3409dfe8376ad2b2c0d7cb75754fd7483db51a25d26a22e30f4ab745445d2
20220607.0,909260.159693907,Main,Baseline portfolio,16e3409dfe8376ad2b2c0d7cb75754fd7483db51a25d26a22e30f4ab745445d2
20220608.0,893704.8552674473,Main,Baseline portfolio,16e3409dfe8376ad2b2c0d7cb75754fd7483db51a25d26a22e30f4ab745445d2
20220609.0,923905.3441445228,Main,Baseline portfolio,16e3409dfe8376ad2b2c0d7cb75754fd7483db51a25d26a22e30f4ab745445d2
20220610.0,936892.9907633618,Main,Baseline portfolio,16e3409dfe8376ad2b2c0d7cb75754fd7483db51a25d26a22e30f4ab745445d2
20220613.0,950469.5241672181,Main,Baseline portfolio,16e3409dfe8376ad2b2c0d7cb75754fd7483db51a25d26a22e30f4ab745445d2
20220614.0,956432.5136928146,Main,Baseline portfolio,16e3409dfe8376ad2b2c0d7cb75754fd7483db51a25d26a22e30f4ab745445d2
20220615.0,973767.6498475627,Main,Baseline portfolio,16e3409dfe8376ad2b2c0d7cb75754fd7483db51a25d26a22e30f4ab745445d2
20220616.0,981917.5919574646,Main,Baseline portfolio,16e3409dfe8376ad2b2c0d7cb75754fd7483db51a25d26a22e30f4ab745445d2
20220617.0,989260.4520332356,Main,Baseline portfolio,16e3409dfe8376ad2b2c0d7cb75754fd7483db51a25d26a22e30f4ab745445d2
20220620.0,986038.0923494762,Main,Baseline portfolio,16e3409dfe8376ad2b2c0d7cb75754fd7483db51a25d26a22e30f4ab745445d2
20220621.0,991122.0459682972,Main,Baseline portfolio,16e3409dfe8376ad2b2c0d7cb75754fd7483db51a25d26a22e30f4ab745445d2
20220622.0,989620.8545772316,Main,Baseline portfolio,16e3409dfe8376ad2b2c0d7cb75754fd7483db51a25d26a22e30f4ab745445d2
20220623.0,1010871.7696525904,Main,Baseline portfolio,16e3409dfe8376ad2b2c0d7cb75754fd7483db51a25d26a22e30f4ab745445d2
20220624.0,1035210.3487031421,Main,Baseline portfolio,16e3409dfe8376ad2b2c0d7cb75754fd7483db51a25d26a22e30f4ab745445d2
20220627.0,1068206.8723051092,Main,Baseline portfolio,16e3409dfe8376ad2b2c0d7cb75754fd7483db51a25d26a22e30f4ab745445d2
20220628.0,1041075.181903383,Main,Baseline portfolio,16e3409dfe8376ad2b2c0d7cb75754fd7483db51a25d26a22e30f4ab745445d2
20220629.0,1052412.423757538,Main,Baseline portfolio,16e3409dfe8376ad2b2c0d7cb75754fd7483db51a25d26a22e30f4ab745445d2
20220630.0,1063996.6450513788,Main,Baseline portfolio,16e3409dfe8376ad2b2c0d7cb75754fd7483db51a25d26a22e30f4ab745445d2
20220701.0,1080309.5580026435,Main,Baseline portfolio,16e3409dfe8376ad2b2c0d7cb75754fd7483db51a25d26a22e30f4ab745445d2
20220704.0,1068810.3179432342,Main,Baseline portfolio,16e3409dfe8376ad2b2c0d7cb75754fd7483db51a25d26a22e30f4ab745445d2
20220705.0,1051899.93445931,Main,Baseline portfolio,16e3409dfe8376ad2b2c0d7cb75754fd7483db51a25d26a22e30f4ab745445d2
20220706.0,1078019.5952614422,Main,Baseline portfolio,16e3409dfe8376ad2b2c0d7cb75754fd7483db51a25d26a22e30f4ab745445d2
20220707.0,1074619.5667352786,Main,Baseline portfolio,16e3409dfe8376ad2b2c0d7cb75754fd7483db51a25d26a22e30f4ab745445d2
20220708.0,1060276.0363754362,Main,Baseline portfolio,16e3409dfe8376ad2b2c0d7cb75754fd7483db51a25d26a22e30f4ab745445d2
20220711.0,1045515.3106195012,Main,Baseline portfolio,16e3409dfe8376ad2b2c0d7cb75754fd7483db51a25d26a22e30f4ab745445d2
20220712.0,1046368.1786089198,Main,Baseline portfolio,16e3409dfe8376ad2b2c0d7cb75754fd7483db51a25d26a22e30f4ab745445d2
20220713.0,1049361.127564957,Main,Baseline portfolio,16e3409dfe8376ad2b2c0d7cb75754fd7483db51a25d26a22e30f4ab745445d2
20220714.0,1049072.2109542293,Main,Baseline portfolio,16e3409dfe8376ad2b2c0d7cb75754fd7483db51a25d26a22e30f4ab745445d2
20220715.0,1060488.8335432173,Main,Baseline portfolio,16e3409dfe8376ad2b2c0d7cb75754fd7483db51a25d26a22e30f4ab745445d2
20220718.0,1064958.6570875228,Main,Baseline portfolio,16e3409dfe8376ad2b2c0d7cb75754fd7483db51a25d26a22e30f4ab745445d2
20220719.0,1073208.0689424165,Main,Baseline portfolio,16e3409dfe8376ad2b2c0d7cb75754fd7483db51a25d26a22e30f4ab745445d2
20220720.0,1065281.205165495,Main,Baseline portfolio,16e3409dfe8376ad2b2c0d7cb75754fd7483db51a25d26a22e30f4ab745445d2
20220721.0,1053655.766366523,Main,Baseline portfolio,16e3409dfe8376ad2b2c0d7cb75754fd7483db51a25d26a22e30f4ab745445d2
20220722.0,1045318.2362343183,Main,Baseline portfolio,16e3409dfe8376ad2b2c0d7cb75754fd7483db51a25d26a22e30f4ab745445d2
20220725.0,1062164.0383121578,Main,Baseline portfolio,16e3409dfe8376ad2b2c0d7cb75754fd7483db51a25d26a22e30f4ab745445d2
20220726.0,1073683.3554459943,Main,Baseline portfolio,16e3409dfe8376ad2b2c0d7cb75754fd7483db51a25d26a22e30f4ab745445d2
20220727.0,1069378.748254097,Main,Baseline portfolio,16e3409dfe8376ad2b2c0d7cb75754fd7483db51a25d26a22e30f4ab745445d2
20220728.0,1057036.3718376476,Main,Baseline portfolio,16e3409dfe8376ad2b2c0d7cb75754fd7483db51a25d26a22e30f4ab745445d2
20220729.0,1064381.3119592213,Main,Baseline portfolio,16e3409dfe8376ad2b2c0d7cb75754fd7483db51a25d26a22e30f4ab745445d2
20220801.0,1052169.7301259737,Main,Baseline portfolio,16e3409dfe8376ad2b2c0d7cb75754fd7483db51a25d26a22e30f4ab745445d2
20220802.0,1045332.9371422002,Main,Baseline portfolio,16e3409dfe8376ad2b2c0d7cb75754fd7483db51a25d26a22e30f4ab745445d2
20220803.0,1047491.338771868,Main,Baseline portfolio,16e3409dfe8376ad2b2c0d7cb75754fd7483db51a25d26a22e30f4ab745445d2
20220804.0,1054212.0204702243,Main,Baseline portfolio,16e3409dfe8376ad2b2c0d7cb75754fd7483db51a25d26a22e30f4ab745445d2
20220805.0,1067561.6560091788,Main,Baseline portfolio,16e3409dfe8376ad2b2c0d7cb75754fd7483db51a25d26a22e30f4ab745445d2
20220808.0,1072095.6120977963,Main,Baseline portfolio,16e3409dfe8376ad2b2c0d7cb75754fd7483db51a25d26a22e30f4ab745445d2
20220809.0,1069055.6912443594,Main,Baseline portfolio,16e3409dfe8376ad2b2c0d7cb75754fd7483db51a25d26a22e30f4ab745445d2
20220810.0,1078619.873626024,Main,Baseline portfolio,16e3409dfe8376ad2b2c0d7cb75754fd7483db51a25d26a22e30f4ab745445d2
20220811.0,1071758.7204990513,Main,Baseline portfolio,16e3409dfe8376ad2b2c0d7cb75754fd7483db51a25d26a22e30f4ab745445d2
20220812.0,1069641.1942494905,Main,Baseline portfolio,16e3409dfe8376ad2b2c0d7cb75754fd7483db51a25d26a22e30f4ab745445d2
20220815.0,1069134.9838308813,Main,Baseline portfolio,16e3409dfe8376ad2b2c0d7cb75754fd7483db51a25d26a22e30f4ab745445d2
20220816.0,1071045.501351115,Main,Baseline portfolio,16e3409dfe8376ad2b2c0d7cb75754fd7483db51a25d26a22e30f4ab745445d2
20220817.0,1065548.2788983705,Main,Baseline portfolio,16e3409dfe8376ad2b2c0d7cb75754fd7483db51a25d26a22e30f4ab745445d2
20220818.0,1069158.5389970418,Main,Baseline portfolio,16e3409dfe8376ad2b2c0d7cb75754fd7483db51a25d26a22e30f4ab745445d2
20220819.0,1072120.3234645743,Main,Baseline portfolio,16e3409dfe8376ad2b2c0d7cb75754fd7483db51a25d26a22e30f4ab745445d2
20220822.0,1072777.1337583368,Main,Baseline portfolio,16e3409dfe8376ad2b2c0d7cb75754fd7483db51a25d26a22e30f4ab745445d2
20220823.0,1054616.5530335149,Main,Baseline portfolio,16e3409dfe8376ad2b2c0d7cb75754fd7483db51a25d26a22e30f4ab745445d2
20220824.0,1058003.6565321132,Main,Baseline portfolio,16e3409dfe8376ad2b2c0d7cb75754fd7483db51a25d26a22e30f4ab745445d2
20220825.0,1058946.916066529,Main,Baseline portfolio,16e3409dfe8376ad2b2c0d7cb75754fd7483db51a25d26a22e30f4ab745445d2
20220826.0,1059937.2469953736,Main,Baseline portfolio,16e3409dfe8376ad2b2c0d7cb75754fd7483db51a25d26a22e30f4ab745445d2
20220829.0,1057387.3860482897,Main,Baseline portfolio,16e3409dfe8376ad2b2c0d7cb75754fd7483db51a25d26a22e30f4ab745445d2
20220830.0,1051045.1757326094,Main,Baseline portfolio,16e3409dfe8376ad2b2c0d7cb75754fd7483db51a25d26a22e30f4ab745445d2
20220831.0,1049614.6577645673,Main,Baseline portfolio,16e3409dfe8376ad2b2c0d7cb75754fd7483db51a25d26a22e30f4ab745445d2
20220901.0,1050462.2142556228,Main,Baseline portfolio,16e3409dfe8376ad2b2c0d7cb75754fd7483db51a25d26a22e30f4ab745445d2
20220902.0,1050196.1746266978,Main,Baseline portfolio,16e3409dfe8376ad2b2c0d7cb75754fd7483db51a25d26a22e30f4ab745445d2
20220905.0,1060493.5511900077,Main,Baseline portfolio,16e3409dfe8376ad2b2c0d7cb75754fd7483db51a25d26a22e30f4ab745445d2
20220906.0,1062325.3619529025,Main,Baseline portfolio,16e3409dfe8376ad2b2c0d7cb75754fd7483db51a25d26a22e30f4ab745445d2
20220907.0,1056450.7555408888,Main,Baseline portfolio,16e3409dfe8376ad2b2c0d7cb75754fd7483db51a25d26a22e30f4ab745445d2
20220908.0,1060742.6999978144,Main,Baseline portfolio,16e3409dfe8376ad2b2c0d7cb75754fd7483db51a25d26a22e30f4ab745445d2
20220909.0,1068279.8290726906,Main,Baseline portfolio,16e3409dfe8376ad2b2c0d7cb75754fd7483db51a25d26a22e30f4ab745445d2
20220913.0,1056813.4511150112,Main,Baseline portfolio,16e3409dfe8376ad2b2c0d7cb75754fd7483db51a25d26a22e30f4ab745445d2
20220914.0,1027551.4435663883,Main,Baseline portfolio,16e3409dfe8376ad2b2c0d7cb75754fd7483db51a25d26a22e30f4ab745445d2
20220915.0,1012238.3884100785,Main,Baseline portfolio,16e3409dfe8376ad2b2c0d7cb75754fd7483db51a25d26a22e30f4ab745445d2
20220916.0,1006626.4326619041,Main,Baseline portfolio,16e3409dfe8376ad2b2c0d7cb75754fd7483db51a25d26a22e30f4ab745445d2
20220919.0,1018276.0176414134,Main,Baseline portfolio,16e3409dfe8376ad2b2c0d7cb75754fd7483db51a25d26a22e30f4ab745445d2
20220920.0,1013266.1204428282,Main,Baseline portfolio,16e3409dfe8376ad2b2c0d7cb75754fd7483db51a25d26a22e30f4ab745445d2
20220921.0,1012557.7406470183,Main,Baseline portfolio,16e3409dfe8376ad2b2c0d7cb75754fd7483db51a25d26a22e30f4ab745445d2
20220922.0,985845.7991052602,Main,Baseline portfolio,16e3409dfe8376ad2b2c0d7cb75754fd7483db51a25d26a22e30f4ab745445d2
20220923.0,986327.8669631857,Main,Baseline portfolio,16e3409dfe8376ad2b2c0d7cb75754fd7483db51a25d26a22e30f4ab745445d2
20220926.0,1014525.7402589263,Main,Baseline portfolio,16e3409dfe8376ad2b2c0d7cb75754fd7483db51a25d26a22e30f4ab745445d2
20220927.0,987945.7188789863,Main,Baseline portfolio,16e3409dfe8376ad2b2c0d7cb75754fd7483db51a25d26a22e30f4ab745445d2
20220928.0,987013.9120703017,Main,Baseline portfolio,16e3409dfe8376ad2b2c0d7cb75754fd7483db51a25d26a22e30f4ab745445d2
20220930.0,969753.0895410203,Main,Baseline portfolio,16e3409dfe8376ad2b2c0d7cb75754fd7483db51a25d26a22e30f4ab745445d2
20221010.0,977740.0973712482,Main,Baseline portfolio,16e3409dfe8376ad2b2c0d7cb75754fd7483db51a25d26a22e30f4ab745445d2
20221011.0,998688.9981315435,Main,Baseline portfolio,16e3409dfe8376ad2b2c0d7cb75754fd7483db51a25d26a22e30f4ab745445d2
20221012.0,990746.8545637622,Main,Baseline portfolio,16e3409dfe8376ad2b2c0d7cb75754fd7483db51a25d26a22e30f4ab745445d2
20221013.0,1007799.5429807665,Main,Baseline portfolio,16e3409dfe8376ad2b2c0d7cb75754fd7483db51a25d26a22e30f4ab745445d2
20221014.0,1007874.2500940374,Main,Baseline portfolio,16e3409dfe8376ad2b2c0d7cb75754fd7483db51a25d26a22e30f4ab745445d2
20221017.0,1009734.4550817173,Main,Baseline portfolio,16e3409dfe8376ad2b2c0d7cb75754fd7483db51a25d26a22e30f4ab745445d2
20221018.0,1004287.1858177371,Main,Baseline portfolio,16e3409dfe8376ad2b2c0d7cb75754fd7483db51a25d26a22e30f4ab745445d2
20221019.0,991124.9516340703,Main,Baseline portfolio,16e3409dfe8376ad2b2c0d7cb75754fd7483db51a25d26a22e30f4ab745445d2
20221020.0,991113.2090265969,Main,Baseline portfolio,16e3409dfe8376ad2b2c0d7cb75754fd7483db51a25d26a22e30f4ab745445d2
20221021.0,983391.9989799756,Main,Baseline portfolio,16e3409dfe8376ad2b2c0d7cb75754fd7483db51a25d26a22e30f4ab745445d2
20221024.0,982502.7595880907,Main,Baseline portfolio,16e3409dfe8376ad2b2c0d7cb75754fd7483db51a25d26a22e30f4ab745445d2
20221025.0,990297.6412743574,Main,Baseline portfolio,16e3409dfe8376ad2b2c0d7cb75754fd7483db51a25d26a22e30f4ab745445d2
20221026.0,986828.6329272105,Main,Baseline portfolio,16e3409dfe8376ad2b2c0d7cb75754fd7483db51a25d26a22e30f4ab745445d2
20221027.0,967784.9056101063,Main,Baseline portfolio,16e3409dfe8376ad2b2c0d7cb75754fd7483db51a25d26a22e30f4ab745445d2
20221028.0,965464.3642095944,Main,Baseline portfolio,16e3409dfe8376ad2b2c0d7cb75754fd7483db51a25d26a22e30f4ab745445d2
20221031.0,974344.6317187168,Main,Baseline portfolio,16e3409dfe8376ad2b2c0d7cb75754fd7483db51a25d26a22e30f4ab745445d2
20221101.0,977831.3000568282,Main,Baseline portfolio,16e3409dfe8376ad2b2c0d7cb75754fd7483db51a25d26a22e30f4ab745445d2
20221102.0,976114.8275939858,Main,Baseline portfolio,16e3409dfe8376ad2b2c0d7cb75754fd7483db51a25d26a22e30f4ab745445d2
20221103.0,995740.7179659029,Main,Baseline portfolio,16e3409dfe8376ad2b2c0d7cb75754fd7483db51a25d26a22e30f4ab745445d2
20221104.0,997259.1481731404,Main,Baseline portfolio,16e3409dfe8376ad2b2c0d7cb75754fd7483db51a25d26a22e30f4ab745445d2
20221107.0,990471.7648131792,Main,Baseline portfolio,16e3409dfe8376ad2b2c0d7cb75754fd7483db51a25d26a22e30f4ab745445d2
20221108.0,984524.2547573608,Main,Baseline portfolio,16e3409dfe8376ad2b2c0d7cb75754fd7483db51a25d26a22e30f4ab745445d2
20221109.0,967315.9686222146,Main,Baseline portfolio,16e3409dfe8376ad2b2c0d7cb75754fd7483db51a25d26a22e30f4ab745445d2
20221110.0,977695.9998328142,Main,Baseline portfolio,16e3409dfe8376ad2b2c0d7cb75754fd7483db51a25d26a22e30f4ab745445d2
20221111.0,969107.8906595313,Main,Baseline portfolio,16e3409dfe8376ad2b2c0d7cb75754fd7483db51a25d26a22e30f4ab745445d2
20221114.0,981857.7025657082,Main,Baseline portfolio,16e3409dfe8376ad2b2c0d7cb75754fd7483db51a25d26a22e30f4ab745445d2
20221115.0,974552.5778921476,Main,Baseline portfolio,16e3409dfe8376ad2b2c0d7cb75754fd7483db51a25d26a22e30f4ab745445d2
20221116.0,986679.5902737009,Main,Baseline portfolio,16e3409dfe8376ad2b2c0d7cb75754fd7483db51a25d26a22e30f4ab745445d2
20221117.0,984003.0193072755,Main,Baseline portfolio,16e3409dfe8376ad2b2c0d7cb75754fd7483db51a25d26a22e30f4ab745445d2
20221118.0,985387.1608926576,Main,Baseline portfolio,16e3409dfe8376ad2b2c0d7cb75754fd7483db51a25d26a22e30f4ab745445d2
20221121.0,968295.8069668893,Main,Baseline portfolio,16e3409dfe8376ad2b2c0d7cb75754fd7483db51a25d26a22e30f4ab745445d2
20221122.0,964632.2086277258,Main,Baseline portfolio,16e3409dfe8376ad2b2c0d7cb75754fd7483db51a25d26a22e30f4ab745445d2
20221123.0,965346.02808426,Main,Baseline portfolio,16e3409dfe8376ad2b2c0d7cb75754fd7483db51a25d26a22e30f4ab745445d2
20221124.0,962856.1926158378,Main,Baseline portfolio,16e3409dfe8376ad2b2c0d7cb75754fd7483db51a25d26a22e30f4ab745445d2
20221125.0,968504.593435378,Main,Baseline portfolio,16e3409dfe8376ad2b2c0d7cb75754fd7483db51a25d26a22e30f4ab745445d2
20221128.0,974524.9920685866,Main,Baseline portfolio,16e3409dfe8376ad2b2c0d7cb75754fd7483db51a25d26a22e30f4ab745445d2
20221129.0,977402.5769942673,Main,Baseline portfolio,16e3409dfe8376ad2b2c0d7cb75754fd7483db51a25d26a22e30f4ab745445d2
20221130.0,983834.5244442205,Main,Baseline portfolio,16e3409dfe8376ad2b2c0d7cb75754fd7483db51a25d26a22e30f4ab745445d2
20221201.0,981414.9651933273,Main,Baseline portfolio,16e3409dfe8376ad2b2c0d7cb75754fd7483db51a25d26a22e30f4ab745445d2
20221202.0,984344.77559712,Main,Baseline portfolio,16e3409dfe8376ad2b2c0d7cb75754fd7483db51a25d26a22e30f4ab745445d2
20221205.0,990332.3150636144,Main,Baseline portfolio,16e3409dfe8376ad2b2c0d7cb75754fd7483db51a25d26a22e30f4ab745445d2
20221206.0,989087.1102848437,Main,Baseline portfolio,16e3409dfe8376ad2b2c0d7cb75754fd7483db51a25d26a22e30f4ab745445d2
20221207.0,995211.7975678953,Main,Baseline portfolio,16e3409dfe8376ad2b2c0d7cb75754fd7483db51a25d26a22e30f4ab745445d2
20221208.0,992472.3787136385,Main,Baseline portfolio,16e3409dfe8376ad2b2c0d7cb75754fd7483db51a25d26a22e30f4ab745445d2
20221209.0,980167.070863776,Main,Baseline portfolio,16e3409dfe8376ad2b2c0d7cb75754fd7483db51a25d26a22e30f4ab745445d2
20221212.0,974795.47345281,Main,Baseline portfolio,16e3409dfe8376ad2b2c0d7cb75754fd7483db51a25d26a22e30f4ab745445d2
20221213.0,983847.9315970719,Main,Baseline portfolio,16e3409dfe8376ad2b2c0d7cb75754fd7483db51a25d26a22e30f4ab745445d2
20221214.0,978039.2813526131,Main,Baseline portfolio,16e3409dfe8376ad2b2c0d7cb75754fd7483db51a25d26a22e30f4ab745445d2
20221215.0,962506.3531942397,Main,Baseline portfolio,16e3409dfe8376ad2b2c0d7cb75754fd7483db51a25d26a22e30f4ab745445d2
20221216.0,949795.2809548972,Main,Baseline portfolio,16e3409dfe8376ad2b2c0d7cb75754fd7483db51a25d26a22e30f4ab745445d2
20221219.0,939748.5936914312,Main,Baseline portfolio,16e3409dfe8376ad2b2c0d7cb75754fd7483db51a25d26a22e30f4ab745445d2
20221220.0,942097.7220494557,Main,Baseline portfolio,16e3409dfe8376ad2b2c0d7cb75754fd7483db51a25d26a22e30f4ab745445d2
20221221.0,943652.6555392083,Main,Baseline portfolio,16e3409dfe8376ad2b2c0d7cb75754fd7483db51a25d26a22e30f4ab745445d2
20221222.0,933945.3498441828,Main,Baseline portfolio,16e3409dfe8376ad2b2c0d7cb75754fd7483db51a25d26a22e30f4ab745445d2
20221223.0,954178.3122620973,Main,Baseline portfolio,16e3409dfe8376ad2b2c0d7cb75754fd7483db51a25d26a22e30f4ab745445d2
20221226.0,963493.6997988794,Main,Baseline portfolio,16e3409dfe8376ad2b2c0d7cb75754fd7483db51a25d26a22e30f4ab745445d2
20221227.0,959305.0634029686,Main,Baseline portfolio,16e3409dfe8376ad2b2c0d7cb75754fd7483db51a25d26a22e30f4ab745445d2
20221228.0,960269.9366883275,Main,Baseline portfolio,16e3409dfe8376ad2b2c0d7cb75754fd7483db51a25d26a22e30f4ab745445d2
20221229.0,964599.124345289,Main,Baseline portfolio,16e3409dfe8376ad2b2c0d7cb75754fd7483db51a25d26a22e30f4ab745445d2
20221230.0,968068.2510714134,Main,Baseline portfolio,16e3409dfe8376ad2b2c0d7cb75754fd7483db51a25d26a22e30f4ab745445d2
20230103.0,970238.8880977306,Main,Baseline portfolio,16e3409dfe8376ad2b2c0d7cb75754fd7483db51a25d26a22e30f4ab745445d2
20230104.0,987491.8897878492,Main,Baseline portfolio,16e3409dfe8376ad2b2c0d7cb75754fd7483db51a25d26a22e30f4ab745445d2
20230105.0,991801.5094978173,Main,Baseline portfolio,16e3409dfe8376ad2b2c0d7cb75754fd7483db51a25d26a22e30f4ab745445d2
20230106.0,988751.7011626551,Main,Baseline portfolio,16e3409dfe8376ad2b2c0d7cb75754fd7483db51a25d26a22e30f4ab745445d2
20230109.0,998058.3331555286,Main,Baseline portfolio,16e3409dfe8376ad2b2c0d7cb75754fd7483db51a25d26a22e30f4ab745445d2
20230110.0,988437.5299137007,Main,Baseline portfolio,16e3409dfe8376ad2b2c0d7cb75754fd7483db51a25d26a22e30f4ab745445d2
20230111.0,985891.8294495568,Main,Baseline portfolio,16e3409dfe8376ad2b2c0d7cb75754fd7483db51a25d26a22e30f4ab745445d2
20230112.0,984954.094104325,Main,Baseline portfolio,16e3409dfe8376ad2b2c0d7cb75754fd7483db51a25d26a22e30f4ab745445d2
20230113.0,986868.9617095279,Main,Baseline portfolio,16e3409dfe8376ad2b2c0d7cb75754fd7483db51a25d26a22e30f4ab745445d2
20230116.0,988936.0706464687,Main,Baseline portfolio,16e3409dfe8376ad2b2c0d7cb75754fd7483db51a25d26a22e30f4ab745445d2
20230117.0,982685.9165189978,Main,Baseline portfolio,16e3409dfe8376ad2b2c0d7cb75754fd7483db51a25d26a22e30f4ab745445d2
20230118.0,983820.061076964,Main,Baseline portfolio,16e3409dfe8376ad2b2c0d7cb75754fd7483db51a25d26a22e30f4ab745445d2
20230119.0,986790.6147851447,Main,Baseline portfolio,16e3409dfe8376ad2b2c0d7cb75754fd7483db51a25d26a22e30f4ab745445d2
20230120.0,988872.5221703297,Main,Baseline portfolio,16e3409dfe8376ad2b2c0d7cb75754fd7483db51a25d26a22e30f4ab745445d2
20230130.0,993410.0209210302,Main,Baseline portfolio,16e3409dfe8376ad2b2c0d7cb75754fd7483db51a25d26a22e30f4ab745445d2
20230131.0,999565.2456753477,Main,Baseline portfolio,16e3409dfe8376ad2b2c0d7cb75754fd7483db51a25d26a22e30f4ab745445d2
20230201.0,1000031.1799462746,Main,Baseline portfolio,16e3409dfe8376ad2b2c0d7cb75754fd7483db51a25d26a22e30f4ab745445d2
20230202.0,996750.0361977656,Main,Baseline portfolio,16e3409dfe8376ad2b2c0d7cb75754fd7483db51a25d26a22e30f4ab745445d2
20230203.0,987654.0528431662,Main,Baseline portfolio,16e3409dfe8376ad2b2c0d7cb75754fd7483db51a25d26a22e30f4ab745445d2
20230206.0,991411.3391415717,Main,Baseline portfolio,16e3409dfe8376ad2b2c0d7cb75754fd7483db51a25d26a22e30f4ab745445d2
20230207.0,984284.764304369,Main,Baseline portfolio,16e3409dfe8376ad2b2c0d7cb75754fd7483db51a25d26a22e30f4ab745445d2
20230208.0,998398.5398547864,Main,Baseline portfolio,16e3409dfe8376ad2b2c0d7cb75754fd7483db51a25d26a22e30f4ab745445d2
20230209.0,998610.1087183941,Main,Baseline portfolio,16e3409dfe8376ad2b2c0d7cb75754fd7483db51a25d26a22e30f4ab745445d2
20230210.0,1008073.289276743,Main,Baseline portfolio,16e3409dfe8376ad2b2c0d7cb75754fd7483db51a25d26a22e30f4ab745445d2
20230213.0,1011468.2379751374,Main,Baseline portfolio,16e3409dfe8376ad2b2c0d7cb75754fd7483db51a25d26a22e30f4ab745445d2
20230214.0,1007066.4420348088,Main,Baseline portfolio,16e3409dfe8376ad2b2c0d7cb75754fd7483db51a25d26a22e30f4ab745445d2
20230215.0,986916.2414901,Main,Baseline portfolio,16e3409dfe8376ad2b2c0d7cb75754fd7483db51a25d26a22e30f4ab745445d2
20230216.0,978810.946157963,Main,Baseline portfolio,16e3409dfe8376ad2b2c0d7cb75754fd7483db51a25d26a22e30f4ab745445d2
20230217.0,997951.9204346443,Main,Baseline portfolio,16e3409dfe8376ad2b2c0d7cb75754fd7483db51a25d26a22e30f4ab745445d2
20230220.0,1012743.3369675123,Main,Baseline portfolio,16e3409dfe8376ad2b2c0d7cb75754fd7483db51a25d26a22e30f4ab745445d2
20230221.0,1014910.6114438924,Main,Baseline portfolio,16e3409dfe8376ad2b2c0d7cb75754fd7483db51a25d26a22e30f4ab745445d2
20230222.0,1000905.8722251152,Main,Baseline portfolio,16e3409dfe8376ad2b2c0d7cb75754fd7483db51a25d26a22e30f4ab745445d2
20230223.0,998950.2559346614,Main,Baseline portfolio,16e3409dfe8376ad2b2c0d7cb75754fd7483db51a25d26a22e30f4ab745445d2
20230224.0,993483.4062009536,Main,Baseline portfolio,16e3409dfe8376ad2b2c0d7cb75754fd7483db51a25d26a22e30f4ab745445d2
20230227.0,1001574.341478395,Main,Baseline portfolio,16e3409dfe8376ad2b2c0d7cb75754fd7483db51a25d26a22e30f4ab745445d2
20230228.0,1004054.7391095351,Main,Baseline portfolio,16e3409dfe8376ad2b2c0d7cb75754fd7483db51a25d26a22e30f4ab745445d2
20230301.0,1000672.9060190738,Main,Baseline portfolio,16e3409dfe8376ad2b2c0d7cb75754fd7483db51a25d26a22e30f4ab745445d2
20230302.0,993502.6066839511,Main,Baseline portfolio,16e3409dfe8376ad2b2c0d7cb75754fd7483db51a25d26a22e30f4ab745445d2
20230303.0,1003825.7122818992,Main,Baseline portfolio,16e3409dfe8376ad2b2c0d7cb75754fd7483db51a25d26a22e30f4ab745445d2
20211207.0,1000000.0,Main,No ESG,16e3409dfe8376ad2b2c0d7cb75754fd7483db51a25d26a22e30f4ab745445d2
20211208.0,1004376.5806647533,Main,No ESG,16e3409dfe8376ad2b2c0d7cb75754fd7483db51a25d26a22e30f4ab745445d2
20211209.0,1077176.04659793,Main,No ESG,16e3409dfe8376ad2b2c0d7cb75754fd7483db51a25d26a22e30f4ab745445d2
20211210.0,1092119.4576650588,Main,No ESG,16e3409dfe8376ad2b2c0d7cb75754fd7483db51a25d26a22e30f4ab745445d2
20211213.0,1058455.4778268265,Main,No ESG,16e3409dfe8376ad2b2c0d7cb75754fd7483db51a25d26a22e30f4ab745445d2
20211214.0,1118154.4744311082,Main,No ESG,16e3409dfe8376ad2b2c0d7cb75754fd7483db51a25d26a22e30f4ab745445d2
20211215.0,1118154.4744311082,Main,No ESG,16e3409dfe8376ad2b2c0d7cb75754fd7483db51a25d26a22e30f4ab745445d2
20211216.0,1118154.4744311082,Main,No ESG,16e3409dfe8376ad2b2c0d7cb75754fd7483db51a25d26a22e30f4ab745445d2
20211217.0,1106838.995181109,Main,No ESG,16e3409dfe8376ad2b2c0d7cb75754fd7483db51a25d26a22e30f4ab745445d2
20211220.0,1160414.6510820834,Main,No ESG,16e3409dfe8376ad2b2c0d7cb75754fd7483db51a25d26a22e30f4ab745445d2
20211221.0,1149063.5510532898,Main,No ESG,16e3409dfe8376ad2b2c0d7cb75754fd7483db51a25d26a22e30f4ab745445d2
20211222.0,1189104.3426316462,Main,No ESG,16e3409dfe8376ad2b2c0d7cb75754fd7483db51a25d26a22e30f4ab745445d2
20211223.0,1205657.8020035871,Main,No ESG,16e3409dfe8376ad2b2c0d7cb75754fd7483db51a25d26a22e30f4ab745445d2
20211224.0,1225491.6893821582,Main,No ESG,16e3409dfe8376ad2b2c0d7cb75754fd7483db51a25d26a22e30f4ab745445d2
20211227.0,1189242.6369607744,Main,No ESG,16e3409dfe8376ad2b2c0d7cb75754fd7483db51a25d26a22e30f4ab745445d2
20211228.0,1232825.7183297612,Main,No ESG,16e3409dfe8376ad2b2c0d7cb75754fd7483db51a25d26a22e30f4ab745445d2
20211229.0,1248424.8670372397,Main,No ESG,16e3409dfe8376ad2b2c0d7cb75754fd7483db51a25d26a22e30f4ab745445d2
20211230.0,1245089.3378458736,Main,No ESG,16e3409dfe8376ad2b2c0d7cb75754fd7483db51a25d26a22e30f4ab745445d2
20211231.0,1243869.9395814268,Main,No ESG,16e3409dfe8376ad2b2c0d7cb75754fd7483db51a25d26a22e30f4ab745445d2
20220104.0,1225755.7392211724,Main,No ESG,16e3409dfe8376ad2b2c0d7cb75754fd7483db51a25d26a22e30f4ab745445d2
20220105.0,1199030.6684686309,Main,No ESG,16e3409dfe8376ad2b2c0d7cb75754fd7483db51a25d26a22e30f4ab745445d2
20220106.0,1182817.7736979495,Main,No ESG,16e3409dfe8376ad2b2c0d7cb75754fd7483db51a25d26a22e30f4ab745445d2
20220107.0,1216343.6045292513,Main,No ESG,16e3409dfe8376ad2b2c0d7cb75754fd7483db51a25d26a22e30f4ab745445d2
20220110.0,1201649.5536737419,Main,No ESG,16e3409dfe8376ad2b2c0d7cb75754fd7483db51a25d26a22e30f4ab745445d2
20220111.0,1215158.343905258,Main,No ESG,16e3409dfe8376ad2b2c0d7cb75754fd7483db51a25d26a22e30f4ab745445d2
20220112.0,1214603.919215115,Main,No ESG,16e3409dfe8376ad2b2c0d7cb75754fd7483db51a25d26a22e30f4ab745445d2
20220113.0,1194989.461420946,Main,No ESG,16e3409dfe8376ad2b2c0d7cb75754fd7483db51a25d26a22e30f4ab745445d2
20220114.0,1312086.6872439748,Main,No ESG,16e3409dfe8376ad2b2c0d7cb75754fd7483db51a25d26a22e30f4ab745445d2
20220117.0,1265277.4022659285,Main,No ESG,16e3409dfe8376ad2b2c0d7cb75754fd7483db51a25d26a22e30f4ab745445d2
20220118.0,1264601.1593365704,Main,No ESG,16e3409dfe8376ad2b2c0d7cb75754fd7483db51a25d26a22e30f4ab745445d2
20220119.0,1234907.8487163773,Main,No ESG,16e3409dfe8376ad2b2c0d7cb75754fd7483db51a25d26a22e30f4ab745445d2
20220120.0,1166946.4643501015,Main,No ESG,16e3409dfe8376ad2b2c0d7cb75754fd7483db51a25d26a22e30f4ab745445d2
20220121.0,1184734.2728372212,Main,No ESG,16e3409dfe8376ad2b2c0d7cb75754fd7483db51a25d26a22e30f4ab745445d2
20220124.0,1143941.6926790948,Main,No ESG,16e3409dfe8376ad2b2c0d7cb75754fd7483db51a25d26a22e30f4ab745445d2
20220125.0,1141103.4191979365,Main,No ESG,16e3409dfe8376ad2b2c0d7cb75754fd7483db51a25d26a22e30f4ab745445d2
20220126.0,1148878.483085817,Main,No ESG,16e3409dfe8376ad2b2c0d7cb75754fd7483db51a25d26a22e30f4ab745445d2
20220127.0,1135556.917078269,Main,No ESG,16e3409dfe8376ad2b2c0d7cb75754fd7483db51a25d26a22e30f4ab745445d2
20220128.0,1154945.1293104351,Main,No ESG,16e3409dfe8376ad2b2c0d7cb75754fd7483db51a25d26a22e30f4ab745445d2
20220207.0,1176945.8659545002,Main,No ESG,16e3409dfe8376ad2b2c0d7cb75754fd7483db51a25d26a22e30f4ab745445d2
20220208.0,1232368.733906798,Main,No ESG,16e3409dfe8376ad2b2c0d7cb75754fd7483db51a25d26a22e30f4ab745445d2
20220209.0,1208963.366391759,Main,No ESG,16e3409dfe8376ad2b2c0d7cb75754fd7483db51a25d26a22e30f4ab745445d2
20220210.0,1204975.8908150897,Main,No ESG,16e3409dfe8376ad2b2c0d7cb75754fd7483db51a25d26a22e30f4ab745445d2
20220216.0,1191436.5081311315,Main,No ESG,16e3409dfe8376ad2b2c0d7cb75754fd7483db51a25d26a22e30f4ab745445d2
20220217.0,1191436.5081311315,Main,No ESG,16e3409dfe8376ad2b2c0d7cb75754fd7483db51a25d26a22e30f4ab745445d2
20220218.0,1198638.0978374195,Main,No ESG,16e3409dfe8376ad2b2c0d7cb75754fd7483db51a25d26a22e30f4ab745445d2
20220221.0,1220499.6435530295,Main,No ESG,16e3409dfe8376ad2b2c0d7cb75754fd7483db51a25d26a22e30f4ab745445d2
20220222.0,1250281.7747637029,Main,No ESG,16e3409dfe8376ad2b2c0d7cb75754fd7483db51a25d26a22e30f4ab745445d2
20220223.0,1227903.6523207745,Main,No ESG,16e3409dfe8376ad2b2c0d7cb75754fd7483db51a25d26a22e30f4ab745445d2
20220224.0,1209453.2216656283,Main,No ESG,16e3409dfe8376ad2b2c0d7cb75754fd7483db51a25d26a22e30f4ab745445d2
20220225.0,1204481.8338772662,Main,No ESG,16e3409dfe8376ad2b2c0d7cb75754fd7483db51a25d26a22e30f4ab745445d2
20220228.0,1218953.8425187592,Main,No ESG,16e3409dfe8376ad2b2c0d7cb75754fd7483db51a25d26a22e30f4ab745445d2
20220301.0,1218218.9037853114,Main,No ESG,16e3409dfe8376ad2b2c0d7cb75754fd7483db51a25d26a22e30f4ab745445d2
20220302.0,1191380.784745492,Main,No ESG,16e3409dfe8376ad2b2c0d7cb75754fd7483db51a25d26a22e30f4ab745445d2
20220303.0,1176754.1474409662,Main,No ESG,16e3409dfe8376ad2b2c0d7cb75754fd7483db51a25d26a22e30f4ab745445d2
20220304.0,1144674.4990296995,Main,No ESG,16e3409dfe8376ad2b2c0d7cb75754fd7483db51a25d26a22e30f4ab745445d2
20220307.0,1173688.0572934716,Main,No ESG,16e3409dfe8376ad2b2c0d7cb75754fd7483db51a25d26a22e30f4ab745445d2
20220308.0,1173688.0572934716,Main,No ESG,16e3409dfe8376ad2b2c0d7cb75754fd7483db51a25d26a22e30f4ab745445d2
20220309.0,1173688.0572934716,Main,No ESG,16e3409dfe8376ad2b2c0d7cb75754fd7483db51a25d26a22e30f4ab745445d2
20220310.0,1169079.2078727193,Main,No ESG,16e3409dfe8376ad2b2c0d7cb75754fd7483db51a25d26a22e30f4ab745445d2
20220311.0,1143442.3644187688,Main,No ESG,16e3409dfe8376ad2b2c0d7cb75754fd7483db51a25d26a22e30f4ab745445d2
20220314.0,1117313.6462374213,Main,No ESG,16e3409dfe8376ad2b2c0d7cb75754fd7483db51a25d26a22e30f4ab745445d2
20220315.0,1117313.6462374213,Main,No ESG,16e3409dfe8376ad2b2c0d7cb75754fd7483db51a25d26a22e30f4ab745445d2
20220316.0,1117313.6462374213,Main,No ESG,16e3409dfe8376ad2b2c0d7cb75754fd7483db51a25d26a22e30f4ab745445d2
20220317.0,1110160.0905200725,Main,No ESG,16e3409dfe8376ad2b2c0d7cb75754fd7483db51a25d26a22e30f4ab745445d2
20220318.0,1084885.188493334,Main,No ESG,16e3409dfe8376ad2b2c0d7cb75754fd7483db51a25d26a22e30f4ab745445d2
20220321.0,1077630.4440480252,Main,No ESG,16e3409dfe8376ad2b2c0d7cb75754fd7483db51a25d26a22e30f4ab745445d2
20220322.0,1104297.6668578885,Main,No ESG,16e3409dfe8376ad2b2c0d7cb75754fd7483db51a25d26a22e30f4ab745445d2
20220323.0,1104297.6668578885,Main,No ESG,16e3409dfe8376ad2b2c0d7cb75754fd7483db51a25d26a22e30f4ab745445d2
20220324.0,1104297.6668578885,Main,No ESG,16e3409dfe8376ad2b2c0d7cb75754fd7483db51a25d26a22e30f4ab745445d2
20220325.0,1104297.6668578885,Main,No ESG,16e3409dfe8376ad2b2c0d7cb75754fd7483db51a25d26a22e30f4ab745445d2
20220328.0,1102009.9521199812,Main,No ESG,16e3409dfe8376ad2b2c0d7cb75754fd7483db51a25d26a22e30f4ab745445d2
20220329.0,1129106.0006261708,Main,No ESG,16e3409dfe8376ad2b2c0d7cb75754fd7483db51a25d26a22e30f4ab745445d2
20220330.0,1082300.8987877076,Main,No ESG,16e3409dfe8376ad2b2c0d7cb75754fd7483db51a25d26a22e30f4ab745445d2
20220331.0,1114098.7072284976,Main,No ESG,16e3409dfe8376ad2b2c0d7cb75754fd7483db51a25d26a22e30f4ab745445d2
20220401.0,1114098.7072284976,Main,No ESG,16e3409dfe8376ad2b2c0d7cb75754fd7483db51a25d26a22e30f4ab745445d2
20220406.0,1114098.7072284976,Main,No ESG,16e3409dfe8376ad2b2c0d7cb75754fd7483db51a25d26a22e30f4ab745445d2
20220407.0,1089468.1685816646,Main,No ESG,16e3409dfe8376ad2b2c0d7cb75754fd7483db51a25d26a22e30f4ab745445d2
20220408.0,1037233.2423995672,Main,No ESG,16e3409dfe8376ad2b2c0d7cb75754fd7483db51a25d26a22e30f4ab745445d2
20220411.0,1005602.4488874163,Main,No ESG,16e3409dfe8376ad2b2c0d7cb75754fd7483db51a25d26a22e30f4ab745445d2
20220412.0,1019428.3923834717,Main,No ESG,16e3409dfe8376ad2b2c0d7cb75754fd7483db51a25d26a22e30f4ab745445d2
20220413.0,1019428.3923834717,Main,No ESG,16e3409dfe8376ad2b2c0d7cb75754fd7483db51a25d26a22e30f4ab745445d2
20220414.0,1019428.3923834717,Main,No ESG,16e3409dfe8376ad2b2c0d7cb75754fd7483db51a25d26a22e30f4ab745445d2
20220415.0,1006738.7925935342,Main,No ESG,16e3409dfe8376ad2b2c0d7cb75754fd7483db51a25d26a22e30f4ab745445d2
20220418.0,993683.6363505065,Main,No ESG,16e3409dfe8376ad2b2c0d7cb75754fd7483db51a25d26a22e30f4ab745445d2
20220419.0,1000696.3292902304,Main,No ESG,16e3409dfe8376ad2b2c0d7cb75754fd7483db51a25d26a22e30f4ab745445d2
20220420.0,1057072.0406183787,Main,No ESG,16e3409dfe8376ad2b2c0d7cb75754fd7483db51a25d26a22e30f4ab745445d2
20220421.0,1051920.4455780184,Main,No ESG,16e3409dfe8376ad2b2c0d7cb75754fd7483db51a25d26a22e30f4ab745445d2
20220422.0,999941.7573990826,Main,No ESG,16e3409dfe8376ad2b2c0d7cb75754fd7483db51a25d26a22e30f4ab745445d2
20220425.0,984419.43440571,Main,No ESG,16e3409dfe8376ad2b2c0d7cb75754fd7483db51a25d26a22e30f4ab745445d2
20220426.0,1017813.943599675,Main,No ESG,16e3409dfe8376ad2b2c0d7cb75754fd7483db51a25d26a22e30f4ab745445d2
20220427.0,1018160.6490791644,Main,No ESG,16e3409dfe8376ad2b2c0d7cb75754fd7483db51a25d26a22e30f4ab745445d2
20220428.0,1086948.549829634,Main,No ESG,16e3409dfe8376ad2b2c0d7cb75754fd7483db51a25d26a22e30f4ab745445d2
20220429.0,1135071.8821030653,Main,No ESG,16e3409dfe8376ad2b2c0d7cb75754fd7483db51a25d26a22e30f4ab745445d2
20220505.0,1141417.6067801588,Main,No ESG,16e3409dfe8376ad2b2c0d7cb75754fd7483db51a25d26a22e30f4ab745445d2
20220506.0,1141417.6067801588,Main,No ESG,16e3409dfe8376ad2b2c0d7cb75754fd7483db51a25d26a22e30f4ab745445d2
20220509.0,1127355.1118324145,Main,No ESG,16e3409dfe8376ad2b2c0d7cb75754fd7483db51a25d26a22e30f4ab745445d2
20220510.0,1157829.99792237,Main,No ESG,16e3409dfe8376ad2b2c0d7cb75754fd7483db51a25d26a22e30f4ab745445d2
20220511.0,1166315.076251335,Main,No ESG,16e3409dfe8376ad2b2c0d7cb75754fd7483db51a25d26a22e30f4ab745445d2
20220512.0,1184455.0253870147,Main,No ESG,16e3409dfe8376ad2b2c0d7cb75754fd7483db51a25d26a22e30f4ab745445d2
20220513.0,1176977.468629008,Main,No ESG,16e3409dfe8376ad2b2c0d7cb75754fd7483db51a25d26a22e30f4ab745445d2
20220516.0,1176977.468629008,Main,No ESG,16e3409dfe8376ad2b2c0d7cb75754fd7483db51a25d26a22e30f4ab745445d2
20220517.0,1233197.0902463428,Main,No ESG,16e3409dfe8376ad2b2c0d7cb75754fd7483db51a25d26a22e30f4ab745445d2
20220518.0,1229386.42859387,Main,No ESG,16e3409dfe8376ad2b2c0d7cb75754fd7483db51a25d26a22e30f4ab745445d2
20220519.0,1234063.502081095,Main,No ESG,16e3409dfe8376ad2b2c0d7cb75754fd7483db51a25d26a22e30f4ab745445d2
20220520.0,1289781.7698428077,Main,No ESG,16e3409dfe8376ad2b2c0d7cb75754fd7483db51a25d26a22e30f4ab745445d2
20220523.0,1289781.7698428077,Main,No ESG,16e3409dfe8376ad2b2c0d7cb75754fd7483db51a25d26a22e30f4ab745445d2
20220524.0,1289781.7698428077,Main,No ESG,16e3409dfe8376ad2b2c0d7cb75754fd7483db51a25d26a22e30f4ab745445d2
20220525.0,1303458.9893931062,Main,No ESG,16e3409dfe8376ad2b2c0d7cb75754fd7483db51a25d26a22e30f4ab745445d2
20220526.0,1325848.083711498,Main,No ESG,16e3409dfe8376ad2b2c0d7cb75754fd7483db51a25d26a22e30f4ab745445d2
20220527.0,1309065.028937444,Main,No ESG,16e3409dfe8376ad2b2c0d7cb75754fd7483db51a25d26a22e30f4ab745445d2
20220530.0,1309065.028937444,Main,No ESG,16e3409dfe8376ad2b2c0d7cb75754fd7483db51a25d26a22e30f4ab745445d2
20220531.0,1309065.028937444,Main,No ESG,16e3409dfe8376ad2b2c0d7cb75754fd7483db51a25d26a22e30f4ab745445d2
20220601.0,1309065.028937444,Main,No ESG,16e3409dfe8376ad2b2c0d7cb75754fd7483db51a25d26a22e30f4ab745445d2
20220602.0,1340765.0297935966,Main,No ESG,16e3409dfe8376ad2b2c0d7cb75754fd7483db51a25d26a22e30f4ab745445d2
20220606.0,1357114.7455620856,Main,No ESG,16e3409dfe8376ad2b2c0d7cb75754fd7483db51a25d26a22e30f4ab745445d2
20220607.0,1398437.3196389114,Main,No ESG,16e3409dfe8376ad2b2c0d7cb75754fd7483db51a25d26a22e30f4ab745445d2
20220608.0,1398437.3196389114,Main,No ESG,16e3409dfe8376ad2b2c0d7cb75754fd7483db51a25d26a22e30f4ab745445d2
20220609.0,1394024.0025726024,Main,No ESG,16e3409dfe8376ad2b2c0d7cb75754fd7483db51a25d26a22e30f4ab745445d2
20220610.0,1490405.7295899002,Main,No ESG,16e3409dfe8376ad2b2c0d7cb75754fd7483db51a25d26a22e30f4ab745445d2
20220613.0,1517885.1679702138,Main,No ESG,16e3409dfe8376ad2b2c0d7cb75754fd7483db51a25d26a22e30f4ab745445d2
20220614.0,1498538.5571146929,Main,No ESG,16e3409dfe8376ad2b2c0d7cb75754fd7483db51a25d26a22e30f4ab745445d2
20220615.0,1544255.3475519435,Main,No ESG,16e3409dfe8376ad2b2c0d7cb75754fd7483db51a25d26a22e30f4ab745445d2
20220616.0,1532887.1222877959,Main,No ESG,16e3409dfe8376ad2b2c0d7cb75754fd7483db51a25d26a22e30f4ab745445d2
20220617.0,1537766.3962092865,Main,No ESG,16e3409dfe8376ad2b2c0d7cb75754fd7483db51a25d26a22e30f4ab745445d2
20220620.0,1583844.0323622085,Main,No ESG,16e3409dfe8376ad2b2c0d7cb75754fd7483db51a25d26a22e30f4ab745445d2
20220621.0,1583844.0323622085,Main,No ESG,16e3409dfe8376ad2b2c0d7cb75754fd7483db51a25d26a22e30f4ab745445d2
20220622.0,1591474.5069041215,Main,No ESG,16e3409dfe8376ad2b2c0d7cb75754fd7483db51a25d26a22e30f4ab745445d2
20220623.0,1628286.2889761769,Main,No ESG,16e3409dfe8376ad2b2c0d7cb75754fd7483db51a25d26a22e30f4ab745445d2
20220624.0,1661800.1419695625,Main,No ESG,16e3409dfe8376ad2b2c0d7cb75754fd7483db51a25d26a22e30f4ab745445d2
20220627.0,1640139.2185505677,Main,No ESG,16e3409dfe8376ad2b2c0d7cb75754fd7483db51a25d26a22e30f4ab745445d2
20220628.0,1583731.9961791532,Main,No ESG,16e3409dfe8376ad2b2c0d7cb75754fd7483db51a25d26a22e30f4ab745445d2
20220629.0,1571585.5499412096,Main,No ESG,16e3409dfe8376ad2b2c0d7cb75754fd7483db51a25d26a22e30f4ab745445d2
20220630.0,1587667.6732582531,Main,No ESG,16e3409dfe8376ad2b2c0d7cb75754fd7483db51a25d26a22e30f4ab745445d2
20220701.0,1653260.0222885858,Main,No ESG,16e3409dfe8376ad2b2c0d7cb75754fd7483db51a25d26a22e30f4ab745445d2
20220704.0,1603362.6435793936,Main,No ESG,16e3409dfe8376ad2b2c0d7cb75754fd7483db51a25d26a22e30f4ab745445d2
20220705.0,1597633.466405007,Main,No ESG,16e3409dfe8376ad2b2c0d7cb75754fd7483db51a25d26a22e30f4ab745445d2
20220706.0,1547544.49360265,Main,No ESG,16e3409dfe8376ad2b2c0d7cb75754fd7483db51a25d26a22e30f4ab745445d2
20220707.0,1547544.49360265,Main,No ESG,16e3409dfe8376ad2b2c0d7cb75754fd7483db51a25d26a22e30f4ab745445d2
20220708.0,1569167.2728670195,Main,No ESG,16e3409dfe8376ad2b2c0d7cb75754fd7483db51a25d26a22e30f4ab745445d2
20220711.0,1602072.5697907857,Main,No ESG,16e3409dfe8376ad2b2c0d7cb75754fd7483db51a25d26a22e30f4ab745445d2
20220712.0,1696147.35783547,Main,No ESG,16e3409dfe8376ad2b2c0d7cb75754fd7483db51a25d26a22e30f4ab745445d2
20220713.0,1753051.5199131314,Main,No ESG,16e3409dfe8376ad2b2c0d7cb75754fd7483db51a25d26a22e30f4ab745445d2
20220714.0,1925057.6194762704,Main,No ESG,16e3409dfe8376ad2b2c0d7cb75754fd7483db51a25d26a22e30f4ab745445d2
20220715.0,1985206.4058164645,Main,No ESG,16e3409dfe8376ad2b2c0d7cb75754fd7483db51a25d26a22e30f4ab745445d2
20220718.0,2113986.133244343,Main,No ESG,16e3409dfe8376ad2b2c0d7cb75754fd7483db51a25d26a22e30f4ab745445d2
20220719.0,2050394.9214976053,Main,No ESG,16e3409dfe8376ad2b2c0d7cb75754fd7483db51a25d26a22e30f4ab745445d2
20220720.0,2038908.2277352912,Main,No ESG,16e3409dfe8376ad2b2c0d7cb75754fd7483db51a25d26a22e30f4ab745445d2
20220721.0,2049200.8277208828,Main,No ESG,16e3409dfe8376ad2b2c0d7cb75754fd7483db51a25d26a22e30f4ab745445d2
20220722.0,2049200.8277208828,Main,No ESG,16e3409dfe8376ad2b2c0d7cb75754fd7483db51a25d26a22e30f4ab745445d2
20220725.0,2149744.8257761276,Main,No ESG,16e3409dfe8376ad2b2c0d7cb75754fd7483db51a25d26a22e30f4ab745445d2
20220726.0,2211543.818184699,Main,No ESG,16e3409dfe8376ad2b2c0d7cb75754fd7483db51a25d26a22e30f4ab745445d2
20220727.0,2302792.118507245,Main,No ESG,16e3409dfe8376ad2b2c0d7cb75754fd7483db51a25d26a22e30f4ab745445d2
20220728.0,2302792.118507245,Main,No ESG,16e3409dfe8376ad2b2c0d7cb75754fd7483db51a25d26a22e30f4ab745445d2
20220729.0,2392820.6545356773,Main,No ESG,16e3409dfe8376ad2b2c0d7cb75754fd7483db51a25d26a22e30f4ab745445d2
20220801.0,2208566.229354718,Main,No ESG,16e3409dfe8376ad2b2c0d7cb75754fd7483db51a25d26a22e30f4ab745445d2
20220802.0,2219378.7002355657,Main,No ESG,16e3409dfe8376ad2b2c0d7cb75754fd7483db51a25d26a22e30f4ab745445d2
20220803.0,2219378.7002355657,Main,No ESG,16e3409dfe8376ad2b2c0d7cb75754fd7483db51a25d26a22e30f4ab745445d2
20220804.0,2219378.7002355657,Main,No ESG,16e3409dfe8376ad2b2c0d7cb75754fd7483db51a25d26a22e30f4ab745445d2
20220805.0,2259924.4578226595,Main,No ESG,16e3409dfe8376ad2b2c0d7cb75754fd7483db51a25d26a22e30f4ab745445d2
20220808.0,2285865.376137713,Main,No ESG,16e3409dfe8376ad2b2c0d7cb75754fd7483db51a25d26a22e30f4ab745445d2
20220809.0,2224337.168117777,Main,No ESG,16e3409dfe8376ad2b2c0d7cb75754fd7483db51a25d26a22e30f4ab745445d2
20220810.0,2224337.168117777,Main,No ESG,16e3409dfe8376ad2b2c0d7cb75754fd7483db51a25d26a22e30f4ab745445d2
20220811.0,2224337.168117777,Main,No ESG,16e3409dfe8376ad2b2c0d7cb75754fd7483db51a25d26a22e30f4ab745445d2
20220812.0,2224325.729764993,Main,No ESG,16e3409dfe8376ad2b2c0d7cb75754fd7483db51a25d26a22e30f4ab745445d2
20220815.0,2278184.968908452,Main,No ESG,16e3409dfe8376ad2b2c0d7cb75754fd7483db51a25d26a22e30f4ab745445d2
20220816.0,2322740.759207633,Main,No ESG,16e3409dfe8376ad2b2c0d7cb75754fd7483db51a25d26a22e30f4ab745445d2
20220817.0,2322740.759207633,Main,No ESG,16e3409dfe8376ad2b2c0d7cb75754fd7483db51a25d26a22e30f4ab745445d2
20220818.0,2322740.759207633,Main,No ESG,16e3409dfe8376ad2b2c0d7cb75754fd7483db51a25d26a22e30f4ab745445d2
20220819.0,2357863.7252727905,Main,No ESG,16e3409dfe8376ad2b2c0d7cb75754fd7483db51a25d26a22e30f4ab745445d2
20220822.0,2419134.596606201,Main,No ESG,16e3409dfe8376ad2b2c0d7cb75754fd7483db51a25d26a22e30f4ab745445d2
20220823.0,2380102.097985275,Main,No ESG,16e3409dfe8376ad2b2c0d7cb75754fd7483db51a25d26a22e30f4ab745445d2
20220824.0,2455692.782527646,Main,No ESG,16e3409dfe8376ad2b2c0d7cb75754fd7483db51a25d26a22e30f4ab745445d2
20220825.0,2455692.782527646,Main,No ESG,16e3409dfe8376ad2b2c0d7cb75754fd7483db51a25d26a22e30f4ab745445d2
20220826.0,2455692.782527646,Main,No ESG,16e3409dfe8376ad2b2c0d7cb75754fd7483db51a25d26a22e30f4ab745445d2
20220829.0,2428315.6344314204,Main,No ESG,16e3409dfe8376ad2b2c0d7cb75754fd7483db51a25d26a22e30f4ab745445d2
20220830.0,2448954.1306995116,Main,No ESG,16e3409dfe8376ad2b2c0d7cb75754fd7483db51a25d26a22e30f4ab745445d2
20220831.0,2336600.5825879322,Main,No ESG,16e3409dfe8376ad2b2c0d7cb75754fd7483db51a25d26a22e30f4ab745445d2
20220901.0,2336600.5825879322,Main,No ESG,16e3409dfe8376ad2b2c0d7cb75754fd7483db51a25d26a22e30f4ab745445d2
20220902.0,2336600.5825879322,Main,No ESG,16e3409dfe8376ad2b2c0d7cb75754fd7483db51a25d26a22e30f4ab745445d2
20220905.0,2382938.8685159325,Main,No ESG,16e3409dfe8376ad2b2c0d7cb75754fd7483db51a25d26a22e30f4ab745445d2
20220906.0,2617662.174485214,Main,No ESG,16e3409dfe8376ad2b2c0d7cb75754fd7483db51a25d26a22e30f4ab745445d2
20220907.0,2560810.8021075143,Main,No ESG,16e3409dfe8376ad2b2c0d7cb75754fd7483db51a25d26a22e30f4ab745445d2
20220908.0,2560810.8021075143,Main,No ESG,16e3409dfe8376ad2b2c0d7cb75754fd7483db51a25d26a22e30f4ab745445d2
20220909.0,2560810.8021075143,Main,No ESG,16e3409dfe8376ad2b2c0d7cb75754fd7483db51a25d26a22e30f4ab745445d2
20220913.0,2505445.352669314,Main,No ESG,16e3409dfe8376ad2b2c0d7cb75754fd7483db51a25d26a22e30f4ab745445d2
20220914.0,2439291.139779727,Main,No ESG,16e3409dfe8376ad2b2c0d7cb75754fd7483db51a25d26a22e30f4ab745445d2
20220915.0,2386730.146346746,Main,No ESG,16e3409dfe8376ad2b2c0d7cb75754fd7483db51a25d26a22e30f4ab745445d2
20220916.0,2532443.688590177,Main,No ESG,16e3409dfe8376ad2b2c0d7cb75754fd7483db51a25d26a22e30f4ab745445d2
20220919.0,2532443.688590177,Main,No ESG,16e3409dfe8376ad2b2c0d7cb75754fd7483db51a25d26a22e30f4ab745445d2
20220920.0,2487951.6161806085,Main,No ESG,16e3409dfe8376ad2b2c0d7cb75754fd7483db51a25d26a22e30f4ab745445d2
20220921.0,2509738.8342974386,Main,No ESG,16e3409dfe8376ad2b2c0d7cb75754fd7483db51a25d26a22e30f4ab745445d2
20220922.0,2590093.2861811393,Main,No ESG,16e3409dfe8376ad2b2c0d7cb75754fd7483db51a25d26a22e30f4ab745445d2
20220923.0,2518344.0320719117,Main,No ESG,16e3409dfe8376ad2b2c0d7cb75754fd7483db51a25d26a22e30f4ab745445d2
20220926.0,2543718.9151763623,Main,No ESG,16e3409dfe8376ad2b2c0d7cb75754fd7483db51a25d26a22e30f4ab745445d2
20220927.0,2469331.8593101716,Main,No ESG,16e3409dfe8376ad2b2c0d7cb75754fd7483db51a25d26a22e30f4ab745445d2
20220928.0,2360873.174830673,Main,No ESG,16e3409dfe8376ad2b2c0d7cb75754fd7483db51a25d26a22e30f4ab745445d2
20220930.0,2170628.7101157666,Main,No ESG,16e3409dfe8376ad2b2c0d7cb75754fd7483db51a25d26a22e30f4ab745445d2
20221010.0,2182907.530611138,Main,No ESG,16e3409dfe8376ad2b2c0d7cb75754fd7483db51a25d26a22e30f4ab745445d2
20221011.0,2244171.289874207,Main,No ESG,16e3409dfe8376ad2b2c0d7cb75754fd7483db51a25d26a22e30f4ab745445d2
20221012.0,2262382.337919919,Main,No ESG,16e3409dfe8376ad2b2c0d7cb75754fd7483db51a25d26a22e30f4ab745445d2
20221013.0,2291171.6067753616,Main,No ESG,16e3409dfe8376ad2b2c0d7cb75754fd7483db51a25d26a22e30f4ab745445d2
20221014.0,2294224.9199614436,Main,No ESG,16e3409dfe8376ad2b2c0d7cb75754fd7483db51a25d26a22e30f4ab745445d2
20221017.0,2297025.5190343037,Main,No ESG,16e3409dfe8376ad2b2c0d7cb75754fd7483db51a25d26a22e30f4ab745445d2
20221018.0,2265296.8420569403,Main,No ESG,16e3409dfe8376ad2b2c0d7cb75754fd7483db51a25d26a22e30f4ab745445d2
20221019.0,2317456.401492436,Main,No ESG,16e3409dfe8376ad2b2c0d7cb75754fd7483db51a25d26a22e30f4ab745445d2
20221020.0,2425103.7848317553,Main,No ESG,16e3409dfe8376ad2b2c0d7cb75754fd7483db51a25d26a22e30f4ab745445d2
20221021.0,2509356.1187301995,Main,No ESG,16e3409dfe8376ad2b2c0d7cb75754fd7483db51a25d26a22e30f4ab745445d2
20221024.0,2501129.2130618757,Main,No ESG,16e3409dfe8376ad2b2c0d7cb75754fd7483db51a25d26a22e30f4ab745445d2
20221025.0,2523353.425032592,Main,No ESG,16e3409dfe8376ad2b2c0d7cb75754fd7483db51a25d26a22e30f4ab745445d2
20221026.0,2485567.8707116847,Main,No ESG,16e3409dfe8376ad2b2c0d7cb75754fd7483db51a25d26a22e30f4ab745445d2
20221027.0,2525800.882843723,Main,No ESG,16e3409dfe8376ad2b2c0d7cb75754fd7483db51a25d26a22e30f4ab745445d2
20221028.0,2548397.3165736496,Main,No ESG,16e3409dfe8376ad2b2c0d7cb75754fd7483db51a25d26a22e30f4ab745445d2
20221031.0,2705525.1190231657,Main,No ESG,16e3409dfe8376ad2b2c0d7cb75754fd7483db51a25d26a22e30f4ab745445d2
20221101.0,2923684.515102048,Main,No ESG,16e3409dfe8376ad2b2c0d7cb75754fd7483db51a25d26a22e30f4ab745445d2
20221102.0,2901150.263026802,Main,No ESG,16e3409dfe8376ad2b2c0d7cb75754fd7483db51a25d26a22e30f4ab745445d2
20221103.0,2984031.505862781,Main,No ESG,16e3409dfe8376ad2b2c0d7cb75754fd7483db51a25d26a22e30f4ab745445d2
20221104.0,3001928.7656403664,Main,No ESG,16e3409dfe8376ad2b2c0d7cb75754fd7483db51a25d26a22e30f4ab745445d2
20221107.0,2971059.076584007,Main,No ESG,16e3409dfe8376ad2b2c0d7cb75754fd7483db51a25d26a22e30f4ab745445d2
20221108.0,2970599.388494552,Main,No ESG,16e3409dfe8376ad2b2c0d7cb75754fd7483db51a25d26a22e30f4ab745445d2
20221109.0,2931456.0194380996,Main,No ESG,16e3409dfe8376ad2b2c0d7cb75754fd7483db51a25d26a22e30f4ab745445d2
20221110.0,2944000.0273867445,Main,No ESG,16e3409dfe8376ad2b2c0d7cb75754fd7483db51a25d26a22e30f4ab745445d2
20221111.0,2846299.2314838427,Main,No ESG,16e3409dfe8376ad2b2c0d7cb75754fd7483db51a25d26a22e30f4ab745445d2
20221114.0,2876182.2550325547,Main,No ESG,16e3409dfe8376ad2b2c0d7cb75754fd7483db51a25d26a22e30f4ab745445d2
20221115.0,2971512.41745158,Main,No ESG,16e3409dfe8376ad2b2c0d7cb75754fd7483db51a25d26a22e30f4ab745445d2
20221116.0,3067956.4822433842,Main,No ESG,16e3409dfe8376ad2b2c0d7cb75754fd7483db51a25d26a22e30f4ab745445d2
20221117.0,2971686.3606927707,Main,No ESG,16e3409dfe8376ad2b2c0d7cb75754fd7483db51a25d26a22e30f4ab745445d2
20221118.0,3045859.182614609,Main,No ESG,16e3409dfe8376ad2b2c0d7cb75754fd7483db51a25d26a22e30f4ab745445d2
20221121.0,2993346.6192156575,Main,No ESG,16e3409dfe8376ad2b2c0d7cb75754fd7483db51a25d26a22e30f4ab745445d2
20221122.0,3007898.566755108,Main,No ESG,16e3409dfe8376ad2b2c0d7cb75754fd7483db51a25d26a22e30f4ab745445d2
20221123.0,3121179.582728218,Main,No ESG,16e3409dfe8376ad2b2c0d7cb75754fd7483db51a25d26a22e30f4ab745445d2
20221124.0,3086138.529347514,Main,No ESG,16e3409dfe8376ad2b2c0d7cb75754fd7483db51a25d26a22e30f4ab745445d2
20221125.0,3089008.787382576,Main,No ESG,16e3409dfe8376ad2b2c0d7cb75754fd7483db51a25d26a22e30f4ab745445d2
20221128.0,3099318.7214236944,Main,No ESG,16e3409dfe8376ad2b2c0d7cb75754fd7483db51a25d26a22e30f4ab745445d2
20221129.0,3115841.278282881,Main,No ESG,16e3409dfe8376ad2b2c0d7cb75754fd7483db51a25d26a22e30f4ab745445d2
20221130.0,3133702.485376571,Main,No ESG,16e3409dfe8376ad2b2c0d7cb75754fd7483db51a25d26a22e30f4ab745445d2
20221201.0,3151449.0970513653,Main,No ESG,16e3409dfe8376ad2b2c0d7cb75754fd7483db51a25d26a22e30f4ab745445d2
20221202.0,3277222.794500277,Main,No ESG,16e3409dfe8376ad2b2c0d7cb75754fd7483db51a25d26a22e30f4ab745445d2
20221205.0,3227951.7733841585,Main,No ESG,16e3409dfe8376ad2b2c0d7cb75754fd7483db51a25d26a22e30f4ab745445d2
20221206.0,3145164.2782248724,Main,No ESG,16e3409dfe8376ad2b2c0d7cb75754fd7483db51a25d26a22e30f4ab745445d2
20221207.0,3167484.643563879,Main,No ESG,16e3409dfe8376ad2b2c0d7cb75754fd7483db51a25d26a22e30f4ab745445d2
20221208.0,3151032.758365482,Main,No ESG,16e3409dfe8376ad2b2c0d7cb75754fd7483db51a25d26a22e30f4ab745445d2
20221209.0,3114459.887571561,Main,No ESG,16e3409dfe8376ad2b2c0d7cb75754fd7483db51a25d26a22e30f4ab745445d2
20221212.0,3065616.979211171,Main,No ESG,16e3409dfe8376ad2b2c0d7cb75754fd7483db51a25d26a22e30f4ab745445d2
20221213.0,3084463.2597072856,Main,No ESG,16e3409dfe8376ad2b2c0d7cb75754fd7483db51a25d26a22e30f4ab745445d2
20221214.0,3087370.4700964536,Main,No ESG,16e3409dfe8376ad2b2c0d7cb75754fd7483db51a25d26a22e30f4ab745445d2
20221215.0,3097577.2698554434,Main,No ESG,16e3409dfe8376ad2b2c0d7cb75754fd7483db51a25d26a22e30f4ab745445d2
20221216.0,3065217.923168258,Main,No ESG,16e3409dfe8376ad2b2c0d7cb75754fd7483db51a25d26a22e30f4ab745445d2
20221219.0,3005138.6380854677,Main,No ESG,16e3409dfe8376ad2b2c0d7cb75754fd7483db51a25d26a22e30f4ab745445d2
20221220.0,2982039.2120342394,Main,No ESG,16e3409dfe8376ad2b2c0d7cb75754fd7483db51a25d26a22e30f4ab745445d2
20221221.0,2936066.2563044564,Main,No ESG,16e3409dfe8376ad2b2c0d7cb75754fd7483db51a25d26a22e30f4ab745445d2
20221222.0,2911984.892224275,Main,No ESG,16e3409dfe8376ad2b2c0d7cb75754fd7483db51a25d26a22e30f4ab745445d2
20221223.0,3018269.402387212,Main,No ESG,16e3409dfe8376ad2b2c0d7cb75754fd7483db51a25d26a22e30f4ab745445d2
20221226.0,3047394.9931687894,Main,No ESG,16e3409dfe8376ad2b2c0d7cb75754fd7483db51a25d26a22e30f4ab745445d2
20221227.0,3017066.056826807,Main,No ESG,16e3409dfe8376ad2b2c0d7cb75754fd7483db51a25d26a22e30f4ab745445d2
20221228.0,3018808.5837000725,Main,No ESG,16e3409dfe8376ad2b2c0d7cb75754fd7483db51a25d26a22e30f4ab745445d2
20221229.0,3023402.6284838384,Main,No ESG,16e3409dfe8376ad2b2c0d7cb75754fd7483db51a25d26a22e30f4ab745445d2
20221230.0,3060477.2927652253,Main,No ESG,16e3409dfe8376ad2b2c0d7cb75754fd7483db51a25d26a22e30f4ab745445d2
20230103.0,3060446.198668878,Main,No ESG,16e3409dfe8376ad2b2c0d7cb75754fd7483db51a25d26a22e30f4ab745445d2
20230104.0,3116246.2296322933,Main,No ESG,16e3409dfe8376ad2b2c0d7cb75754fd7483db51a25d26a22e30f4ab745445d2
20230105.0,3082369.04756797,Main,No ESG,16e3409dfe8376ad2b2c0d7cb75754fd7483db51a25d26a22e30f4ab745445d2
20230106.0,3077438.6571825375,Main,No ESG,16e3409dfe8376ad2b2c0d7cb75754fd7483db51a25d26a22e30f4ab745445d2
20230109.0,3081012.744896519,Main,No ESG,16e3409dfe8376ad2b2c0d7cb75754fd7483db51a25d26a22e30f4ab745445d2
20230110.0,3067092.246774471,Main,No ESG,16e3409dfe8376ad2b2c0d7cb75754fd7483db51a25d26a22e30f4ab745445d2
20230111.0,3066905.9603591226,Main,No ESG,16e3409dfe8376ad2b2c0d7cb75754fd7483db51a25d26a22e30f4ab745445d2
20230112.0,3066905.9603591226,Main,No ESG,16e3409dfe8376ad2b2c0d7cb75754fd7483db51a25d26a22e30f4ab745445d2
20230113.0,3066905.9603591226,Main,No ESG,16e3409dfe8376ad2b2c0d7cb75754fd7483db51a25d26a22e30f4ab745445d2
20230116.0,3058573.4060473726,Main,No ESG,16e3409dfe8376ad2b2c0d7cb75754fd7483db51a25d26a22e30f4ab745445d2
20230117.0,3130718.594595494,Main,No ESG,16e3409dfe8376ad2b2c0d7cb75754fd7483db51a25d26a22e30f4ab745445d2
20230118.0,3163031.468491994,Main,No ESG,16e3409dfe8376ad2b2c0d7cb75754fd7483db51a25d26a22e30f4ab745445d2
20230119.0,3346236.8954429007,Main,No ESG,16e3409dfe8376ad2b2c0d7cb75754fd7483db51a25d26a22e30f4ab745445d2
20230120.0,3434096.141942021,Main,No ESG,16e3409dfe8376ad2b2c0d7cb75754fd7483db51a25d26a22e30f4ab745445d2
20230130.0,3538016.4483606135,Main,No ESG,16e3409dfe8376ad2b2c0d7cb75754fd7483db51a25d26a22e30f4ab745445d2
20230131.0,3657467.5196351367,Main,No ESG,16e3409dfe8376ad2b2c0d7cb75754fd7483db51a25d26a22e30f4ab745445d2
20230201.0,3730731.015195575,Main,No ESG,16e3409dfe8376ad2b2c0d7cb75754fd7483db51a25d26a22e30f4ab745445d2
20230202.0,3727277.979287377,Main,No ESG,16e3409dfe8376ad2b2c0d7cb75754fd7483db51a25d26a22e30f4ab745445d2
20230203.0,3686171.0347234947,Main,No ESG,16e3409dfe8376ad2b2c0d7cb75754fd7483db51a25d26a22e30f4ab745445d2
20230206.0,3684668.6063720854,Main,No ESG,16e3409dfe8376ad2b2c0d7cb75754fd7483db51a25d26a22e30f4ab745445d2
20230207.0,3639354.121667386,Main,No ESG,16e3409dfe8376ad2b2c0d7cb75754fd7483db51a25d26a22e30f4ab745445d2
20230208.0,3645823.829557541,Main,No ESG,16e3409dfe8376ad2b2c0d7cb75754fd7483db51a25d26a22e30f4ab745445d2
20230209.0,3598794.6066150526,Main,No ESG,16e3409dfe8376ad2b2c0d7cb75754fd7483db51a25d26a22e30f4ab745445d2
20230210.0,3721741.453482105,Main,No ESG,16e3409dfe8376ad2b2c0d7cb75754fd7483db51a25d26a22e30f4ab745445d2
20230213.0,3695237.26632843,Main,No ESG,16e3409dfe8376ad2b2c0d7cb75754fd7483db51a25d26a22e30f4ab745445d2
20230214.0,3695237.26632843,Main,No ESG,16e3409dfe8376ad2b2c0d7cb75754fd7483db51a25d26a22e30f4ab745445d2
20230215.0,3592456.512888785,Main,No ESG,16e3409dfe8376ad2b2c0d7cb75754fd7483db51a25d26a22e30f4ab745445d2
20230216.0,3592456.512888785,Main,No ESG,16e3409dfe8376ad2b2c0d7cb75754fd7483db51a25d26a22e30f4ab745445d2
20230217.0,3592456.512888785,Main,No ESG,16e3409dfe8376ad2b2c0d7cb75754fd7483db51a25d26a22e30f4ab745445d2
20230220.0,3945833.7565693744,Main,No ESG,16e3409dfe8376ad2b2c0d7cb75754fd7483db51a25d26a22e30f4ab745445d2
20230221.0,3942863.7981949155,Main,No ESG,16e3409dfe8376ad2b2c0d7cb75754fd7483db51a25d26a22e30f4ab745445d2
20230222.0,3936557.193025112,Main,No ESG,16e3409dfe8376ad2b2c0d7cb75754fd7483db51a25d26a22e30f4ab745445d2
20230223.0,4106578.8727066847,Main,No ESG,16e3409dfe8376ad2b2c0d7cb75754fd7483db51a25d26a22e30f4ab745445d2
20230224.0,4089745.817982999,Main,No ESG,16e3409dfe8376ad2b2c0d7cb75754fd7483db51a25d26a22e30f4ab745445d2
20230227.0,4116848.607279641,Main,No ESG,16e3409dfe8376ad2b2c0d7cb75754fd7483db51a25d26a22e30f4ab745445d2
20230228.0,4086746.0517176576,Main,No ESG,16e3409dfe8376ad2b2c0d7cb75754fd7483db51a25d26a22e30f4ab745445d2
20230301.0,4131542.3210312393,Main,No ESG,16e3409dfe8376ad2b2c0d7cb75754fd7483db51a25d26a22e30f4ab745445d2
20230302.0,4140864.6489823875,Main,No ESG,16e3409dfe8376ad2b2c0d7cb75754fd7483db51a25d26a22e30f4ab745445d2
20230303.0,4140864.6489823875,Main,No ESG,16e3409dfe8376ad2b2c0d7cb75754fd7483db51a25d26a22e30f4ab745445d2
20211207.0,1000000.0,Main,NS 25%,16e3409dfe8376ad2b2c0d7cb75754fd7483db51a25d26a22e30f4ab745445d2
20211208.0,1010277.4234189014,Main,NS 25%,16e3409dfe8376ad2b2c0d7cb75754fd7483db51a25d26a22e30f4ab745445d2
20211209.0,1083489.3070593758,Main,NS 25%,16e3409dfe8376ad2b2c0d7cb75754fd7483db51a25d26a22e30f4ab745445d2
20211210.0,1098397.3304257318,Main,NS 25%,16e3409dfe8376ad2b2c0d7cb75754fd7483db51a25d26a22e30f4ab745445d2
20211213.0,1098397.3304257318,Main,NS 25%,16e3409dfe8376ad2b2c0d7cb75754fd7483db51a25d26a22e30f4ab745445d2
20211214.0,1098397.3304257318,Main,NS 25%,16e3409dfe8376ad2b2c0d7cb75754fd7483db51a25d26a22e30f4ab745445d2
20211215.0,1098397.3304257318,Main,NS 25%,16e3409dfe8376ad2b2c0d7cb75754fd7483db51a25d26a22e30f4ab745445d2
20211216.0,1098397.3304257318,Main,NS 25%,16e3409dfe8376ad2b2c0d7cb75754fd7483db51a25d26a22e30f4ab745445d2
20211217.0,1087290.6940185295,Main,NS 25%,16e3409dfe8376ad2b2c0d7cb75754fd7483db51a25d26a22e30f4ab745445d2
20211220.0,1139880.383487634,Main,NS 25%,16e3409dfe8376ad2b2c0d7cb75754fd7483db51a25d26a22e30f4ab745445d2
20211221.0,1128716.8876940007,Main,NS 25%,16e3409dfe8376ad2b2c0d7cb75754fd7483db51a25d26a22e30f4ab745445d2
20211222.0,1128716.8876940007,Main,NS 25%,16e3409dfe8376ad2b2c0d7cb75754fd7483db51a25d26a22e30f4ab745445d2
20211223.0,1144291.3022978911,Main,NS 25%,16e3409dfe8376ad2b2c0d7cb75754fd7483db51a25d26a22e30f4ab745445d2
20211224.0,1183485.6626120692,Main,NS 25%,16e3409dfe8376ad2b2c0d7cb75754fd7483db51a25d26a22e30f4ab745445d2
20211227.0,1148477.76313353,Main,NS 25%,16e3409dfe8376ad2b2c0d7cb75754fd7483db51a25d26a22e30f4ab745445d2
20211228.0,1190582.2664303675,Main,NS 25%,16e3409dfe8376ad2b2c0d7cb75754fd7483db51a25d26a22e30f4ab745445d2
20211229.0,1205670.8560605159,Main,NS 25%,16e3409dfe8376ad2b2c0d7cb75754fd7483db51a25d26a22e30f4ab745445d2
20211230.0,1195885.582195421,Main,NS 25%,16e3409dfe8376ad2b2c0d7cb75754fd7483db51a25d26a22e30f4ab745445d2
20211231.0,1194865.8162305935,Main,NS 25%,16e3409dfe8376ad2b2c0d7cb75754fd7483db51a25d26a22e30f4ab745445d2
20220104.0,1179717.1600892504,Main,NS 25%,16e3409dfe8376ad2b2c0d7cb75754fd7483db51a25d26a22e30f4ab745445d2
20220105.0,1157367.3516996058,Main,NS 25%,16e3409dfe8376ad2b2c0d7cb75754fd7483db51a25d26a22e30f4ab745445d2
20220106.0,1139632.266294864,Main,NS 25%,16e3409dfe8376ad2b2c0d7cb75754fd7483db51a25d26a22e30f4ab745445d2
20220107.0,1181104.9602473497,Main,NS 25%,16e3409dfe8376ad2b2c0d7cb75754fd7483db51a25d26a22e30f4ab745445d2
20220110.0,1166645.7073907359,Main,NS 25%,16e3409dfe8376ad2b2c0d7cb75754fd7483db51a25d26a22e30f4ab745445d2
20220111.0,1179758.377025615,Main,NS 25%,16e3409dfe8376ad2b2c0d7cb75754fd7483db51a25d26a22e30f4ab745445d2
20220112.0,1179221.0096072876,Main,NS 25%,16e3409dfe8376ad2b2c0d7cb75754fd7483db51a25d26a22e30f4ab745445d2
20220113.0,1160167.7586451964,Main,NS 25%,16e3409dfe8376ad2b2c0d7cb75754fd7483db51a25d26a22e30f4ab745445d2
20220114.0,1273866.1204706305,Main,NS 25%,16e3409dfe8376ad2b2c0d7cb75754fd7483db51a25d26a22e30f4ab745445d2
20220117.0,1228485.4253513434,Main,NS 25%,16e3409dfe8376ad2b2c0d7cb75754fd7483db51a25d26a22e30f4ab745445d2
20220118.0,1227832.2073730603,Main,NS 25%,16e3409dfe8376ad2b2c0d7cb75754fd7483db51a25d26a22e30f4ab745445d2
20220119.0,1198951.3347006314,Main,NS 25%,16e3409dfe8376ad2b2c0d7cb75754fd7483db51a25d26a22e30f4ab745445d2
20220120.0,1132985.4450980602,Main,NS 25%,16e3409dfe8376ad2b2c0d7cb75754fd7483db51a25d26a22e30f4ab745445d2
20220121.0,1166986.7088257044,Main,NS 25%,16e3409dfe8376ad2b2c0d7cb75754fd7483db51a25d26a22e30f4ab745445d2
20220124.0,1126785.5525087751,Main,NS 25%,16e3409dfe8376ad2b2c0d7cb75754fd7483db51a25d26a22e30f4ab745445d2
20220125.0,1123290.7288409,Main,NS 25%,16e3409dfe8376ad2b2c0d7cb75754fd7483db51a25d26a22e30f4ab745445d2
20220126.0,1130946.9739919486,Main,NS 25%,16e3409dfe8376ad2b2c0d7cb75754fd7483db51a25d26a22e30f4ab745445d2
20220127.0,1130946.9739919486,Main,NS 25%,16e3409dfe8376ad2b2c0d7cb75754fd7483db51a25d26a22e30f4ab745445d2
20220128.0,1150273.5378740698,Main,NS 25%,16e3409dfe8376ad2b2c0d7cb75754fd7483db51a25d26a22e30f4ab745445d2
20220207.0,1150273.5378740698,Main,NS 25%,16e3409dfe8376ad2b2c0d7cb75754fd7483db51a25d26a22e30f4ab745445d2
20220208.0,1204384.2257222643,Main,NS 25%,16e3409dfe8376ad2b2c0d7cb75754fd7483db51a25d26a22e30f4ab745445d2
20220209.0,1181536.6639344522,Main,NS 25%,16e3409dfe8376ad2b2c0d7cb75754fd7483db51a25d26a22e30f4ab745445d2
20220210.0,1164773.5550450264,Main,NS 25%,16e3409dfe8376ad2b2c0d7cb75754fd7483db51a25d26a22e30f4ab745445d2
20220216.0,1151669.8884429107,Main,NS 25%,16e3409dfe8376ad2b2c0d7cb75754fd7483db51a25d26a22e30f4ab745445d2
20220217.0,1151669.8884429107,Main,NS 25%,16e3409dfe8376ad2b2c0d7cb75754fd7483db51a25d26a22e30f4ab745445d2
20220218.0,1160620.5236213268,Main,NS 25%,16e3409dfe8376ad2b2c0d7cb75754fd7483db51a25d26a22e30f4ab745445d2
20220221.0,1181840.7000778243,Main,NS 25%,16e3409dfe8376ad2b2c0d7cb75754fd7483db51a25d26a22e30f4ab745445d2
20220222.0,1218905.3235675541,Main,NS 25%,16e3409dfe8376ad2b2c0d7cb75754fd7483db51a25d26a22e30f4ab745445d2
20220223.0,1197405.1750901837,Main,NS 25%,16e3409dfe8376ad2b2c0d7cb75754fd7483db51a25d26a22e30f4ab745445d2
20220224.0,1179422.342105823,Main,NS 25%,16e3409dfe8376ad2b2c0d7cb75754fd7483db51a25d26a22e30f4ab745445d2
20220225.0,1174589.2447521125,Main,NS 25%,16e3409dfe8376ad2b2c0d7cb75754fd7483db51a25d26a22e30f4ab745445d2
20220228.0,1181023.2914479966,Main,NS 25%,16e3409dfe8376ad2b2c0d7cb75754fd7483db51a25d26a22e30f4ab745445d2
20220301.0,1182100.493586642,Main,NS 25%,16e3409dfe8376ad2b2c0d7cb75754fd7483db51a25d26a22e30f4ab745445d2
20220302.0,1156090.7958547268,Main,NS 25%,16e3409dfe8376ad2b2c0d7cb75754fd7483db51a25d26a22e30f4ab745445d2
20220303.0,1169420.5348794374,Main,NS 25%,16e3409dfe8376ad2b2c0d7cb75754fd7483db51a25d26a22e30f4ab745445d2
20220304.0,1158483.7683223018,Main,NS 25%,16e3409dfe8376ad2b2c0d7cb75754fd7483db51a25d26a22e30f4ab745445d2
20220307.0,1187912.4595778207,Main,NS 25%,16e3409dfe8376ad2b2c0d7cb75754fd7483db51a25d26a22e30f4ab745445d2
20220308.0,1187912.4595778207,Main,NS 25%,16e3409dfe8376ad2b2c0d7cb75754fd7483db51a25d26a22e30f4ab745445d2
20220309.0,1187912.4595778207,Main,NS 25%,16e3409dfe8376ad2b2c0d7cb75754fd7483db51a25d26a22e30f4ab745445d2
20220310.0,1183273.981541771,Main,NS 25%,16e3409dfe8376ad2b2c0d7cb75754fd7483db51a25d26a22e30f4ab745445d2
20220311.0,1157322.474817632,Main,NS 25%,16e3409dfe8376ad2b2c0d7cb75754fd7483db51a25d26a22e30f4ab745445d2
20220314.0,1157322.474817632,Main,NS 25%,16e3409dfe8376ad2b2c0d7cb75754fd7483db51a25d26a22e30f4ab745445d2
20220315.0,1157322.474817632,Main,NS 25%,16e3409dfe8376ad2b2c0d7cb75754fd7483db51a25d26a22e30f4ab745445d2
20220316.0,1157322.474817632,Main,NS 25%,16e3409dfe8376ad2b2c0d7cb75754fd7483db51a25d26a22e30f4ab745445d2
20220317.0,1144752.2878363403,Main,NS 25%,16e3409dfe8376ad2b2c0d7cb75754fd7483db51a25d26a22e30f4ab745445d2
20220318.0,1118548.3973628893,Main,NS 25%,16e3409dfe8376ad2b2c0d7cb75754fd7483db51a25d26a22e30f4ab745445d2
20220321.0,1111072.2349365347,Main,NS 25%,16e3409dfe8376ad2b2c0d7cb75754fd7483db51a25d26a22e30f4ab745445d2
20220322.0,1138530.7644277038,Main,NS 25%,16e3409dfe8376ad2b2c0d7cb75754fd7483db51a25d26a22e30f4ab745445d2
20220323.0,1138530.7644277038,Main,NS 25%,16e3409dfe8376ad2b2c0d7cb75754fd7483db51a25d26a22e30f4ab745445d2
20220324.0,1138530.7644277038,Main,NS 25%,16e3409dfe8376ad2b2c0d7cb75754fd7483db51a25d26a22e30f4ab745445d2
20220325.0,1138530.7644277038,Main,NS 25%,16e3409dfe8376ad2b2c0d7cb75754fd7483db51a25d26a22e30f4ab745445d2
20220328.0,1136182.8338657264,Main,NS 25%,16e3409dfe8376ad2b2c0d7cb75754fd7483db51a25d26a22e30f4ab745445d2
20220329.0,1178873.5857710235,Main,NS 25%,16e3409dfe8376ad2b2c0d7cb75754fd7483db51a25d26a22e30f4ab745445d2
20220330.0,1130019.084730511,Main,NS 25%,16e3409dfe8376ad2b2c0d7cb75754fd7483db51a25d26a22e30f4ab745445d2
20220331.0,1163297.1596683431,Main,NS 25%,16e3409dfe8376ad2b2c0d7cb75754fd7483db51a25d26a22e30f4ab745445d2
20220401.0,1163297.1596683431,Main,NS 25%,16e3409dfe8376ad2b2c0d7cb75754fd7483db51a25d26a22e30f4ab745445d2
20220406.0,1163297.1596683431,Main,NS 25%,16e3409dfe8376ad2b2c0d7cb75754fd7483db51a25d26a22e30f4ab745445d2
20220407.0,1137236.1349172592,Main,NS 25%,16e3409dfe8376ad2b2c0d7cb75754fd7483db51a25d26a22e30f4ab745445d2
20220408.0,1082782.5809665665,Main,NS 25%,16e3409dfe8376ad2b2c0d7cb75754fd7483db51a25d26a22e30f4ab745445d2
20220411.0,1049748.8670452521,Main,NS 25%,16e3409dfe8376ad2b2c0d7cb75754fd7483db51a25d26a22e30f4ab745445d2
20220412.0,1064184.1479341248,Main,NS 25%,16e3409dfe8376ad2b2c0d7cb75754fd7483db51a25d26a22e30f4ab745445d2
20220413.0,1064184.1479341248,Main,NS 25%,16e3409dfe8376ad2b2c0d7cb75754fd7483db51a25d26a22e30f4ab745445d2
20220414.0,1064184.1479341248,Main,NS 25%,16e3409dfe8376ad2b2c0d7cb75754fd7483db51a25d26a22e30f4ab745445d2
20220415.0,1045351.7949099226,Main,NS 25%,16e3409dfe8376ad2b2c0d7cb75754fd7483db51a25d26a22e30f4ab745445d2
20220418.0,1034222.1756826007,Main,NS 25%,16e3409dfe8376ad2b2c0d7cb75754fd7483db51a25d26a22e30f4ab745445d2
20220419.0,1041535.8672819168,Main,NS 25%,16e3409dfe8376ad2b2c0d7cb75754fd7483db51a25d26a22e30f4ab745445d2
20220420.0,1041535.8672819168,Main,NS 25%,16e3409dfe8376ad2b2c0d7cb75754fd7483db51a25d26a22e30f4ab745445d2
20220421.0,1044292.8262910511,Main,NS 25%,16e3409dfe8376ad2b2c0d7cb75754fd7483db51a25d26a22e30f4ab745445d2
20220422.0,993447.9008717324,Main,NS 25%,16e3409dfe8376ad2b2c0d7cb75754fd7483db51a25d26a22e30f4ab745445d2
20220425.0,978111.8521550704,Main,NS 25%,16e3409dfe8376ad2b2c0d7cb75754fd7483db51a25d26a22e30f4ab745445d2
20220426.0,1011581.1630286407,Main,NS 25%,16e3409dfe8376ad2b2c0d7cb75754fd7483db51a25d26a22e30f4ab745445d2
20220427.0,1004334.5322580233,Main,NS 25%,16e3409dfe8376ad2b2c0d7cb75754fd7483db51a25d26a22e30f4ab745445d2
20220428.0,1004334.5322580233,Main,NS 25%,16e3409dfe8376ad2b2c0d7cb75754fd7483db51a25d26a22e30f4ab745445d2
20220429.0,1004334.5322580233,Main,NS 25%,16e3409dfe8376ad2b2c0d7cb75754fd7483db51a25d26a22e30f4ab745445d2
20220505.0,1009949.142322927,Main,NS 25%,16e3409dfe8376ad2b2c0d7cb75754fd7483db51a25d26a22e30f4ab745445d2
20220506.0,1009949.142322927,Main,NS 25%,16e3409dfe8376ad2b2c0d7cb75754fd7483db51a25d26a22e30f4ab745445d2
20220509.0,1002918.3493290879,Main,NS 25%,16e3409dfe8376ad2b2c0d7cb75754fd7483db51a25d26a22e30f4ab745445d2
20220510.0,1049885.2560874675,Main,NS 25%,16e3409dfe8376ad2b2c0d7cb75754fd7483db51a25d26a22e30f4ab745445d2
20220511.0,1057562.8482371182,Main,NS 25%,16e3409dfe8376ad2b2c0d7cb75754fd7483db51a25d26a22e30f4ab745445d2
20220512.0,1058130.8607410965,Main,NS 25%,16e3409dfe8376ad2b2c0d7cb75754fd7483db51a25d26a22e30f4ab745445d2
20220513.0,1051467.0859517164,Main,NS 25%,16e3409dfe8376ad2b2c0d7cb75754fd7483db51a25d26a22e30f4ab745445d2
20220516.0,1051467.0859517164,Main,NS 25%,16e3409dfe8376ad2b2c0d7cb75754fd7483db51a25d26a22e30f4ab745445d2
20220517.0,1101723.988858038,Main,NS 25%,16e3409dfe8376ad2b2c0d7cb75754fd7483db51a25d26a22e30f4ab745445d2
20220518.0,1098318.5440721337,Main,NS 25%,16e3409dfe8376ad2b2c0d7cb75754fd7483db51a25d26a22e30f4ab745445d2
20220519.0,1122025.7884720336,Main,NS 25%,16e3409dfe8376ad2b2c0d7cb75754fd7483db51a25d26a22e30f4ab745445d2
20220520.0,1172687.1235199587,Main,NS 25%,16e3409dfe8376ad2b2c0d7cb75754fd7483db51a25d26a22e30f4ab745445d2
20220523.0,1172687.1235199587,Main,NS 25%,16e3409dfe8376ad2b2c0d7cb75754fd7483db51a25d26a22e30f4ab745445d2
20220524.0,1172687.1235199587,Main,NS 25%,16e3409dfe8376ad2b2c0d7cb75754fd7483db51a25d26a22e30f4ab745445d2
20220525.0,1185123.0478778903,Main,NS 25%,16e3409dfe8376ad2b2c0d7cb75754fd7483db51a25d26a22e30f4ab745445d2
20220526.0,1185123.0478778903,Main,NS 25%,16e3409dfe8376ad2b2c0d7cb75754fd7483db51a25d26a22e30f4ab745445d2
20220527.0,1185123.0478778903,Main,NS 25%,16e3409dfe8376ad2b2c0d7cb75754fd7483db51a25d26a22e30f4ab745445d2
20220530.0,1185123.0478778903,Main,NS 25%,16e3409dfe8376ad2b2c0d7cb75754fd7483db51a25d26a22e30f4ab745445d2
20220531.0,1185123.0478778903,Main,NS 25%,16e3409dfe8376ad2b2c0d7cb75754fd7483db51a25d26a22e30f4ab745445d2
20220601.0,1185123.0478778903,Main,NS 25%,16e3409dfe8376ad2b2c0d7cb75754fd7483db51a25d26a22e30f4ab745445d2
20220602.0,1213777.2534462097,Main,NS 25%,16e3409dfe8376ad2b2c0d7cb75754fd7483db51a25d26a22e30f4ab745445d2
20220606.0,1228586.967170226,Main,NS 25%,16e3409dfe8376ad2b2c0d7cb75754fd7483db51a25d26a22e30f4ab745445d2
20220607.0,1266017.0563500028,Main,NS 25%,16e3409dfe8376ad2b2c0d7cb75754fd7483db51a25d26a22e30f4ab745445d2
20220608.0,1266017.0563500028,Main,NS 25%,16e3409dfe8376ad2b2c0d7cb75754fd7483db51a25d26a22e30f4ab745445d2
20220609.0,1262022.5488058042,Main,NS 25%,16e3409dfe8376ad2b2c0d7cb75754fd7483db51a25d26a22e30f4ab745445d2
20220610.0,1349274.6856512453,Main,NS 25%,16e3409dfe8376ad2b2c0d7cb75754fd7483db51a25d26a22e30f4ab745445d2
20220613.0,1349274.6856512453,Main,NS 25%,16e3409dfe8376ad2b2c0d7cb75754fd7483db51a25d26a22e30f4ab745445d2
20220614.0,1338300.648508811,Main,NS 25%,16e3409dfe8376ad2b2c0d7cb75754fd7483db51a25d26a22e30f4ab745445d2
20220615.0,1379154.5216690323,Main,NS 25%,16e3409dfe8376ad2b2c0d7cb75754fd7483db51a25d26a22e30f4ab745445d2
20220616.0,1372707.1157143794,Main,NS 25%,16e3409dfe8376ad2b2c0d7cb75754fd7483db51a25d26a22e30f4ab745445d2
20220617.0,1397139.8687783508,Main,NS 25%,16e3409dfe8376ad2b2c0d7cb75754fd7483db51a25d26a22e30f4ab745445d2
20220620.0,1344748.2281359152,Main,NS 25%,16e3409dfe8376ad2b2c0d7cb75754fd7483db51a25d26a22e30f4ab745445d2
20220621.0,1344748.2281359152,Main,NS 25%,16e3409dfe8376ad2b2c0d7cb75754fd7483db51a25d26a22e30f4ab745445d2
20220622.0,1351225.6055617183,Main,NS 25%,16e3409dfe8376ad2b2c0d7cb75754fd7483db51a25d26a22e30f4ab745445d2
20220623.0,1375787.2652383596,Main,NS 25%,16e3409dfe8376ad2b2c0d7cb75754fd7483db51a25d26a22e30f4ab745445d2
20220624.0,1375787.2652383596,Main,NS 25%,16e3409dfe8376ad2b2c0d7cb75754fd7483db51a25d26a22e30f4ab745445d2
20220627.0,1357858.4900164849,Main,NS 25%,16e3409dfe8376ad2b2c0d7cb75754fd7483db51a25d26a22e30f4ab745445d2
20220628.0,1311155.498579853,Main,NS 25%,16e3409dfe8376ad2b2c0d7cb75754fd7483db51a25d26a22e30f4ab745445d2
20220629.0,1268486.1164384652,Main,NS 25%,16e3409dfe8376ad2b2c0d7cb75754fd7483db51a25d26a22e30f4ab745445d2
20220630.0,1272266.8304111648,Main,NS 25%,16e3409dfe8376ad2b2c0d7cb75754fd7483db51a25d26a22e30f4ab745445d2
20220701.0,1324813.4689946268,Main,NS 25%,16e3409dfe8376ad2b2c0d7cb75754fd7483db51a25d26a22e30f4ab745445d2
20220704.0,1304676.1137311445,Main,NS 25%,16e3409dfe8376ad2b2c0d7cb75754fd7483db51a25d26a22e30f4ab745445d2
20220705.0,1300046.0011004368,Main,NS 25%,16e3409dfe8376ad2b2c0d7cb75754fd7483db51a25d26a22e30f4ab745445d2
20220706.0,1259326.9034291615,Main,NS 25%,16e3409dfe8376ad2b2c0d7cb75754fd7483db51a25d26a22e30f4ab745445d2
20220707.0,1259326.9034291615,Main,NS 25%,16e3409dfe8376ad2b2c0d7cb75754fd7483db51a25d26a22e30f4ab745445d2
20220708.0,1276923.483910485,Main,NS 25%,16e3409dfe8376ad2b2c0d7cb75754fd7483db51a25d26a22e30f4ab745445d2
20220711.0,1303696.4498985184,Main,NS 25%,16e3409dfe8376ad2b2c0d7cb75754fd7483db51a25d26a22e30f4ab745445d2
20220712.0,1380226.2339886748,Main,NS 25%,16e3409dfe8376ad2b2c0d7cb75754fd7483db51a25d26a22e30f4ab745445d2
20220713.0,1396913.215293661,Main,NS 25%,16e3409dfe8376ad2b2c0d7cb75754fd7483db51a25d26a22e30f4ab745445d2
20220714.0,1396913.215293661,Main,NS 25%,16e3409dfe8376ad2b2c0d7cb75754fd7483db51a25d26a22e30f4ab745445d2
20220715.0,1396913.215293661,Main,NS 25%,16e3409dfe8376ad2b2c0d7cb75754fd7483db51a25d26a22e30f4ab745445d2
20220718.0,1441161.1381597815,Main,NS 25%,16e3409dfe8376ad2b2c0d7cb75754fd7483db51a25d26a22e30f4ab745445d2
20220719.0,1441161.1381597815,Main,NS 25%,16e3409dfe8376ad2b2c0d7cb75754fd7483db51a25d26a22e30f4ab745445d2
20220720.0,1433095.6114590792,Main,NS 25%,16e3409dfe8376ad2b2c0d7cb75754fd7483db51a25d26a22e30f4ab745445d2
20220721.0,1440346.2360002014,Main,NS 25%,16e3409dfe8376ad2b2c0d7cb75754fd7483db51a25d26a22e30f4ab745445d2
20220722.0,1440346.2360002014,Main,NS 25%,16e3409dfe8376ad2b2c0d7cb75754fd7483db51a25d26a22e30f4ab745445d2
20220725.0,1440507.8373714513,Main,NS 25%,16e3409dfe8376ad2b2c0d7cb75754fd7483db51a25d26a22e30f4ab745445d2
20220726.0,1481839.1868012582,Main,NS 25%,16e3409dfe8376ad2b2c0d7cb75754fd7483db51a25d26a22e30f4ab745445d2
20220727.0,1543049.3173711288,Main,NS 25%,16e3409dfe8376ad2b2c0d7cb75754fd7483db51a25d26a22e30f4ab745445d2
20220728.0,1543049.3173711288,Main,NS 25%,16e3409dfe8376ad2b2c0d7cb75754fd7483db51a25d26a22e30f4ab745445d2
20220729.0,1694438.796679388,Main,NS 25%,16e3409dfe8376ad2b2c0d7cb75754fd7483db51a25d26a22e30f4ab745445d2
20220801.0,1694438.796679388,Main,NS 25%,16e3409dfe8376ad2b2c0d7cb75754fd7483db51a25d26a22e30f4ab745445d2
20220802.0,1702729.5577610324,Main,NS 25%,16e3409dfe8376ad2b2c0d7cb75754fd7483db51a25d26a22e30f4ab745445d2
20220803.0,1702729.5577610324,Main,NS 25%,16e3409dfe8376ad2b2c0d7cb75754fd7483db51a25d26a22e30f4ab745445d2
20220804.0,1702729.5577610324,Main,NS 25%,16e3409dfe8376ad2b2c0d7cb75754fd7483db51a25d26a22e30f4ab745445d2
20220805.0,1733807.6225527148,Main,NS 25%,16e3409dfe8376ad2b2c0d7cb75754fd7483db51a25d26a22e30f4ab745445d2
20220808.0,1735246.3743509466,Main,NS 25%,16e3409dfe8376ad2b2c0d7cb75754fd7483db51a25d26a22e30f4ab745445d2
20220809.0,1688503.1656632242,Main,NS 25%,16e3409dfe8376ad2b2c0d7cb75754fd7483db51a25d26a22e30f4ab745445d2
20220810.0,1688503.1656632242,Main,NS 25%,16e3409dfe8376ad2b2c0d7cb75754fd7483db51a25d26a22e30f4ab745445d2
20220811.0,1688503.1656632242,Main,NS 25%,16e3409dfe8376ad2b2c0d7cb75754fd7483db51a25d26a22e30f4ab745445d2
20220812.0,1688499.3820493096,Main,NS 25%,16e3409dfe8376ad2b2c0d7cb75754fd7483db51a25d26a22e30f4ab745445d2
20220815.0,1729353.5095049692,Main,NS 25%,16e3409dfe8376ad2b2c0d7cb75754fd7483db51a25d26a22e30f4ab745445d2
20220816.0,1741176.2897838622,Main,NS 25%,16e3409dfe8376ad2b2c0d7cb75754fd7483db51a25d26a22e30f4ab745445d2
20220817.0,1741176.2897838622,Main,NS 25%,16e3409dfe8376ad2b2c0d7cb75754fd7483db51a25d26a22e30f4ab745445d2
20220818.0,1741176.2897838622,Main,NS 25%,16e3409dfe8376ad2b2c0d7cb75754fd7483db51a25d26a22e30f4ab745445d2
20220819.0,1767487.2785011183,Main,NS 25%,16e3409dfe8376ad2b2c0d7cb75754fd7483db51a25d26a22e30f4ab745445d2
20220822.0,1767487.2785011183,Main,NS 25%,16e3409dfe8376ad2b2c0d7cb75754fd7483db51a25d26a22e30f4ab745445d2
20220823.0,1739013.9553261823,Main,NS 25%,16e3409dfe8376ad2b2c0d7cb75754fd7483db51a25d26a22e30f4ab745445d2
20220824.0,1779877.231751159,Main,NS 25%,16e3409dfe8376ad2b2c0d7cb75754fd7483db51a25d26a22e30f4ab745445d2
20220825.0,1779877.231751159,Main,NS 25%,16e3409dfe8376ad2b2c0d7cb75754fd7483db51a25d26a22e30f4ab745445d2
20220826.0,1779877.231751159,Main,NS 25%,16e3409dfe8376ad2b2c0d7cb75754fd7483db51a25d26a22e30f4ab745445d2
20220829.0,1760124.5691198271,Main,NS 25%,16e3409dfe8376ad2b2c0d7cb75754fd7483db51a25d26a22e30f4ab745445d2
20220830.0,1760124.5691198271,Main,NS 25%,16e3409dfe8376ad2b2c0d7cb75754fd7483db51a25d26a22e30f4ab745445d2
20220831.0,1679587.6628212437,Main,NS 25%,16e3409dfe8376ad2b2c0d7cb75754fd7483db51a25d26a22e30f4ab745445d2
20220901.0,1679587.6628212437,Main,NS 25%,16e3409dfe8376ad2b2c0d7cb75754fd7483db51a25d26a22e30f4ab745445d2
20220902.0,1679587.6628212437,Main,NS 25%,16e3409dfe8376ad2b2c0d7cb75754fd7483db51a25d26a22e30f4ab745445d2
20220905.0,1679587.6628212437,Main,NS 25%,16e3409dfe8376ad2b2c0d7cb75754fd7483db51a25d26a22e30f4ab745445d2
20220906.0,1679587.6628212437,Main,NS 25%,16e3409dfe8376ad2b2c0d7cb75754fd7483db51a25d26a22e30f4ab745445d2
20220907.0,1685580.977447248,Main,NS 25%,16e3409dfe8376ad2b2c0d7cb75754fd7483db51a25d26a22e30f4ab745445d2
20220908.0,1685580.977447248,Main,NS 25%,16e3409dfe8376ad2b2c0d7cb75754fd7483db51a25d26a22e30f4ab745445d2
20220909.0,1685580.977447248,Main,NS 25%,16e3409dfe8376ad2b2c0d7cb75754fd7483db51a25d26a22e30f4ab745445d2
20220913.0,1649147.2286319274,Main,NS 25%,16e3409dfe8376ad2b2c0d7cb75754fd7483db51a25d26a22e30f4ab745445d2
20220914.0,1605681.745094585,Main,NS 25%,16e3409dfe8376ad2b2c0d7cb75754fd7483db51a25d26a22e30f4ab745445d2
20220915.0,1571113.323804625,Main,NS 25%,16e3409dfe8376ad2b2c0d7cb75754fd7483db51a25d26a22e30f4ab745445d2
20220916.0,1667027.4918791738,Main,NS 25%,16e3409dfe8376ad2b2c0d7cb75754fd7483db51a25d26a22e30f4ab745445d2
20220919.0,1667027.4918791738,Main,NS 25%,16e3409dfe8376ad2b2c0d7cb75754fd7483db51a25d26a22e30f4ab745445d2
20220920.0,1637812.2201084709,Main,NS 25%,16e3409dfe8376ad2b2c0d7cb75754fd7483db51a25d26a22e30f4ab745445d2
20220921.0,1638708.1388264457,Main,NS 25%,16e3409dfe8376ad2b2c0d7cb75754fd7483db51a25d26a22e30f4ab745445d2
20220922.0,1638708.1388264457,Main,NS 25%,16e3409dfe8376ad2b2c0d7cb75754fd7483db51a25d26a22e30f4ab745445d2
20220923.0,1593316.120899547,Main,NS 25%,16e3409dfe8376ad2b2c0d7cb75754fd7483db51a25d26a22e30f4ab745445d2
20220926.0,1609369.4929097467,Main,NS 25%,16e3409dfe8376ad2b2c0d7cb75754fd7483db51a25d26a22e30f4ab745445d2
20220927.0,1532436.4072886286,Main,NS 25%,16e3409dfe8376ad2b2c0d7cb75754fd7483db51a25d26a22e30f4ab745445d2
20220928.0,1465317.53172905,Main,NS 25%,16e3409dfe8376ad2b2c0d7cb75754fd7483db51a25d26a22e30f4ab745445d2
20220930.0,1465317.53172905,Main,NS 25%,16e3409dfe8376ad2b2c0d7cb75754fd7483db51a25d26a22e30f4ab745445d2
20221010.0,1469829.2182383381,Main,NS 25%,16e3409dfe8376ad2b2c0d7cb75754fd7483db51a25d26a22e30f4ab745445d2
20221011.0,1559156.7579797022,Main,NS 25%,16e3409dfe8376ad2b2c0d7cb75754fd7483db51a25d26a22e30f4ab745445d2
20221012.0,1571789.0662151207,Main,NS 25%,16e3409dfe8376ad2b2c0d7cb75754fd7483db51a25d26a22e30f4ab745445d2
20221013.0,1591769.6397912689,Main,NS 25%,16e3409dfe8376ad2b2c0d7cb75754fd7483db51a25d26a22e30f4ab745445d2
20221014.0,1595492.7965065527,Main,NS 25%,16e3409dfe8376ad2b2c0d7cb75754fd7483db51a25d26a22e30f4ab745445d2
20221017.0,1597092.9424023873,Main,NS 25%,16e3409dfe8376ad2b2c0d7cb75754fd7483db51a25d26a22e30f4ab745445d2
20221018.0,1576013.0580950293,Main,NS 25%,16e3409dfe8376ad2b2c0d7cb75754fd7483db51a25d26a22e30f4ab745445d2
20221019.0,1612273.549602476,Main,NS 25%,16e3409dfe8376ad2b2c0d7cb75754fd7483db51a25d26a22e30f4ab745445d2
20221020.0,1687098.446905509,Main,NS 25%,16e3409dfe8376ad2b2c0d7cb75754fd7483db51a25d26a22e30f4ab745445d2
20221021.0,1770882.3941999753,Main,NS 25%,16e3409dfe8376ad2b2c0d7cb75754fd7483db51a25d26a22e30f4ab745445d2
20221024.0,1783073.4794699408,Main,NS 25%,16e3409dfe8376ad2b2c0d7cb75754fd7483db51a25d26a22e30f4ab745445d2
20221025.0,1798165.3441231272,Main,NS 25%,16e3409dfe8376ad2b2c0d7cb75754fd7483db51a25d26a22e30f4ab745445d2
20221026.0,1798165.3441231272,Main,NS 25%,16e3409dfe8376ad2b2c0d7cb75754fd7483db51a25d26a22e30f4ab745445d2
20221027.0,1827193.5362669246,Main,NS 25%,16e3409dfe8376ad2b2c0d7cb75754fd7483db51a25d26a22e30f4ab745445d2
20221028.0,1843537.434055759,Main,NS 25%,16e3409dfe8376ad2b2c0d7cb75754fd7483db51a25d26a22e30f4ab745445d2
20221031.0,1957217.8010492022,Main,NS 25%,16e3409dfe8376ad2b2c0d7cb75754fd7483db51a25d26a22e30f4ab745445d2
20221101.0,2103809.7465886674,Main,NS 25%,16e3409dfe8376ad2b2c0d7cb75754fd7483db51a25d26a22e30f4ab745445d2
20221102.0,2023033.3855451788,Main,NS 25%,16e3409dfe8376ad2b2c0d7cb75754fd7483db51a25d26a22e30f4ab745445d2
20221103.0,2063977.3124942246,Main,NS 25%,16e3409dfe8376ad2b2c0d7cb75754fd7483db51a25d26a22e30f4ab745445d2
20221104.0,2076146.4738787897,Main,NS 25%,16e3409dfe8376ad2b2c0d7cb75754fd7483db51a25d26a22e30f4ab745445d2
20221107.0,2054798.2322312773,Main,NS 25%,16e3409dfe8376ad2b2c0d7cb75754fd7483db51a25d26a22e30f4ab745445d2
20221108.0,2054480.275152347,Main,NS 25%,16e3409dfe8376ad2b2c0d7cb75754fd7483db51a25d26a22e30f4ab745445d2
20221109.0,2051495.2188012314,Main,NS 25%,16e3409dfe8376ad2b2c0d7cb75754fd7483db51a25d26a22e30f4ab745445d2
20221110.0,2083571.4674501827,Main,NS 25%,16e3409dfe8376ad2b2c0d7cb75754fd7483db51a25d26a22e30f4ab745445d2
20221111.0,2008324.9421463613,Main,NS 25%,16e3409dfe8376ad2b2c0d7cb75754fd7483db51a25d26a22e30f4ab745445d2
20221114.0,2031610.3630024206,Main,NS 25%,16e3409dfe8376ad2b2c0d7cb75754fd7483db51a25d26a22e30f4ab745445d2
20221115.0,2133700.4331085025,Main,NS 25%,16e3409dfe8376ad2b2c0d7cb75754fd7483db51a25d26a22e30f4ab745445d2
20221116.0,2202844.8682662672,Main,NS 25%,16e3409dfe8376ad2b2c0d7cb75754fd7483db51a25d26a22e30f4ab745445d2
20221117.0,2133746.6624883045,Main,NS 25%,16e3409dfe8376ad2b2c0d7cb75754fd7483db51a25d26a22e30f4ab745445d2
20221118.0,2187021.1306042164,Main,NS 25%,16e3409dfe8376ad2b2c0d7cb75754fd7483db51a25d26a22e30f4ab745445d2
20221121.0,2104352.150011033,Main,NS 25%,16e3409dfe8376ad2b2c0d7cb75754fd7483db51a25d26a22e30f4ab745445d2
20221122.0,2114608.4923579535,Main,NS 25%,16e3409dfe8376ad2b2c0d7cb75754fd7483db51a25d26a22e30f4ab745445d2
20221123.0,2277505.943139141,Main,NS 25%,16e3409dfe8376ad2b2c0d7cb75754fd7483db51a25d26a22e30f4ab745445d2
20221124.0,2227649.8797306167,Main,NS 25%,16e3409dfe8376ad2b2c0d7cb75754fd7483db51a25d26a22e30f4ab745445d2
20221125.0,2229722.036035283,Main,NS 25%,16e3409dfe8376ad2b2c0d7cb75754fd7483db51a25d26a22e30f4ab745445d2
20221128.0,2229722.036035283,Main,NS 25%,16e3409dfe8376ad2b2c0d7cb75754fd7483db51a25d26a22e30f4ab745445d2
20221129.0,2241608.518812731,Main,NS 25%,16e3409dfe8376ad2b2c0d7cb75754fd7483db51a25d26a22e30f4ab745445d2
20221130.0,2225893.277224103,Main,NS 25%,16e3409dfe8376ad2b2c0d7cb75754fd7483db51a25d26a22e30f4ab745445d2
20221201.0,2238498.472078231,Main,NS 25%,16e3409dfe8376ad2b2c0d7cb75754fd7483db51a25d26a22e30f4ab745445d2
20221202.0,2327822.290139245,Main,NS 25%,16e3409dfe8376ad2b2c0d7cb75754fd7483db51a25d26a22e30f4ab745445d2
20221205.0,2276452.9338613036,Main,NS 25%,16e3409dfe8376ad2b2c0d7cb75754fd7483db51a25d26a22e30f4ab745445d2
20221206.0,2276452.9338613036,Main,NS 25%,16e3409dfe8376ad2b2c0d7cb75754fd7483db51a25d26a22e30f4ab745445d2
20221207.0,2292622.395119242,Main,NS 25%,16e3409dfe8376ad2b2c0d7cb75754fd7483db51a25d26a22e30f4ab745445d2
20221208.0,2298871.297338732,Main,NS 25%,16e3409dfe8376ad2b2c0d7cb75754fd7483db51a25d26a22e30f4ab745445d2
20221209.0,2272192.381594147,Main,NS 25%,16e3409dfe8376ad2b2c0d7cb75754fd7483db51a25d26a22e30f4ab745445d2
20221212.0,2236579.472905898,Main,NS 25%,16e3409dfe8376ad2b2c0d7cb75754fd7483db51a25d26a22e30f4ab745445d2
20221213.0,2250315.04846301,Main,NS 25%,16e3409dfe8376ad2b2c0d7cb75754fd7483db51a25d26a22e30f4ab745445d2
20221214.0,2252414.364474876,Main,NS 25%,16e3409dfe8376ad2b2c0d7cb75754fd7483db51a25d26a22e30f4ab745445d2
20221215.0,2259860.3224087716,Main,NS 25%,16e3409dfe8376ad2b2c0d7cb75754fd7483db51a25d26a22e30f4ab745445d2
20221216.0,2236116.2541802977,Main,NS 25%,16e3409dfe8376ad2b2c0d7cb75754fd7483db51a25d26a22e30f4ab745445d2
20221219.0,2190095.3276465777,Main,NS 25%,16e3409dfe8376ad2b2c0d7cb75754fd7483db51a25d26a22e30f4ab745445d2
20221220.0,2173292.6282975934,Main,NS 25%,16e3409dfe8376ad2b2c0d7cb75754fd7483db51a25d26a22e30f4ab745445d2
20221221.0,2120113.597617684,Main,NS 25%,16e3409dfe8376ad2b2c0d7cb75754fd7483db51a25d26a22e30f4ab745445d2
20221222.0,2102736.57062878,Main,NS 25%,16e3409dfe8376ad2b2c0d7cb75754fd7483db51a25d26a22e30f4ab745445d2
20221223.0,2185756.144207676,Main,NS 25%,16e3409dfe8376ad2b2c0d7cb75754fd7483db51a25d26a22e30f4ab745445d2
20221226.0,2185756.144207676,Main,NS 25%,16e3409dfe8376ad2b2c0d7cb75754fd7483db51a25d26a22e30f4ab745445d2
20221227.0,2185756.144207676,Main,NS 25%,16e3409dfe8376ad2b2c0d7cb75754fd7483db51a25d26a22e30f4ab745445d2
20221228.0,2187024.6349703255,Main,NS 25%,16e3409dfe8376ad2b2c0d7cb75754fd7483db51a25d26a22e30f4ab745445d2
20221229.0,2190365.0063686604,Main,NS 25%,16e3409dfe8376ad2b2c0d7cb75754fd7483db51a25d26a22e30f4ab745445d2
20221230.0,2217211.4983337726,Main,NS 25%,16e3409dfe8376ad2b2c0d7cb75754fd7483db51a25d26a22e30f4ab745445d2
20230103.0,2242330.363256485,Main,NS 25%,16e3409dfe8376ad2b2c0d7cb75754fd7483db51a25d26a22e30f4ab745445d2
20230104.0,2283212.936410664,Main,NS 25%,16e3409dfe8376ad2b2c0d7cb75754fd7483db51a25d26a22e30f4ab745445d2
20230105.0,2258393.312899775,Main,NS 25%,16e3409dfe8376ad2b2c0d7cb75754fd7483db51a25d26a22e30f4ab745445d2
20230106.0,2254780.976605706,Main,NS 25%,16e3409dfe8376ad2b2c0d7cb75754fd7483db51a25d26a22e30f4ab745445d2
20230109.0,2257393.986502446,Main,NS 25%,16e3409dfe8376ad2b2c0d7cb75754fd7483db51a25d26a22e30f4ab745445d2
20230110.0,2247364.6554233595,Main,NS 25%,16e3409dfe8376ad2b2c0d7cb75754fd7483db51a25d26a22e30f4ab745445d2
20230111.0,2249599.6832841155,Main,NS 25%,16e3409dfe8376ad2b2c0d7cb75754fd7483db51a25d26a22e30f4ab745445d2
20230112.0,2249599.6832841155,Main,NS 25%,16e3409dfe8376ad2b2c0d7cb75754fd7483db51a25d26a22e30f4ab745445d2
20230113.0,2249599.6832841155,Main,NS 25%,16e3409dfe8376ad2b2c0d7cb75754fd7483db51a25d26a22e30f4ab745445d2
20230116.0,2243486.7257360006,Main,NS 25%,16e3409dfe8376ad2b2c0d7cb75754fd7483db51a25d26a22e30f4ab745445d2
20230117.0,2296404.0037983325,Main,NS 25%,16e3409dfe8376ad2b2c0d7cb75754fd7483db51a25d26a22e30f4ab745445d2
20230118.0,2328202.817018441,Main,NS 25%,16e3409dfe8376ad2b2c0d7cb75754fd7483db51a25d26a22e30f4ab745445d2
20230119.0,2557634.9893578207,Main,NS 25%,16e3409dfe8376ad2b2c0d7cb75754fd7483db51a25d26a22e30f4ab745445d2
20230120.0,2624821.5557188094,Main,NS 25%,16e3409dfe8376ad2b2c0d7cb75754fd7483db51a25d26a22e30f4ab745445d2
20230130.0,2704250.7809102493,Main,NS 25%,16e3409dfe8376ad2b2c0d7cb75754fd7483db51a25d26a22e30f4ab745445d2
20230131.0,2795550.688165452,Main,NS 25%,16e3409dfe8376ad2b2c0d7cb75754fd7483db51a25d26a22e30f4ab745445d2
20230201.0,2851541.0220224387,Main,NS 25%,16e3409dfe8376ad2b2c0d7cb75754fd7483db51a25d26a22e30f4ab745445d2
20230202.0,2886761.0677191876,Main,NS 25%,16e3409dfe8376ad2b2c0d7cb75754fd7483db51a25d26a22e30f4ab745445d2
20230203.0,2854922.757784869,Main,NS 25%,16e3409dfe8376ad2b2c0d7cb75754fd7483db51a25d26a22e30f4ab745445d2
20230206.0,2821369.5520824455,Main,NS 25%,16e3409dfe8376ad2b2c0d7cb75754fd7483db51a25d26a22e30f4ab745445d2
20230207.0,2786670.71401484,Main,NS 25%,16e3409dfe8376ad2b2c0d7cb75754fd7483db51a25d26a22e30f4ab745445d2
20230208.0,2788122.8684153943,Main,NS 25%,16e3409dfe8376ad2b2c0d7cb75754fd7483db51a25d26a22e30f4ab745445d2
20230209.0,2752190.983378812,Main,NS 25%,16e3409dfe8376ad2b2c0d7cb75754fd7483db51a25d26a22e30f4ab745445d2
20230210.0,2862058.810003233,Main,NS 25%,16e3409dfe8376ad2b2c0d7cb75754fd7483db51a25d26a22e30f4ab745445d2
20230213.0,2841685.093491897,Main,NS 25%,16e3409dfe8376ad2b2c0d7cb75754fd7483db51a25d26a22e30f4ab745445d2
20230214.0,2841685.093491897,Main,NS 25%,16e3409dfe8376ad2b2c0d7cb75754fd7483db51a25d26a22e30f4ab745445d2
20230215.0,2748354.7300098436,Main,NS 25%,16e3409dfe8376ad2b2c0d7cb75754fd7483db51a25d26a22e30f4ab745445d2
20230216.0,2748354.7300098436,Main,NS 25%,16e3409dfe8376ad2b2c0d7cb75754fd7483db51a25d26a22e30f4ab745445d2
20230217.0,2748354.7300098436,Main,NS 25%,16e3409dfe8376ad2b2c0d7cb75754fd7483db51a25d26a22e30f4ab745445d2
20230220.0,2748354.7300098436,Main,NS 25%,16e3409dfe8376ad2b2c0d7cb75754fd7483db51a25d26a22e30f4ab745445d2
20230221.0,2746286.199850767,Main,NS 25%,16e3409dfe8376ad2b2c0d7cb75754fd7483db51a25d26a22e30f4ab745445d2
20230222.0,2741894.0290164584,Main,NS 25%,16e3409dfe8376ad2b2c0d7cb75754fd7483db51a25d26a22e30f4ab745445d2
20230223.0,2741894.0290164584,Main,NS 25%,16e3409dfe8376ad2b2c0d7cb75754fd7483db51a25d26a22e30f4ab745445d2
20230224.0,2741991.3316170494,Main,NS 25%,16e3409dfe8376ad2b2c0d7cb75754fd7483db51a25d26a22e30f4ab745445d2
20230227.0,2729701.54402805,Main,NS 25%,16e3409dfe8376ad2b2c0d7cb75754fd7483db51a25d26a22e30f4ab745445d2
20230228.0,2698092.8545242245,Main,NS 25%,16e3409dfe8376ad2b2c0d7cb75754fd7483db51a25d26a22e30f4ab745445d2
20230301.0,2727657.309123957,Main,NS 25%,16e3409dfe8376ad2b2c0d7cb75754fd7483db51a25d26a22e30f4ab745445d2
20230302.0,2733810.956427549,Main,NS 25%,16e3409dfe8376ad2b2c0d7cb75754fd7483db51a25d26a22e30f4ab745445d2
20230303.0,2733810.956427549,Main,NS 25%,16e3409dfe8376ad2b2c0d7cb75754fd7483db51a25d26a22e30f4ab745445d2
20211207.0,1000000.0,Main,NS 50%,16e3409dfe8376ad2b2c0d7cb75754fd7483db51a25d26a22e30f4ab745445d2
20211208.0,1010266.9268863647,Main,NS 50%,16e3409dfe8376ad2b2c0d7cb75754fd7483db51a25d26a22e30f4ab745445d2
20211209.0,1083487.42799086,Main,NS 50%,16e3409dfe8376ad2b2c0d7cb75754fd7483db51a25d26a22e30f4ab745445d2
20211210.0,1098296.1267137374,Main,NS 50%,16e3409dfe8376ad2b2c0d7cb75754fd7483db51a25d26a22e30f4ab745445d2
20211213.0,1098296.1267137374,Main,NS 50%,16e3409dfe8376ad2b2c0d7cb75754fd7483db51a25d26a22e30f4ab745445d2
20211214.0,1098296.1267137374,Main,NS 50%,16e3409dfe8376ad2b2c0d7cb75754fd7483db51a25d26a22e30f4ab745445d2
20211215.0,1098296.1267137374,Main,NS 50%,16e3409dfe8376ad2b2c0d7cb75754fd7483db51a25d26a22e30f4ab745445d2
20211216.0,1098296.1267137374,Main,NS 50%,16e3409dfe8376ad2b2c0d7cb75754fd7483db51a25d26a22e30f4ab745445d2
20211217.0,1090098.6441830525,Main,NS 50%,16e3409dfe8376ad2b2c0d7cb75754fd7483db51a25d26a22e30f4ab745445d2
20211220.0,1142815.8904095206,Main,NS 50%,16e3409dfe8376ad2b2c0d7cb75754fd7483db51a25d26a22e30f4ab745445d2
20211221.0,1131721.2995371516,Main,NS 50%,16e3409dfe8376ad2b2c0d7cb75754fd7483db51a25d26a22e30f4ab745445d2
20211222.0,1131721.2995371516,Main,NS 50%,16e3409dfe8376ad2b2c0d7cb75754fd7483db51a25d26a22e30f4ab745445d2
20211223.0,1242891.09440725,Main,NS 50%,16e3409dfe8376ad2b2c0d7cb75754fd7483db51a25d26a22e30f4ab745445d2
20211224.0,1321214.268441083,Main,NS 50%,16e3409dfe8376ad2b2c0d7cb75754fd7483db51a25d26a22e30f4ab745445d2
20211227.0,1282130.8731985472,Main,NS 50%,16e3409dfe8376ad2b2c0d7cb75754fd7483db51a25d26a22e30f4ab745445d2
20211228.0,1289961.5786102158,Main,NS 50%,16e3409dfe8376ad2b2c0d7cb75754fd7483db51a25d26a22e30f4ab745445d2
20211229.0,1307854.7659786625,Main,NS 50%,16e3409dfe8376ad2b2c0d7cb75754fd7483db51a25d26a22e30f4ab745445d2
20211230.0,1297214.2184183602,Main,NS 50%,16e3409dfe8376ad2b2c0d7cb75754fd7483db51a25d26a22e30f4ab745445d2
20211231.0,1297214.2184183602,Main,NS 50%,16e3409dfe8376ad2b2c0d7cb75754fd7483db51a25d26a22e30f4ab745445d2
20220104.0,1297214.2184183602,Main,NS 50%,16e3409dfe8376ad2b2c0d7cb75754fd7483db51a25d26a22e30f4ab745445d2
20220105.0,1297214.2184183602,Main,NS 50%,16e3409dfe8376ad2b2c0d7cb75754fd7483db51a25d26a22e30f4ab745445d2
20220106.0,1277321.6411510368,Main,NS 50%,16e3409dfe8376ad2b2c0d7cb75754fd7483db51a25d26a22e30f4ab745445d2
20220107.0,1323935.7777711118,Main,NS 50%,16e3409dfe8376ad2b2c0d7cb75754fd7483db51a25d26a22e30f4ab745445d2
20220110.0,1309161.9510646362,Main,NS 50%,16e3409dfe8376ad2b2c0d7cb75754fd7483db51a25d26a22e30f4ab745445d2
20220111.0,1325509.1866083927,Main,NS 50%,16e3409dfe8376ad2b2c0d7cb75754fd7483db51a25d26a22e30f4ab745445d2
20220112.0,1324904.649306899,Main,NS 50%,16e3409dfe8376ad2b2c0d7cb75754fd7483db51a25d26a22e30f4ab745445d2
20220113.0,1303487.6125814975,Main,NS 50%,16e3409dfe8376ad2b2c0d7cb75754fd7483db51a25d26a22e30f4ab745445d2
20220114.0,1303487.6125814975,Main,NS 50%,16e3409dfe8376ad2b2c0d7cb75754fd7483db51a25d26a22e30f4ab745445d2
20220117.0,1257046.194313454,Main,NS 50%,16e3409dfe8376ad2b2c0d7cb75754fd7483db51a25d26a22e30f4ab745445d2
20220118.0,1256371.1997548249,Main,NS 50%,16e3409dfe8376ad2b2c0d7cb75754fd7483db51a25d26a22e30f4ab745445d2
20220119.0,1226527.9197470837,Main,NS 50%,16e3409dfe8376ad2b2c0d7cb75754fd7483db51a25d26a22e30f4ab745445d2
20220120.0,1156223.7119185175,Main,NS 50%,16e3409dfe8376ad2b2c0d7cb75754fd7483db51a25d26a22e30f4ab745445d2
20220121.0,1156223.7119185175,Main,NS 50%,16e3409dfe8376ad2b2c0d7cb75754fd7483db51a25d26a22e30f4ab745445d2
20220124.0,1116270.6909134963,Main,NS 50%,16e3409dfe8376ad2b2c0d7cb75754fd7483db51a25d26a22e30f4ab745445d2
20220125.0,1112798.710917059,Main,NS 50%,16e3409dfe8376ad2b2c0d7cb75754fd7483db51a25d26a22e30f4ab745445d2
20220126.0,1112798.710917059,Main,NS 50%,16e3409dfe8376ad2b2c0d7cb75754fd7483db51a25d26a22e30f4ab745445d2
20220127.0,1112798.710917059,Main,NS 50%,16e3409dfe8376ad2b2c0d7cb75754fd7483db51a25d26a22e30f4ab745445d2
20220128.0,1131811.0968417325,Main,NS 50%,16e3409dfe8376ad2b2c0d7cb75754fd7483db51a25d26a22e30f4ab745445d2
20220207.0,1131811.0968417325,Main,NS 50%,16e3409dfe8376ad2b2c0d7cb75754fd7483db51a25d26a22e30f4ab745445d2
20220208.0,1155921.8622216112,Main,NS 50%,16e3409dfe8376ad2b2c0d7cb75754fd7483db51a25d26a22e30f4ab745445d2
20220209.0,1133997.0684585033,Main,NS 50%,16e3409dfe8376ad2b2c0d7cb75754fd7483db51a25d26a22e30f4ab745445d2
20220210.0,1117888.7654368714,Main,NS 50%,16e3409dfe8376ad2b2c0d7cb75754fd7483db51a25d26a22e30f4ab745445d2
20220216.0,1105302.9854061264,Main,NS 50%,16e3409dfe8376ad2b2c0d7cb75754fd7483db51a25d26a22e30f4ab745445d2
20220217.0,1105302.9854061264,Main,NS 50%,16e3409dfe8376ad2b2c0d7cb75754fd7483db51a25d26a22e30f4ab745445d2
20220218.0,1127591.383185903,Main,NS 50%,16e3409dfe8376ad2b2c0d7cb75754fd7483db51a25d26a22e30f4ab745445d2
20220221.0,1133985.90979264,Main,NS 50%,16e3409dfe8376ad2b2c0d7cb75754fd7483db51a25d26a22e30f4ab745445d2
20220222.0,1176554.7271218766,Main,NS 50%,16e3409dfe8376ad2b2c0d7cb75754fd7483db51a25d26a22e30f4ab745445d2
20220223.0,1141505.3357115453,Main,NS 50%,16e3409dfe8376ad2b2c0d7cb75754fd7483db51a25d26a22e30f4ab745445d2
20220224.0,1124362.2721289662,Main,NS 50%,16e3409dfe8376ad2b2c0d7cb75754fd7483db51a25d26a22e30f4ab745445d2
20220225.0,1119791.4223963076,Main,NS 50%,16e3409dfe8376ad2b2c0d7cb75754fd7483db51a25d26a22e30f4ab745445d2
20220228.0,1119791.4223963076,Main,NS 50%,16e3409dfe8376ad2b2c0d7cb75754fd7483db51a25d26a22e30f4ab745445d2
20220301.0,1113325.8995881598,Main,NS 50%,16e3409dfe8376ad2b2c0d7cb75754fd7483db51a25d26a22e30f4ab745445d2
20220302.0,1123649.7840420355,Main,NS 50%,16e3409dfe8376ad2b2c0d7cb75754fd7483db51a25d26a22e30f4ab745445d2
20220303.0,1123649.7840420355,Main,NS 50%,16e3409dfe8376ad2b2c0d7cb75754fd7483db51a25d26a22e30f4ab745445d2
20220304.0,1123649.7840420355,Main,NS 50%,16e3409dfe8376ad2b2c0d7cb75754fd7483db51a25d26a22e30f4ab745445d2
20220307.0,1152169.6061070147,Main,NS 50%,16e3409dfe8376ad2b2c0d7cb75754fd7483db51a25d26a22e30f4ab745445d2
20220308.0,1152169.6061070147,Main,NS 50%,16e3409dfe8376ad2b2c0d7cb75754fd7483db51a25d26a22e30f4ab745445d2
20220309.0,1152169.6061070147,Main,NS 50%,16e3409dfe8376ad2b2c0d7cb75754fd7483db51a25d26a22e30f4ab745445d2
20220310.0,1149793.249831367,Main,NS 50%,16e3409dfe8376ad2b2c0d7cb75754fd7483db51a25d26a22e30f4ab745445d2
20220311.0,1149793.249831367,Main,NS 50%,16e3409dfe8376ad2b2c0d7cb75754fd7483db51a25d26a22e30f4ab745445d2
20220314.0,1149793.249831367,Main,NS 50%,16e3409dfe8376ad2b2c0d7cb75754fd7483db51a25d26a22e30f4ab745445d2
20220315.0,1149793.249831367,Main,NS 50%,16e3409dfe8376ad2b2c0d7cb75754fd7483db51a25d26a22e30f4ab745445d2
20220316.0,1149793.249831367,Main,NS 50%,16e3409dfe8376ad2b2c0d7cb75754fd7483db51a25d26a22e30f4ab745445d2
20220317.0,1120020.928876907,Main,NS 50%,16e3409dfe8376ad2b2c0d7cb75754fd7483db51a25d26a22e30f4ab745445d2
20220318.0,1109579.7980097162,Main,NS 50%,16e3409dfe8376ad2b2c0d7cb75754fd7483db51a25d26a22e30f4ab745445d2
20220321.0,1102162.7478904384,Main,NS 50%,16e3409dfe8376ad2b2c0d7cb75754fd7483db51a25d26a22e30f4ab745445d2
20220322.0,1129452.5571450198,Main,NS 50%,16e3409dfe8376ad2b2c0d7cb75754fd7483db51a25d26a22e30f4ab745445d2
20220323.0,1129452.5571450198,Main,NS 50%,16e3409dfe8376ad2b2c0d7cb75754fd7483db51a25d26a22e30f4ab745445d2
20220324.0,1129452.5571450198,Main,NS 50%,16e3409dfe8376ad2b2c0d7cb75754fd7483db51a25d26a22e30f4ab745445d2
20220325.0,1129452.5571450198,Main,NS 50%,16e3409dfe8376ad2b2c0d7cb75754fd7483db51a25d26a22e30f4ab745445d2
20220328.0,1127922.9048526366,Main,NS 50%,16e3409dfe8376ad2b2c0d7cb75754fd7483db51a25d26a22e30f4ab745445d2
20220329.0,1184397.155040836,Main,NS 50%,16e3409dfe8376ad2b2c0d7cb75754fd7483db51a25d26a22e30f4ab745445d2
20220330.0,1135375.3745280374,Main,NS 50%,16e3409dfe8376ad2b2c0d7cb75754fd7483db51a25d26a22e30f4ab745445d2
20220331.0,1168901.0960756445,Main,NS 50%,16e3409dfe8376ad2b2c0d7cb75754fd7483db51a25d26a22e30f4ab745445d2
20220401.0,1168901.0960756445,Main,NS 50%,16e3409dfe8376ad2b2c0d7cb75754fd7483db51a25d26a22e30f4ab745445d2
20220406.0,1168901.0960756445,Main,NS 50%,16e3409dfe8376ad2b2c0d7cb75754fd7483db51a25d26a22e30f4ab745445d2
20220407.0,1142924.582181589,Main,NS 50%,16e3409dfe8376ad2b2c0d7cb75754fd7483db51a25d26a22e30f4ab745445d2
20220408.0,1088133.4730467654,Main,NS 50%,16e3409dfe8376ad2b2c0d7cb75754fd7483db51a25d26a22e30f4ab745445d2
20220411.0,1088133.4730467654,Main,NS 50%,16e3409dfe8376ad2b2c0d7cb75754fd7483db51a25d26a22e30f4ab745445d2
20220412.0,1103103.1265143258,Main,NS 50%,16e3409dfe8376ad2b2c0d7cb75754fd7483db51a25d26a22e30f4ab745445d2
20220413.0,1103103.1265143258,Main,NS 50%,16e3409dfe8376ad2b2c0d7cb75754fd7483db51a25d26a22e30f4ab745445d2
20220414.0,1103103.1265143258,Main,NS 50%,16e3409dfe8376ad2b2c0d7cb75754fd7483db51a25d26a22e30f4ab745445d2
20220415.0,1103103.1265143258,Main,NS 50%,16e3409dfe8376ad2b2c0d7cb75754fd7483db51a25d26a22e30f4ab745445d2
20220418.0,1093953.9120614023,Main,NS 50%,16e3409dfe8376ad2b2c0d7cb75754fd7483db51a25d26a22e30f4ab745445d2
20220419.0,1106029.1106110027,Main,NS 50%,16e3409dfe8376ad2b2c0d7cb75754fd7483db51a25d26a22e30f4ab745445d2
20220420.0,1106029.1106110027,Main,NS 50%,16e3409dfe8376ad2b2c0d7cb75754fd7483db51a25d26a22e30f4ab745445d2
20220421.0,1108921.2717307499,Main,NS 50%,16e3409dfe8376ad2b2c0d7cb75754fd7483db51a25d26a22e30f4ab745445d2
20220422.0,1055006.945498875,Main,NS 50%,16e3409dfe8376ad2b2c0d7cb75754fd7483db51a25d26a22e30f4ab745445d2
20220425.0,1038708.2969424604,Main,NS 50%,16e3409dfe8376ad2b2c0d7cb75754fd7483db51a25d26a22e30f4ab745445d2
20220426.0,1074014.344188334,Main,NS 50%,16e3409dfe8376ad2b2c0d7cb75754fd7483db51a25d26a22e30f4ab745445d2
20220427.0,1050345.1121914396,Main,NS 50%,16e3409dfe8376ad2b2c0d7cb75754fd7483db51a25d26a22e30f4ab745445d2
20220428.0,1050345.1121914396,Main,NS 50%,16e3409dfe8376ad2b2c0d7cb75754fd7483db51a25d26a22e30f4ab745445d2
20220429.0,1050345.1121914396,Main,NS 50%,16e3409dfe8376ad2b2c0d7cb75754fd7483db51a25d26a22e30f4ab745445d2
20220505.0,1056220.0644068914,Main,NS 50%,16e3409dfe8376ad2b2c0d7cb75754fd7483db51a25d26a22e30f4ab745445d2
20220506.0,1056220.0644068914,Main,NS 50%,16e3409dfe8376ad2b2c0d7cb75754fd7483db51a25d26a22e30f4ab745445d2
20220509.0,1048912.688805549,Main,NS 50%,16e3409dfe8376ad2b2c0d7cb75754fd7483db51a25d26a22e30f4ab745445d2
20220510.0,1152083.1047109668,Main,NS 50%,16e3409dfe8376ad2b2c0d7cb75754fd7483db51a25d26a22e30f4ab745445d2
20220511.0,1160497.3481594203,Main,NS 50%,16e3409dfe8376ad2b2c0d7cb75754fd7483db51a25d26a22e30f4ab745445d2
20220512.0,1148221.922474931,Main,NS 50%,16e3409dfe8376ad2b2c0d7cb75754fd7483db51a25d26a22e30f4ab745445d2
20220513.0,1141013.2072674525,Main,NS 50%,16e3409dfe8376ad2b2c0d7cb75754fd7483db51a25d26a22e30f4ab745445d2
20220516.0,1141013.2072674525,Main,NS 50%,16e3409dfe8376ad2b2c0d7cb75754fd7483db51a25d26a22e30f4ab745445d2
20220517.0,1195578.7555272859,Main,NS 50%,16e3409dfe8376ad2b2c0d7cb75754fd7483db51a25d26a22e30f4ab745445d2
20220518.0,1191895.6823704166,Main,NS 50%,16e3409dfe8376ad2b2c0d7cb75754fd7483db51a25d26a22e30f4ab745445d2
20220519.0,1217617.2054752875,Main,NS 50%,16e3409dfe8376ad2b2c0d7cb75754fd7483db51a25d26a22e30f4ab745445d2
20220520.0,1207447.6156794636,Main,NS 50%,16e3409dfe8376ad2b2c0d7cb75754fd7483db51a25d26a22e30f4ab745445d2
20220523.0,1207447.6156794636,Main,NS 50%,16e3409dfe8376ad2b2c0d7cb75754fd7483db51a25d26a22e30f4ab745445d2
20220524.0,1207447.6156794636,Main,NS 50%,16e3409dfe8376ad2b2c0d7cb75754fd7483db51a25d26a22e30f4ab745445d2
20220525.0,1207447.6156794636,Main,NS 50%,16e3409dfe8376ad2b2c0d7cb75754fd7483db51a25d26a22e30f4ab745445d2
20220526.0,1207447.6156794636,Main,NS 50%,16e3409dfe8376ad2b2c0d7cb75754fd7483db51a25d26a22e30f4ab745445d2
20220527.0,1207447.6156794636,Main,NS 50%,16e3409dfe8376ad2b2c0d7cb75754fd7483db51a25d26a22e30f4ab745445d2
20220530.0,1207447.6156794636,Main,NS 50%,16e3409dfe8376ad2b2c0d7cb75754fd7483db51a25d26a22e30f4ab745445d2
20220531.0,1207447.6156794636,Main,NS 50%,16e3409dfe8376ad2b2c0d7cb75754fd7483db51a25d26a22e30f4ab745445d2
20220601.0,1207447.6156794636,Main,NS 50%,16e3409dfe8376ad2b2c0d7cb75754fd7483db51a25d26a22e30f4ab745445d2
20220602.0,1245477.4324621847,Main,NS 50%,16e3409dfe8376ad2b2c0d7cb75754fd7483db51a25d26a22e30f4ab745445d2
20220606.0,1277350.0703380886,Main,NS 50%,16e3409dfe8376ad2b2c0d7cb75754fd7483db51a25d26a22e30f4ab745445d2
20220607.0,1287490.6764912663,Main,NS 50%,16e3409dfe8376ad2b2c0d7cb75754fd7483db51a25d26a22e30f4ab745445d2
20220608.0,1287490.6764912663,Main,NS 50%,16e3409dfe8376ad2b2c0d7cb75754fd7483db51a25d26a22e30f4ab745445d2
20220609.0,1283424.8763299654,Main,NS 50%,16e3409dfe8376ad2b2c0d7cb75754fd7483db51a25d26a22e30f4ab745445d2
20220610.0,1372256.8205653685,Main,NS 50%,16e3409dfe8376ad2b2c0d7cb75754fd7483db51a25d26a22e30f4ab745445d2
20220613.0,1372256.8205653685,Main,NS 50%,16e3409dfe8376ad2b2c0d7cb75754fd7483db51a25d26a22e30f4ab745445d2
20220614.0,1362778.2461507085,Main,NS 50%,16e3409dfe8376ad2b2c0d7cb75754fd7483db51a25d26a22e30f4ab745445d2
20220615.0,1417059.96135896,Main,NS 50%,16e3409dfe8376ad2b2c0d7cb75754fd7483db51a25d26a22e30f4ab745445d2
20220616.0,1410437.798225484,Main,NS 50%,16e3409dfe8376ad2b2c0d7cb75754fd7483db51a25d26a22e30f4ab745445d2
20220617.0,1410437.798225484,Main,NS 50%,16e3409dfe8376ad2b2c0d7cb75754fd7483db51a25d26a22e30f4ab745445d2
20220620.0,1410437.798225484,Main,NS 50%,16e3409dfe8376ad2b2c0d7cb75754fd7483db51a25d26a22e30f4ab745445d2
20220621.0,1410437.798225484,Main,NS 50%,16e3409dfe8376ad2b2c0d7cb75754fd7483db51a25d26a22e30f4ab745445d2
20220622.0,1417229.7646695878,Main,NS 50%,16e3409dfe8376ad2b2c0d7cb75754fd7483db51a25d26a22e30f4ab745445d2
20220623.0,1449312.9931193925,Main,NS 50%,16e3409dfe8376ad2b2c0d7cb75754fd7483db51a25d26a22e30f4ab745445d2
20220624.0,1449312.9931193925,Main,NS 50%,16e3409dfe8376ad2b2c0d7cb75754fd7483db51a25d26a22e30f4ab745445d2
20220627.0,1449312.9931193925,Main,NS 50%,16e3409dfe8376ad2b2c0d7cb75754fd7483db51a25d26a22e30f4ab745445d2
20220628.0,1449312.9931193925,Main,NS 50%,16e3409dfe8376ad2b2c0d7cb75754fd7483db51a25d26a22e30f4ab745445d2
20220629.0,1371690.6310015642,Main,NS 50%,16e3409dfe8376ad2b2c0d7cb75754fd7483db51a25d26a22e30f4ab745445d2
20220630.0,1375779.463299695,Main,NS 50%,16e3409dfe8376ad2b2c0d7cb75754fd7483db51a25d26a22e30f4ab745445d2
20220701.0,1432681.236888461,Main,NS 50%,16e3409dfe8376ad2b2c0d7cb75754fd7483db51a25d26a22e30f4ab745445d2
20220704.0,1412779.0918041705,Main,NS 50%,16e3409dfe8376ad2b2c0d7cb75754fd7483db51a25d26a22e30f4ab745445d2
20220705.0,1442383.801187657,Main,NS 50%,16e3409dfe8376ad2b2c0d7cb75754fd7483db51a25d26a22e30f4ab745445d2
20220706.0,1397211.5922431862,Main,NS 50%,16e3409dfe8376ad2b2c0d7cb75754fd7483db51a25d26a22e30f4ab745445d2
20220707.0,1397211.5922431862,Main,NS 50%,16e3409dfe8376ad2b2c0d7cb75754fd7483db51a25d26a22e30f4ab745445d2
20220708.0,1416735.2589427873,Main,NS 50%,16e3409dfe8376ad2b2c0d7cb75754fd7483db51a25d26a22e30f4ab745445d2
20220711.0,1413366.5941194277,Main,NS 50%,16e3409dfe8376ad2b2c0d7cb75754fd7483db51a25d26a22e30f4ab745445d2
20220712.0,1477914.9500944065,Main,NS 50%,16e3409dfe8376ad2b2c0d7cb75754fd7483db51a25d26a22e30f4ab745445d2
20220713.0,1542279.9458649654,Main,NS 50%,16e3409dfe8376ad2b2c0d7cb75754fd7483db51a25d26a22e30f4ab745445d2
20220714.0,1542279.9458649654,Main,NS 50%,16e3409dfe8376ad2b2c0d7cb75754fd7483db51a25d26a22e30f4ab745445d2
20220715.0,1542279.9458649654,Main,NS 50%,16e3409dfe8376ad2b2c0d7cb75754fd7483db51a25d26a22e30f4ab745445d2
20220718.0,1591124.8944631533,Main,NS 50%,16e3409dfe8376ad2b2c0d7cb75754fd7483db51a25d26a22e30f4ab745445d2
20220719.0,1591124.8944631533,Main,NS 50%,16e3409dfe8376ad2b2c0d7cb75754fd7483db51a25d26a22e30f4ab745445d2
20220720.0,1586668.3043749006,Main,NS 50%,16e3409dfe8376ad2b2c0d7cb75754fd7483db51a25d26a22e30f4ab745445d2
20220721.0,1572066.8111026017,Main,NS 50%,16e3409dfe8376ad2b2c0d7cb75754fd7483db51a25d26a22e30f4ab745445d2
20220722.0,1572066.8111026017,Main,NS 50%,16e3409dfe8376ad2b2c0d7cb75754fd7483db51a25d26a22e30f4ab745445d2
20220725.0,1572066.8111026017,Main,NS 50%,16e3409dfe8376ad2b2c0d7cb75754fd7483db51a25d26a22e30f4ab745445d2
20220726.0,1679002.1768163831,Main,NS 50%,16e3409dfe8376ad2b2c0d7cb75754fd7483db51a25d26a22e30f4ab745445d2
20220727.0,1652710.0045937712,Main,NS 50%,16e3409dfe8376ad2b2c0d7cb75754fd7483db51a25d26a22e30f4ab745445d2
20220728.0,1652710.0045937712,Main,NS 50%,16e3409dfe8376ad2b2c0d7cb75754fd7483db51a25d26a22e30f4ab745445d2
20220729.0,1814887.483918873,Main,NS 50%,16e3409dfe8376ad2b2c0d7cb75754fd7483db51a25d26a22e30f4ab745445d2
20220801.0,1814887.483918873,Main,NS 50%,16e3409dfe8376ad2b2c0d7cb75754fd7483db51a25d26a22e30f4ab745445d2
20220802.0,1823778.1265424246,Main,NS 50%,16e3409dfe8376ad2b2c0d7cb75754fd7483db51a25d26a22e30f4ab745445d2
20220803.0,1823778.1265424246,Main,NS 50%,16e3409dfe8376ad2b2c0d7cb75754fd7483db51a25d26a22e30f4ab745445d2
20220804.0,1823778.1265424246,Main,NS 50%,16e3409dfe8376ad2b2c0d7cb75754fd7483db51a25d26a22e30f4ab745445d2
20220805.0,1857079.8254044876,Main,NS 50%,16e3409dfe8376ad2b2c0d7cb75754fd7483db51a25d26a22e30f4ab745445d2
20220808.0,1840792.8275290588,Main,NS 50%,16e3409dfe8376ad2b2c0d7cb75754fd7483db51a25d26a22e30f4ab745445d2
20220809.0,1795544.7629928554,Main,NS 50%,16e3409dfe8376ad2b2c0d7cb75754fd7483db51a25d26a22e30f4ab745445d2
20220810.0,1795544.7629928554,Main,NS 50%,16e3409dfe8376ad2b2c0d7cb75754fd7483db51a25d26a22e30f4ab745445d2
20220811.0,1795544.7629928554,Main,NS 50%,16e3409dfe8376ad2b2c0d7cb75754fd7483db51a25d26a22e30f4ab745445d2
20220812.0,1826074.440454282,Main,NS 50%,16e3409dfe8376ad2b2c0d7cb75754fd7483db51a25d26a22e30f4ab745445d2
20220815.0,1820447.3210971658,Main,NS 50%,16e3409dfe8376ad2b2c0d7cb75754fd7483db51a25d26a22e30f4ab745445d2
20220816.0,1820447.3210971658,Main,NS 50%,16e3409dfe8376ad2b2c0d7cb75754fd7483db51a25d26a22e30f4ab745445d2
20220817.0,1820447.3210971658,Main,NS 50%,16e3409dfe8376ad2b2c0d7cb75754fd7483db51a25d26a22e30f4ab745445d2
20220818.0,1820447.3210971658,Main,NS 50%,16e3409dfe8376ad2b2c0d7cb75754fd7483db51a25d26a22e30f4ab745445d2
20220819.0,1847948.9063066598,Main,NS 50%,16e3409dfe8376ad2b2c0d7cb75754fd7483db51a25d26a22e30f4ab745445d2
20220822.0,1847948.9063066598,Main,NS 50%,16e3409dfe8376ad2b2c0d7cb75754fd7483db51a25d26a22e30f4ab745445d2
20220823.0,1795612.7621503423,Main,NS 50%,16e3409dfe8376ad2b2c0d7cb75754fd7483db51a25d26a22e30f4ab745445d2
20220824.0,1849457.5581487555,Main,NS 50%,16e3409dfe8376ad2b2c0d7cb75754fd7483db51a25d26a22e30f4ab745445d2
20220825.0,1849457.5581487555,Main,NS 50%,16e3409dfe8376ad2b2c0d7cb75754fd7483db51a25d26a22e30f4ab745445d2
20220826.0,1849457.5581487555,Main,NS 50%,16e3409dfe8376ad2b2c0d7cb75754fd7483db51a25d26a22e30f4ab745445d2
20220829.0,1828934.5092454734,Main,NS 50%,16e3409dfe8376ad2b2c0d7cb75754fd7483db51a25d26a22e30f4ab745445d2
20220830.0,1828934.5092454734,Main,NS 50%,16e3409dfe8376ad2b2c0d7cb75754fd7483db51a25d26a22e30f4ab745445d2
20220831.0,1745337.3796659664,Main,NS 50%,16e3409dfe8376ad2b2c0d7cb75754fd7483db51a25d26a22e30f4ab745445d2
20220901.0,1745337.3796659664,Main,NS 50%,16e3409dfe8376ad2b2c0d7cb75754fd7483db51a25d26a22e30f4ab745445d2
20220902.0,1745337.3796659664,Main,NS 50%,16e3409dfe8376ad2b2c0d7cb75754fd7483db51a25d26a22e30f4ab745445d2
20220905.0,1745337.3796659664,Main,NS 50%,16e3409dfe8376ad2b2c0d7cb75754fd7483db51a25d26a22e30f4ab745445d2
20220906.0,1745337.3796659664,Main,NS 50%,16e3409dfe8376ad2b2c0d7cb75754fd7483db51a25d26a22e30f4ab745445d2
20220907.0,1751563.170773209,Main,NS 50%,16e3409dfe8376ad2b2c0d7cb75754fd7483db51a25d26a22e30f4ab745445d2
20220908.0,1751563.170773209,Main,NS 50%,16e3409dfe8376ad2b2c0d7cb75754fd7483db51a25d26a22e30f4ab745445d2
20220909.0,1751563.170773209,Main,NS 50%,16e3409dfe8376ad2b2c0d7cb75754fd7483db51a25d26a22e30f4ab745445d2
20220913.0,1709377.1242160143,Main,NS 50%,16e3409dfe8376ad2b2c0d7cb75754fd7483db51a25d26a22e30f4ab745445d2
20220914.0,1675376.850427185,Main,NS 50%,16e3409dfe8376ad2b2c0d7cb75754fd7483db51a25d26a22e30f4ab745445d2
20220915.0,1639305.2125345136,Main,NS 50%,16e3409dfe8376ad2b2c0d7cb75754fd7483db51a25d26a22e30f4ab745445d2
20220916.0,1710886.7440830444,Main,NS 50%,16e3409dfe8376ad2b2c0d7cb75754fd7483db51a25d26a22e30f4ab745445d2
20220919.0,1710886.7440830444,Main,NS 50%,16e3409dfe8376ad2b2c0d7cb75754fd7483db51a25d26a22e30f4ab745445d2
20220920.0,1680874.1719466525,Main,NS 50%,16e3409dfe8376ad2b2c0d7cb75754fd7483db51a25d26a22e30f4ab745445d2
20220921.0,1680874.1719466525,Main,NS 50%,16e3409dfe8376ad2b2c0d7cb75754fd7483db51a25d26a22e30f4ab745445d2
20220922.0,1680874.1719466525,Main,NS 50%,16e3409dfe8376ad2b2c0d7cb75754fd7483db51a25d26a22e30f4ab745445d2
20220923.0,1634313.0564767134,Main,NS 50%,16e3409dfe8376ad2b2c0d7cb75754fd7483db51a25d26a22e30f4ab745445d2
20220926.0,1650778.2666754455,Main,NS 50%,16e3409dfe8376ad2b2c0d7cb75754fd7483db51a25d26a22e30f4ab745445d2
20220927.0,1571860.870664399,Main,NS 50%,16e3409dfe8376ad2b2c0d7cb75754fd7483db51a25d26a22e30f4ab745445d2
20220928.0,1548110.3258574368,Main,NS 50%,16e3409dfe8376ad2b2c0d7cb75754fd7483db51a25d26a22e30f4ab745445d2
20220930.0,1548110.3258574368,Main,NS 50%,16e3409dfe8376ad2b2c0d7cb75754fd7483db51a25d26a22e30f4ab745445d2
20221010.0,1552876.6367977755,Main,NS 50%,16e3409dfe8376ad2b2c0d7cb75754fd7483db51a25d26a22e30f4ab745445d2
20221011.0,1647278.961068046,Main,NS 50%,16e3409dfe8376ad2b2c0d7cb75754fd7483db51a25d26a22e30f4ab745445d2
20221012.0,1660644.9810512709,Main,NS 50%,16e3409dfe8376ad2b2c0d7cb75754fd7483db51a25d26a22e30f4ab745445d2
20221013.0,1696493.8636419305,Main,NS 50%,16e3409dfe8376ad2b2c0d7cb75754fd7483db51a25d26a22e30f4ab745445d2
20221014.0,1696493.8636419305,Main,NS 50%,16e3409dfe8376ad2b2c0d7cb75754fd7483db51a25d26a22e30f4ab745445d2
20221017.0,1718961.280333657,Main,NS 50%,16e3409dfe8376ad2b2c0d7cb75754fd7483db51a25d26a22e30f4ab745445d2
20221018.0,1725302.3188698825,Main,NS 50%,16e3409dfe8376ad2b2c0d7cb75754fd7483db51a25d26a22e30f4ab745445d2
20221019.0,1765020.627913827,Main,NS 50%,16e3409dfe8376ad2b2c0d7cb75754fd7483db51a25d26a22e30f4ab745445d2
20221020.0,1846955.019259829,Main,NS 50%,16e3409dfe8376ad2b2c0d7cb75754fd7483db51a25d26a22e30f4ab745445d2
20221021.0,1869572.676325959,Main,NS 50%,16e3409dfe8376ad2b2c0d7cb75754fd7483db51a25d26a22e30f4ab745445d2
20221024.0,1836193.0144073886,Main,NS 50%,16e3409dfe8376ad2b2c0d7cb75754fd7483db51a25d26a22e30f4ab745445d2
20221025.0,1836193.0144073886,Main,NS 50%,16e3409dfe8376ad2b2c0d7cb75754fd7483db51a25d26a22e30f4ab745445d2
20221026.0,1836193.0144073886,Main,NS 50%,16e3409dfe8376ad2b2c0d7cb75754fd7483db51a25d26a22e30f4ab745445d2
20221027.0,1865828.8260624947,Main,NS 50%,16e3409dfe8376ad2b2c0d7cb75754fd7483db51a25d26a22e30f4ab745445d2
20221028.0,1865828.8260624947,Main,NS 50%,16e3409dfe8376ad2b2c0d7cb75754fd7483db51a25d26a22e30f4ab745445d2
20221031.0,1865828.8260624947,Main,NS 50%,16e3409dfe8376ad2b2c0d7cb75754fd7483db51a25d26a22e30f4ab745445d2
20221101.0,1983876.4660475824,Main,NS 50%,16e3409dfe8376ad2b2c0d7cb75754fd7483db51a25d26a22e30f4ab745445d2
20221102.0,1907665.4413061012,Main,NS 50%,16e3409dfe8376ad2b2c0d7cb75754fd7483db51a25d26a22e30f4ab745445d2
20221103.0,1907665.4413061012,Main,NS 50%,16e3409dfe8376ad2b2c0d7cb75754fd7483db51a25d26a22e30f4ab745445d2
20221104.0,2019468.8688611232,Main,NS 50%,16e3409dfe8376ad2b2c0d7cb75754fd7483db51a25d26a22e30f4ab745445d2
20221107.0,1998718.9507968565,Main,NS 50%,16e3409dfe8376ad2b2c0d7cb75754fd7483db51a25d26a22e30f4ab745445d2
20221108.0,1998409.7156368068,Main,NS 50%,16e3409dfe8376ad2b2c0d7cb75754fd7483db51a25d26a22e30f4ab745445d2
20221109.0,1995508.4844455114,Main,NS 50%,16e3409dfe8376ad2b2c0d7cb75754fd7483db51a25d26a22e30f4ab745445d2
20221110.0,2112249.7474152455,Main,NS 50%,16e3409dfe8376ad2b2c0d7cb75754fd7483db51a25d26a22e30f4ab745445d2
20221111.0,2041494.509719041,Main,NS 50%,16e3409dfe8376ad2b2c0d7cb75754fd7483db51a25d26a22e30f4ab745445d2
20221114.0,2065166.9802227027,Main,NS 50%,16e3409dfe8376ad2b2c0d7cb75754fd7483db51a25d26a22e30f4ab745445d2
20221115.0,2267543.384573563,Main,NS 50%,16e3409dfe8376ad2b2c0d7cb75754fd7483db51a25d26a22e30f4ab745445d2
20221116.0,2447586.4522814816,Main,NS 50%,16e3409dfe8376ad2b2c0d7cb75754fd7483db51a25d26a22e30f4ab745445d2
20221117.0,2370805.199302666,Main,NS 50%,16e3409dfe8376ad2b2c0d7cb75754fd7483db51a25d26a22e30f4ab745445d2
20221118.0,2429959.2990705636,Main,NS 50%,16e3409dfe8376ad2b2c0d7cb75754fd7483db51a25d26a22e30f4ab745445d2
20221121.0,2338110.6664662664,Main,NS 50%,16e3409dfe8376ad2b2c0d7cb75754fd7483db51a25d26a22e30f4ab745445d2
20221122.0,2349472.3508106507,Main,NS 50%,16e3409dfe8376ad2b2c0d7cb75754fd7483db51a25d26a22e30f4ab745445d2
20221123.0,2349472.3508106507,Main,NS 50%,16e3409dfe8376ad2b2c0d7cb75754fd7483db51a25d26a22e30f4ab745445d2
20221124.0,2298027.5627883356,Main,NS 50%,16e3409dfe8376ad2b2c0d7cb75754fd7483db51a25d26a22e30f4ab745445d2
20221125.0,2298027.5627883356,Main,NS 50%,16e3409dfe8376ad2b2c0d7cb75754fd7483db51a25d26a22e30f4ab745445d2
20221128.0,2298027.5627883356,Main,NS 50%,16e3409dfe8376ad2b2c0d7cb75754fd7483db51a25d26a22e30f4ab745445d2
20221129.0,2354096.4033833668,Main,NS 50%,16e3409dfe8376ad2b2c0d7cb75754fd7483db51a25d26a22e30f4ab745445d2
20221130.0,2337573.2865614477,Main,NS 50%,16e3409dfe8376ad2b2c0d7cb75754fd7483db51a25d26a22e30f4ab745445d2
20221201.0,2349509.3704039045,Main,NS 50%,16e3409dfe8376ad2b2c0d7cb75754fd7483db51a25d26a22e30f4ab745445d2
20221202.0,2443309.249227338,Main,NS 50%,16e3409dfe8376ad2b2c0d7cb75754fd7483db51a25d26a22e30f4ab745445d2
20221205.0,2443309.249227338,Main,NS 50%,16e3409dfe8376ad2b2c0d7cb75754fd7483db51a25d26a22e30f4ab745445d2
20221206.0,2443309.249227338,Main,NS 50%,16e3409dfe8376ad2b2c0d7cb75754fd7483db51a25d26a22e30f4ab745445d2
20221207.0,2454788.71191464,Main,NS 50%,16e3409dfe8376ad2b2c0d7cb75754fd7483db51a25d26a22e30f4ab745445d2
20221208.0,2461420.0353224366,Main,NS 50%,16e3409dfe8376ad2b2c0d7cb75754fd7483db51a25d26a22e30f4ab745445d2
20221209.0,2432865.8390852725,Main,NS 50%,16e3409dfe8376ad2b2c0d7cb75754fd7483db51a25d26a22e30f4ab745445d2
20221212.0,2394742.7367293094,Main,NS 50%,16e3409dfe8376ad2b2c0d7cb75754fd7483db51a25d26a22e30f4ab745445d2
20221213.0,2409475.276549927,Main,NS 50%,16e3409dfe8376ad2b2c0d7cb75754fd7483db51a25d26a22e30f4ab745445d2
20221214.0,2483631.126461063,Main,NS 50%,16e3409dfe8376ad2b2c0d7cb75754fd7483db51a25d26a22e30f4ab745445d2
20221215.0,2491842.4385686195,Main,NS 50%,16e3409dfe8376ad2b2c0d7cb75754fd7483db51a25d26a22e30f4ab745445d2
20221216.0,2463371.8090252564,Main,NS 50%,16e3409dfe8376ad2b2c0d7cb75754fd7483db51a25d26a22e30f4ab745445d2
20221219.0,2427230.9000468478,Main,NS 50%,16e3409dfe8376ad2b2c0d7cb75754fd7483db51a25d26a22e30f4ab745445d2
20221220.0,2400217.6310534324,Main,NS 50%,16e3409dfe8376ad2b2c0d7cb75754fd7483db51a25d26a22e30f4ab745445d2
20221221.0,2277906.2736744764,Main,NS 50%,16e3409dfe8376ad2b2c0d7cb75754fd7483db51a25d26a22e30f4ab745445d2
20221222.0,2226806.8400573093,Main,NS 50%,16e3409dfe8376ad2b2c0d7cb75754fd7483db51a25d26a22e30f4ab745445d2
20221223.0,2266184.5248583592,Main,NS 50%,16e3409dfe8376ad2b2c0d7cb75754fd7483db51a25d26a22e30f4ab745445d2
20221226.0,2266184.5248583592,Main,NS 50%,16e3409dfe8376ad2b2c0d7cb75754fd7483db51a25d26a22e30f4ab745445d2
20221227.0,2266184.5248583592,Main,NS 50%,16e3409dfe8376ad2b2c0d7cb75754fd7483db51a25d26a22e30f4ab745445d2
20221228.0,2267505.461371815,Main,NS 50%,16e3409dfe8376ad2b2c0d7cb75754fd7483db51a25d26a22e30f4ab745445d2
20221229.0,2271327.5190197784,Main,NS 50%,16e3409dfe8376ad2b2c0d7cb75754fd7483db51a25d26a22e30f4ab745445d2
20221230.0,2308329.4274907163,Main,NS 50%,16e3409dfe8376ad2b2c0d7cb75754fd7483db51a25d26a22e30f4ab745445d2
20230103.0,2334494.004581936,Main,NS 50%,16e3409dfe8376ad2b2c0d7cb75754fd7483db51a25d26a22e30f4ab745445d2
20230104.0,2377056.428283333,Main,NS 50%,16e3409dfe8376ad2b2c0d7cb75754fd7483db51a25d26a22e30f4ab745445d2
20230105.0,2351213.725805709,Main,NS 50%,16e3409dfe8376ad2b2c0d7cb75754fd7483db51a25d26a22e30f4ab745445d2
20230106.0,2347453.089231122,Main,NS 50%,16e3409dfe8376ad2b2c0d7cb75754fd7483db51a25d26a22e30f4ab745445d2
20230109.0,2302716.343013169,Main,NS 50%,16e3409dfe8376ad2b2c0d7cb75754fd7483db51a25d26a22e30f4ab745445d2
20230110.0,2292482.1740589505,Main,NS 50%,16e3409dfe8376ad2b2c0d7cb75754fd7483db51a25d26a22e30f4ab745445d2
20230111.0,2285126.4313950976,Main,NS 50%,16e3409dfe8376ad2b2c0d7cb75754fd7483db51a25d26a22e30f4ab745445d2
20230112.0,2285126.4313950976,Main,NS 50%,16e3409dfe8376ad2b2c0d7cb75754fd7483db51a25d26a22e30f4ab745445d2
20230113.0,2285126.4313950976,Main,NS 50%,16e3409dfe8376ad2b2c0d7cb75754fd7483db51a25d26a22e30f4ab745445d2
20230116.0,2285126.4313950976,Main,NS 50%,16e3409dfe8376ad2b2c0d7cb75754fd7483db51a25d26a22e30f4ab745445d2
20230117.0,2339028.430375794,Main,NS 50%,16e3409dfe8376ad2b2c0d7cb75754fd7483db51a25d26a22e30f4ab745445d2
20230118.0,2339028.430375794,Main,NS 50%,16e3409dfe8376ad2b2c0d7cb75754fd7483db51a25d26a22e30f4ab745445d2
20230119.0,2339028.430375794,Main,NS 50%,16e3409dfe8376ad2b2c0d7cb75754fd7483db51a25d26a22e30f4ab745445d2
20230120.0,2400476.4871252757,Main,NS 50%,16e3409dfe8376ad2b2c0d7cb75754fd7483db51a25d26a22e30f4ab745445d2
20230130.0,2473124.6289148876,Main,NS 50%,16e3409dfe8376ad2b2c0d7cb75754fd7483db51a25d26a22e30f4ab745445d2
20230131.0,2586743.655008947,Main,NS 50%,16e3409dfe8376ad2b2c0d7cb75754fd7483db51a25d26a22e30f4ab745445d2
20230201.0,2661172.415828733,Main,NS 50%,16e3409dfe8376ad2b2c0d7cb75754fd7483db51a25d26a22e30f4ab745445d2
20230202.0,2694067.4369237088,Main,NS 50%,16e3409dfe8376ad2b2c0d7cb75754fd7483db51a25d26a22e30f4ab745445d2
20230203.0,2664361.784018353,Main,NS 50%,16e3409dfe8376ad2b2c0d7cb75754fd7483db51a25d26a22e30f4ab745445d2
20230206.0,2633050.974258947,Main,NS 50%,16e3409dfe8376ad2b2c0d7cb75754fd7483db51a25d26a22e30f4ab745445d2
20230207.0,2600667.4057489983,Main,NS 50%,16e3409dfe8376ad2b2c0d7cb75754fd7483db51a25d26a22e30f4ab745445d2
20230208.0,2563647.0126255807,Main,NS 50%,16e3409dfe8376ad2b2c0d7cb75754fd7483db51a25d26a22e30f4ab745445d2
20230209.0,2540301.3975488446,Main,NS 50%,16e3409dfe8376ad2b2c0d7cb75754fd7483db51a25d26a22e30f4ab745445d2
20230210.0,2605638.9128805688,Main,NS 50%,16e3409dfe8376ad2b2c0d7cb75754fd7483db51a25d26a22e30f4ab745445d2
20230213.0,2605638.9128805688,Main,NS 50%,16e3409dfe8376ad2b2c0d7cb75754fd7483db51a25d26a22e30f4ab745445d2
20230214.0,2605638.9128805688,Main,NS 50%,16e3409dfe8376ad2b2c0d7cb75754fd7483db51a25d26a22e30f4ab745445d2
20230215.0,2520090.3588499413,Main,NS 50%,16e3409dfe8376ad2b2c0d7cb75754fd7483db51a25d26a22e30f4ab745445d2
20230216.0,2520090.3588499413,Main,NS 50%,16e3409dfe8376ad2b2c0d7cb75754fd7483db51a25d26a22e30f4ab745445d2
20230217.0,2520090.3588499413,Main,NS 50%,16e3409dfe8376ad2b2c0d7cb75754fd7483db51a25d26a22e30f4ab745445d2
20230220.0,2520090.3588499413,Main,NS 50%,16e3409dfe8376ad2b2c0d7cb75754fd7483db51a25d26a22e30f4ab745445d2
20230221.0,2518193.8667016737,Main,NS 50%,16e3409dfe8376ad2b2c0d7cb75754fd7483db51a25d26a22e30f4ab745445d2
20230222.0,2514165.9891493325,Main,NS 50%,16e3409dfe8376ad2b2c0d7cb75754fd7483db51a25d26a22e30f4ab745445d2
20230223.0,2514165.9891493325,Main,NS 50%,16e3409dfe8376ad2b2c0d7cb75754fd7483db51a25d26a22e30f4ab745445d2
20230224.0,2550318.854885604,Main,NS 50%,16e3409dfe8376ad2b2c0d7cb75754fd7483db51a25d26a22e30f4ab745445d2
20230227.0,2538932.0787579534,Main,NS 50%,16e3409dfe8376ad2b2c0d7cb75754fd7483db51a25d26a22e30f4ab745445d2
20230228.0,2493504.56464837,Main,NS 50%,16e3409dfe8376ad2b2c0d7cb75754fd7483db51a25d26a22e30f4ab745445d2
20230301.0,2520834.7728892304,Main,NS 50%,16e3409dfe8376ad2b2c0d7cb75754fd7483db51a25d26a22e30f4ab745445d2
20230302.0,2526534.9028446116,Main,NS 50%,16e3409dfe8376ad2b2c0d7cb75754fd7483db51a25d26a22e30f4ab745445d2
20230303.0,2526534.9028446116,Main,NS 50%,16e3409dfe8376ad2b2c0d7cb75754fd7483db51a25d26a22e30f4ab745445d2
20211207.0,1000000.0,Main,PI 25%,16e3409dfe8376ad2b2c0d7cb75754fd7483db51a25d26a22e30f4ab745445d2
20211208.0,1001576.1682607067,Main,PI 25%,16e3409dfe8376ad2b2c0d7cb75754fd7483db51a25d26a22e30f4ab745445d2
20211209.0,1074182.1135734317,Main,PI 25%,16e3409dfe8376ad2b2c0d7cb75754fd7483db51a25d26a22e30f4ab745445d2
20211210.0,1088755.816578463,Main,PI 25%,16e3409dfe8376ad2b2c0d7cb75754fd7483db51a25d26a22e30f4ab745445d2
20211213.0,1138323.018267233,Main,PI 25%,16e3409dfe8376ad2b2c0d7cb75754fd7483db51a25d26a22e30f4ab745445d2
20211214.0,1136789.59464157,Main,PI 25%,16e3409dfe8376ad2b2c0d7cb75754fd7483db51a25d26a22e30f4ab745445d2
20211215.0,1136789.59464157,Main,PI 25%,16e3409dfe8376ad2b2c0d7cb75754fd7483db51a25d26a22e30f4ab745445d2
20211216.0,1136789.59464157,Main,PI 25%,16e3409dfe8376ad2b2c0d7cb75754fd7483db51a25d26a22e30f4ab745445d2
20211217.0,1125335.1430617347,Main,PI 25%,16e3409dfe8376ad2b2c0d7cb75754fd7483db51a25d26a22e30f4ab745445d2
20211220.0,1179704.0479987878,Main,PI 25%,16e3409dfe8376ad2b2c0d7cb75754fd7483db51a25d26a22e30f4ab745445d2
20211221.0,1168310.8610280515,Main,PI 25%,16e3409dfe8376ad2b2c0d7cb75754fd7483db51a25d26a22e30f4ab745445d2
20211222.0,1236730.4860412187,Main,PI 25%,16e3409dfe8376ad2b2c0d7cb75754fd7483db51a25d26a22e30f4ab745445d2
20211223.0,1253819.393816936,Main,PI 25%,16e3409dfe8376ad2b2c0d7cb75754fd7483db51a25d26a22e30f4ab745445d2
20211224.0,1267092.0426192572,Main,PI 25%,16e3409dfe8376ad2b2c0d7cb75754fd7483db51a25d26a22e30f4ab745445d2
20211227.0,1229612.7286181983,Main,PI 25%,16e3409dfe8376ad2b2c0d7cb75754fd7483db51a25d26a22e30f4ab745445d2
20211228.0,1274675.667794771,Main,PI 25%,16e3409dfe8376ad2b2c0d7cb75754fd7483db51a25d26a22e30f4ab745445d2
20211229.0,1290783.553360112,Main,PI 25%,16e3409dfe8376ad2b2c0d7cb75754fd7483db51a25d26a22e30f4ab745445d2
20211230.0,1271458.7830514319,Main,PI 25%,16e3409dfe8376ad2b2c0d7cb75754fd7483db51a25d26a22e30f4ab745445d2
20211231.0,1270234.8635737256,Main,PI 25%,16e3409dfe8376ad2b2c0d7cb75754fd7483db51a25d26a22e30f4ab745445d2
20220104.0,1252053.5004453722,Main,PI 25%,16e3409dfe8376ad2b2c0d7cb75754fd7483db51a25d26a22e30f4ab745445d2
20220105.0,1225229.340045279,Main,PI 25%,16e3409dfe8376ad2b2c0d7cb75754fd7483db51a25d26a22e30f4ab745445d2
20220106.0,1208149.5354087702,Main,PI 25%,16e3409dfe8376ad2b2c0d7cb75754fd7483db51a25d26a22e30f4ab745445d2
20220107.0,1252262.6363065855,Main,PI 25%,16e3409dfe8376ad2b2c0d7cb75754fd7483db51a25d26a22e30f4ab745445d2
20220110.0,1237257.4681669604,Main,PI 25%,16e3409dfe8376ad2b2c0d7cb75754fd7483db51a25d26a22e30f4ab745445d2
20220111.0,1251174.7945169702,Main,PI 25%,16e3409dfe8376ad2b2c0d7cb75754fd7483db51a25d26a22e30f4ab745445d2
20220112.0,1250604.0454365157,Main,PI 25%,16e3409dfe8376ad2b2c0d7cb75754fd7483db51a25d26a22e30f4ab745445d2
20220113.0,1230407.7226531338,Main,PI 25%,16e3409dfe8376ad2b2c0d7cb75754fd7483db51a25d26a22e30f4ab745445d2
20220114.0,1351038.6938709316,Main,PI 25%,16e3409dfe8376ad2b2c0d7cb75754fd7483db51a25d26a22e30f4ab745445d2
20220117.0,1302829.1461260521,Main,PI 25%,16e3409dfe8376ad2b2c0d7cb75754fd7483db51a25d26a22e30f4ab745445d2
20220118.0,1302157.839248906,Main,PI 25%,16e3409dfe8376ad2b2c0d7cb75754fd7483db51a25d26a22e30f4ab745445d2
20220119.0,1271611.3268274274,Main,PI 25%,16e3409dfe8376ad2b2c0d7cb75754fd7483db51a25d26a22e30f4ab745445d2
20220120.0,1201960.1735021803,Main,PI 25%,16e3409dfe8376ad2b2c0d7cb75754fd7483db51a25d26a22e30f4ab745445d2
20220121.0,1214321.9476092036,Main,PI 25%,16e3409dfe8376ad2b2c0d7cb75754fd7483db51a25d26a22e30f4ab745445d2
20220124.0,1172451.1079393844,Main,PI 25%,16e3409dfe8376ad2b2c0d7cb75754fd7483db51a25d26a22e30f4ab745445d2
20220125.0,1166881.7124178284,Main,PI 25%,16e3409dfe8376ad2b2c0d7cb75754fd7483db51a25d26a22e30f4ab745445d2
20220126.0,1174831.997583813,Main,PI 25%,16e3409dfe8376ad2b2c0d7cb75754fd7483db51a25d26a22e30f4ab745445d2
20220127.0,1189166.4986660809,Main,PI 25%,16e3409dfe8376ad2b2c0d7cb75754fd7483db51a25d26a22e30f4ab745445d2
20220128.0,1209476.8776042883,Main,PI 25%,16e3409dfe8376ad2b2c0d7cb75754fd7483db51a25d26a22e30f4ab745445d2
20220207.0,1223522.7763126632,Main,PI 25%,16e3409dfe8376ad2b2c0d7cb75754fd7483db51a25d26a22e30f4ab745445d2
20220208.0,1281205.044453879,Main,PI 25%,16e3409dfe8376ad2b2c0d7cb75754fd7483db51a25d26a22e30f4ab745445d2
20220209.0,1256923.248901099,Main,PI 25%,16e3409dfe8376ad2b2c0d7cb75754fd7483db51a25d26a22e30f4ab745445d2
20220210.0,1220919.6438972962,Main,PI 25%,16e3409dfe8376ad2b2c0d7cb75754fd7483db51a25d26a22e30f4ab745445d2
20220216.0,1207198.1229844175,Main,PI 25%,16e3409dfe8376ad2b2c0d7cb75754fd7483db51a25d26a22e30f4ab745445d2
20220217.0,1207198.1229844175,Main,PI 25%,16e3409dfe8376ad2b2c0d7cb75754fd7483db51a25d26a22e30f4ab745445d2
20220218.0,1229025.978574467,Main,PI 25%,16e3409dfe8376ad2b2c0d7cb75754fd7483db51a25d26a22e30f4ab745445d2
20220221.0,1251455.467997453,Main,PI 25%,16e3409dfe8376ad2b2c0d7cb75754fd7483db51a25d26a22e30f4ab745445d2
20220222.0,1319007.9897442989,Main,PI 25%,16e3409dfe8376ad2b2c0d7cb75754fd7483db51a25d26a22e30f4ab745445d2
20220223.0,1295434.3724861555,Main,PI 25%,16e3409dfe8376ad2b2c0d7cb75754fd7483db51a25d26a22e30f4ab745445d2
20220224.0,1275965.4209008112,Main,PI 25%,16e3409dfe8376ad2b2c0d7cb75754fd7483db51a25d26a22e30f4ab745445d2
20220225.0,1270741.7026611934,Main,PI 25%,16e3409dfe8376ad2b2c0d7cb75754fd7483db51a25d26a22e30f4ab745445d2
20220228.0,1254129.585709023,Main,PI 25%,16e3409dfe8376ad2b2c0d7cb75754fd7483db51a25d26a22e30f4ab745445d2
20220301.0,1249764.5297876284,Main,PI 25%,16e3409dfe8376ad2b2c0d7cb75754fd7483db51a25d26a22e30f4ab745445d2
20220302.0,1222195.1741126766,Main,PI 25%,16e3409dfe8376ad2b2c0d7cb75754fd7483db51a25d26a22e30f4ab745445d2
20220303.0,1234458.4830861166,Main,PI 25%,16e3409dfe8376ad2b2c0d7cb75754fd7483db51a25d26a22e30f4ab745445d2
20220304.0,1219283.444631861,Main,PI 25%,16e3409dfe8376ad2b2c0d7cb75754fd7483db51a25d26a22e30f4ab745445d2
20220307.0,1250222.4514456517,Main,PI 25%,16e3409dfe8376ad2b2c0d7cb75754fd7483db51a25d26a22e30f4ab745445d2
20220308.0,1250222.4514456517,Main,PI 25%,16e3409dfe8376ad2b2c0d7cb75754fd7483db51a25d26a22e30f4ab745445d2
20220309.0,1250222.4514456517,Main,PI 25%,16e3409dfe8376ad2b2c0d7cb75754fd7483db51a25d26a22e30f4ab745445d2
20220310.0,1245484.131122025,Main,PI 25%,16e3409dfe8376ad2b2c0d7cb75754fd7483db51a25d26a22e30f4ab745445d2
20220311.0,1218161.8332830255,Main,PI 25%,16e3409dfe8376ad2b2c0d7cb75754fd7483db51a25d26a22e30f4ab745445d2
20220314.0,1169562.9490815494,Main,PI 25%,16e3409dfe8376ad2b2c0d7cb75754fd7483db51a25d26a22e30f4ab745445d2
20220315.0,1169562.9490815494,Main,PI 25%,16e3409dfe8376ad2b2c0d7cb75754fd7483db51a25d26a22e30f4ab745445d2
20220316.0,1169562.9490815494,Main,PI 25%,16e3409dfe8376ad2b2c0d7cb75754fd7483db51a25d26a22e30f4ab745445d2
20220317.0,1166871.0714242791,Main,PI 25%,16e3409dfe8376ad2b2c0d7cb75754fd7483db51a25d26a22e30f4ab745445d2
20220318.0,1140201.555019825,Main,PI 25%,16e3409dfe8376ad2b2c0d7cb75754fd7483db51a25d26a22e30f4ab745445d2
20220321.0,1132580.623826619,Main,PI 25%,16e3409dfe8376ad2b2c0d7cb75754fd7483db51a25d26a22e30f4ab745445d2
20220322.0,1160615.2572477504,Main,PI 25%,16e3409dfe8376ad2b2c0d7cb75754fd7483db51a25d26a22e30f4ab745445d2
20220323.0,1160615.2572477504,Main,PI 25%,16e3409dfe8376ad2b2c0d7cb75754fd7483db51a25d26a22e30f4ab745445d2
20220324.0,1160615.2572477504,Main,PI 25%,16e3409dfe8376ad2b2c0d7cb75754fd7483db51a25d26a22e30f4ab745445d2
20220325.0,1160615.2572477504,Main,PI 25%,16e3409dfe8376ad2b2c0d7cb75754fd7483db51a25d26a22e30f4ab745445d2
20220328.0,1158228.1200389925,Main,PI 25%,16e3409dfe8376ad2b2c0d7cb75754fd7483db51a25d26a22e30f4ab745445d2
20220329.0,1182138.1387332648,Main,PI 25%,16e3409dfe8376ad2b2c0d7cb75754fd7483db51a25d26a22e30f4ab745445d2
20220330.0,1133157.8993672084,Main,PI 25%,16e3409dfe8376ad2b2c0d7cb75754fd7483db51a25d26a22e30f4ab745445d2
20220331.0,1166441.4218466945,Main,PI 25%,16e3409dfe8376ad2b2c0d7cb75754fd7483db51a25d26a22e30f4ab745445d2
20220401.0,1166441.4218466945,Main,PI 25%,16e3409dfe8376ad2b2c0d7cb75754fd7483db51a25d26a22e30f4ab745445d2
20220406.0,1166441.4218466945,Main,PI 25%,16e3409dfe8376ad2b2c0d7cb75754fd7483db51a25d26a22e30f4ab745445d2
20220407.0,1140376.130967893,Main,PI 25%,16e3409dfe8376ad2b2c0d7cb75754fd7483db51a25d26a22e30f4ab745445d2
20220408.0,1085687.6777561868,Main,PI 25%,16e3409dfe8376ad2b2c0d7cb75754fd7483db51a25d26a22e30f4ab745445d2
20220411.0,1052589.5838013028,Main,PI 25%,16e3409dfe8376ad2b2c0d7cb75754fd7483db51a25d26a22e30f4ab745445d2
20220412.0,1067067.5497808126,Main,PI 25%,16e3409dfe8376ad2b2c0d7cb75754fd7483db51a25d26a22e30f4ab745445d2
20220413.0,1067067.5497808126,Main,PI 25%,16e3409dfe8376ad2b2c0d7cb75754fd7483db51a25d26a22e30f4ab745445d2
20220414.0,1067067.5497808126,Main,PI 25%,16e3409dfe8376ad2b2c0d7cb75754fd7483db51a25d26a22e30f4ab745445d2
20220415.0,1065385.706258809,Main,PI 25%,16e3409dfe8376ad2b2c0d7cb75754fd7483db51a25d26a22e30f4ab745445d2
20220418.0,1052660.9944508953,Main,PI 25%,16e3409dfe8376ad2b2c0d7cb75754fd7483db51a25d26a22e30f4ab745445d2
20220419.0,1060089.6071502508,Main,PI 25%,16e3409dfe8376ad2b2c0d7cb75754fd7483db51a25d26a22e30f4ab745445d2
20220420.0,1016942.0406479315,Main,PI 25%,16e3409dfe8376ad2b2c0d7cb75754fd7483db51a25d26a22e30f4ab745445d2
20220421.0,1027129.4831989566,Main,PI 25%,16e3409dfe8376ad2b2c0d7cb75754fd7483db51a25d26a22e30f4ab745445d2
20220422.0,976532.3933741177,Main,PI 25%,16e3409dfe8376ad2b2c0d7cb75754fd7483db51a25d26a22e30f4ab745445d2
20220425.0,961614.5291667358,Main,PI 25%,16e3409dfe8376ad2b2c0d7cb75754fd7483db51a25d26a22e30f4ab745445d2
20220426.0,994655.3865434926,Main,PI 25%,16e3409dfe8376ad2b2c0d7cb75754fd7483db51a25d26a22e30f4ab745445d2
20220427.0,993024.3915433894,Main,PI 25%,16e3409dfe8376ad2b2c0d7cb75754fd7483db51a25d26a22e30f4ab745445d2
20220428.0,1066126.683097895,Main,PI 25%,16e3409dfe8376ad2b2c0d7cb75754fd7483db51a25d26a22e30f4ab745445d2
20220429.0,1078402.8233663815,Main,PI 25%,16e3409dfe8376ad2b2c0d7cb75754fd7483db51a25d26a22e30f4ab745445d2
20220505.0,1084432.2828236886,Main,PI 25%,16e3409dfe8376ad2b2c0d7cb75754fd7483db51a25d26a22e30f4ab745445d2
20220506.0,1084432.2828236886,Main,PI 25%,16e3409dfe8376ad2b2c0d7cb75754fd7483db51a25d26a22e30f4ab745445d2
20220509.0,1088460.2762115519,Main,PI 25%,16e3409dfe8376ad2b2c0d7cb75754fd7483db51a25d26a22e30f4ab745445d2
20220510.0,1125927.693442226,Main,PI 25%,16e3409dfe8376ad2b2c0d7cb75754fd7483db51a25d26a22e30f4ab745445d2
20220511.0,1134150.45931312,Main,PI 25%,16e3409dfe8376ad2b2c0d7cb75754fd7483db51a25d26a22e30f4ab745445d2
20220512.0,1134594.252537173,Main,PI 25%,16e3409dfe8376ad2b2c0d7cb75754fd7483db51a25d26a22e30f4ab745445d2
20220513.0,1127437.0143057455,Main,PI 25%,16e3409dfe8376ad2b2c0d7cb75754fd7483db51a25d26a22e30f4ab745445d2
20220516.0,1127437.0143057455,Main,PI 25%,16e3409dfe8376ad2b2c0d7cb75754fd7483db51a25d26a22e30f4ab745445d2
20220517.0,1181304.411489767,Main,PI 25%,16e3409dfe8376ad2b2c0d7cb75754fd7483db51a25d26a22e30f4ab745445d2
20220518.0,1177646.7072178302,Main,PI 25%,16e3409dfe8376ad2b2c0d7cb75754fd7483db51a25d26a22e30f4ab745445d2
20220519.0,1177439.7973528008,Main,PI 25%,16e3409dfe8376ad2b2c0d7cb75754fd7483db51a25d26a22e30f4ab745445d2
20220520.0,1230571.3275063788,Main,PI 25%,16e3409dfe8376ad2b2c0d7cb75754fd7483db51a25d26a22e30f4ab745445d2
20220523.0,1230571.3275063788,Main,PI 25%,16e3409dfe8376ad2b2c0d7cb75754fd7483db51a25d26a22e30f4ab745445d2
20220524.0,1230571.3275063788,Main,PI 25%,16e3409dfe8376ad2b2c0d7cb75754fd7483db51a25d26a22e30f4ab745445d2
20220525.0,1243621.915988316,Main,PI 25%,16e3409dfe8376ad2b2c0d7cb75754fd7483db51a25d26a22e30f4ab745445d2
20220526.0,1218666.6086409616,Main,PI 25%,16e3409dfe8376ad2b2c0d7cb75754fd7483db51a25d26a22e30f4ab745445d2
20220527.0,1232715.0078664897,Main,PI 25%,16e3409dfe8376ad2b2c0d7cb75754fd7483db51a25d26a22e30f4ab745445d2
20220530.0,1232715.0078664897,Main,PI 25%,16e3409dfe8376ad2b2c0d7cb75754fd7483db51a25d26a22e30f4ab745445d2
20220531.0,1232715.0078664897,Main,PI 25%,16e3409dfe8376ad2b2c0d7cb75754fd7483db51a25d26a22e30f4ab745445d2
20220601.0,1232715.0078664897,Main,PI 25%,16e3409dfe8376ad2b2c0d7cb75754fd7483db51a25d26a22e30f4ab745445d2
20220602.0,1262511.1195546407,Main,PI 25%,16e3409dfe8376ad2b2c0d7cb75754fd7483db51a25d26a22e30f4ab745445d2
20220606.0,1277918.9577566434,Main,PI 25%,16e3409dfe8376ad2b2c0d7cb75754fd7483db51a25d26a22e30f4ab745445d2
20220607.0,1316859.1570203232,Main,PI 25%,16e3409dfe8376ad2b2c0d7cb75754fd7483db51a25d26a22e30f4ab745445d2
20220608.0,1316859.1570203232,Main,PI 25%,16e3409dfe8376ad2b2c0d7cb75754fd7483db51a25d26a22e30f4ab745445d2
20220609.0,1312701.050934052,Main,PI 25%,16e3409dfe8376ad2b2c0d7cb75754fd7483db51a25d26a22e30f4ab745445d2
20220610.0,1403520.2334371547,Main,PI 25%,16e3409dfe8376ad2b2c0d7cb75754fd7483db51a25d26a22e30f4ab745445d2
20220613.0,1405979.3442573773,Main,PI 25%,16e3409dfe8376ad2b2c0d7cb75754fd7483db51a25d26a22e30f4ab745445d2
20220614.0,1394571.830990763,Main,PI 25%,16e3409dfe8376ad2b2c0d7cb75754fd7483db51a25d26a22e30f4ab745445d2
20220615.0,1437101.0283209619,Main,PI 25%,16e3409dfe8376ad2b2c0d7cb75754fd7483db51a25d26a22e30f4ab745445d2
20220616.0,1457318.368016141,Main,PI 25%,16e3409dfe8376ad2b2c0d7cb75754fd7483db51a25d26a22e30f4ab745445d2
20220617.0,1462803.6181377377,Main,PI 25%,16e3409dfe8376ad2b2c0d7cb75754fd7483db51a25d26a22e30f4ab745445d2
20220620.0,1427212.2736326137,Main,PI 25%,16e3409dfe8376ad2b2c0d7cb75754fd7483db51a25d26a22e30f4ab745445d2
20220621.0,1427212.2736326137,Main,PI 25%,16e3409dfe8376ad2b2c0d7cb75754fd7483db51a25d26a22e30f4ab745445d2
20220622.0,1434088.30445469,Main,PI 25%,16e3409dfe8376ad2b2c0d7cb75754fd7483db51a25d26a22e30f4ab745445d2
20220623.0,1488653.7467190796,Main,PI 25%,16e3409dfe8376ad2b2c0d7cb75754fd7483db51a25d26a22e30f4ab745445d2
20220624.0,1533183.8688321742,Main,PI 25%,16e3409dfe8376ad2b2c0d7cb75754fd7483db51a25d26a22e30f4ab745445d2
20220627.0,1513212.7152868412,Main,PI 25%,16e3409dfe8376ad2b2c0d7cb75754fd7483db51a25d26a22e30f4ab745445d2
20220628.0,1461207.6372383167,Main,PI 25%,16e3409dfe8376ad2b2c0d7cb75754fd7483db51a25d26a22e30f4ab745445d2
20220629.0,1434542.8215953228,Main,PI 25%,16e3409dfe8376ad2b2c0d7cb75754fd7483db51a25d26a22e30f4ab745445d2
20220630.0,1444797.700853852,Main,PI 25%,16e3409dfe8376ad2b2c0d7cb75754fd7483db51a25d26a22e30f4ab745445d2
20220701.0,1504439.867757537,Main,PI 25%,16e3409dfe8376ad2b2c0d7cb75754fd7483db51a25d26a22e30f4ab745445d2
20220704.0,1487787.4416615025,Main,PI 25%,16e3409dfe8376ad2b2c0d7cb75754fd7483db51a25d26a22e30f4ab745445d2
20220705.0,1482470.8694133966,Main,PI 25%,16e3409dfe8376ad2b2c0d7cb75754fd7483db51a25d26a22e30f4ab745445d2
20220706.0,1436032.0731962153,Main,PI 25%,16e3409dfe8376ad2b2c0d7cb75754fd7483db51a25d26a22e30f4ab745445d2
20220707.0,1436032.0731962153,Main,PI 25%,16e3409dfe8376ad2b2c0d7cb75754fd7483db51a25d26a22e30f4ab745445d2
20220708.0,1456173.1125669621,Main,PI 25%,16e3409dfe8376ad2b2c0d7cb75754fd7483db51a25d26a22e30f4ab745445d2
20220711.0,1486627.1545735418,Main,PI 25%,16e3409dfe8376ad2b2c0d7cb75754fd7483db51a25d26a22e30f4ab745445d2
20220712.0,1573767.5142773977,Main,PI 25%,16e3409dfe8376ad2b2c0d7cb75754fd7483db51a25d26a22e30f4ab745445d2
20220713.0,1593997.6608083122,Main,PI 25%,16e3409dfe8376ad2b2c0d7cb75754fd7483db51a25d26a22e30f4ab745445d2
20220714.0,1750609.081916939,Main,PI 25%,16e3409dfe8376ad2b2c0d7cb75754fd7483db51a25d26a22e30f4ab745445d2
20220715.0,1836145.6580022157,Main,PI 25%,16e3409dfe8376ad2b2c0d7cb75754fd7483db51a25d26a22e30f4ab745445d2
20220718.0,1858635.951483366,Main,PI 25%,16e3409dfe8376ad2b2c0d7cb75754fd7483db51a25d26a22e30f4ab745445d2
20220719.0,1895585.375882339,Main,PI 25%,16e3409dfe8376ad2b2c0d7cb75754fd7483db51a25d26a22e30f4ab745445d2
20220720.0,1884952.867626505,Main,PI 25%,16e3409dfe8376ad2b2c0d7cb75754fd7483db51a25d26a22e30f4ab745445d2
20220721.0,1894486.12571314,Main,PI 25%,16e3409dfe8376ad2b2c0d7cb75754fd7483db51a25d26a22e30f4ab745445d2
20220722.0,1894486.12571314,Main,PI 25%,16e3409dfe8376ad2b2c0d7cb75754fd7483db51a25d26a22e30f4ab745445d2
20220725.0,1888252.9138293783,Main,PI 25%,16e3409dfe8376ad2b2c0d7cb75754fd7483db51a25d26a22e30f4ab745445d2
20220726.0,1942523.5417508031,Main,PI 25%,16e3409dfe8376ad2b2c0d7cb75754fd7483db51a25d26a22e30f4ab745445d2
20220727.0,2022728.9599836245,Main,PI 25%,16e3409dfe8376ad2b2c0d7cb75754fd7483db51a25d26a22e30f4ab745445d2
20220728.0,2022728.9599836245,Main,PI 25%,16e3409dfe8376ad2b2c0d7cb75754fd7483db51a25d26a22e30f4ab745445d2
20220729.0,2116959.14020217,Main,PI 25%,16e3409dfe8376ad2b2c0d7cb75754fd7483db51a25d26a22e30f4ab745445d2
20220801.0,2324514.9945341568,Main,PI 25%,16e3409dfe8376ad2b2c0d7cb75754fd7483db51a25d26a22e30f4ab745445d2
20220802.0,2335893.8684329507,Main,PI 25%,16e3409dfe8376ad2b2c0d7cb75754fd7483db51a25d26a22e30f4ab745445d2
20220803.0,2335893.8684329507,Main,PI 25%,16e3409dfe8376ad2b2c0d7cb75754fd7483db51a25d26a22e30f4ab745445d2
20220804.0,2335893.8684329507,Main,PI 25%,16e3409dfe8376ad2b2c0d7cb75754fd7483db51a25d26a22e30f4ab745445d2
20220805.0,2378578.8430402125,Main,PI 25%,16e3409dfe8376ad2b2c0d7cb75754fd7483db51a25d26a22e30f4ab745445d2
20220808.0,2379306.7282814994,Main,PI 25%,16e3409dfe8376ad2b2c0d7cb75754fd7483db51a25d26a22e30f4ab745445d2
20220809.0,2315253.3619713886,Main,PI 25%,16e3409dfe8376ad2b2c0d7cb75754fd7483db51a25d26a22e30f4ab745445d2
20220810.0,2315253.3619713886,Main,PI 25%,16e3409dfe8376ad2b2c0d7cb75754fd7483db51a25d26a22e30f4ab745445d2
20220811.0,2315253.3619713886,Main,PI 25%,16e3409dfe8376ad2b2c0d7cb75754fd7483db51a25d26a22e30f4ab745445d2
20220812.0,2315248.523004877,Main,PI 25%,16e3409dfe8376ad2b2c0d7cb75754fd7483db51a25d26a22e30f4ab745445d2
20220815.0,2371294.3679685877,Main,PI 25%,16e3409dfe8376ad2b2c0d7cb75754fd7483db51a25d26a22e30f4ab745445d2
20220816.0,2389643.720132593,Main,PI 25%,16e3409dfe8376ad2b2c0d7cb75754fd7483db51a25d26a22e30f4ab745445d2
20220817.0,2389643.720132593,Main,PI 25%,16e3409dfe8376ad2b2c0d7cb75754fd7483db51a25d26a22e30f4ab745445d2
20220818.0,2389643.720132593,Main,PI 25%,16e3409dfe8376ad2b2c0d7cb75754fd7483db51a25d26a22e30f4ab745445d2
20220819.0,2425760.7990402984,Main,PI 25%,16e3409dfe8376ad2b2c0d7cb75754fd7483db51a25d26a22e30f4ab745445d2
20220822.0,2491679.2990964106,Main,PI 25%,16e3409dfe8376ad2b2c0d7cb75754fd7483db51a25d26a22e30f4ab745445d2
20220823.0,2451504.0928299027,Main,PI 25%,16e3409dfe8376ad2b2c0d7cb75754fd7483db51a25d26a22e30f4ab745445d2
20220824.0,2483558.581648204,Main,PI 25%,16e3409dfe8376ad2b2c0d7cb75754fd7483db51a25d26a22e30f4ab745445d2
20220825.0,2483558.581648204,Main,PI 25%,16e3409dfe8376ad2b2c0d7cb75754fd7483db51a25d26a22e30f4ab745445d2
20220826.0,2483558.581648204,Main,PI 25%,16e3409dfe8376ad2b2c0d7cb75754fd7483db51a25d26a22e30f4ab745445d2
20220829.0,2455900.3271149425,Main,PI 25%,16e3409dfe8376ad2b2c0d7cb75754fd7483db51a25d26a22e30f4ab745445d2
20220830.0,2272587.464234941,Main,PI 25%,16e3409dfe8376ad2b2c0d7cb75754fd7483db51a25d26a22e30f4ab745445d2
20220831.0,2168767.348236954,Main,PI 25%,16e3409dfe8376ad2b2c0d7cb75754fd7483db51a25d26a22e30f4ab745445d2
20220901.0,2168767.348236954,Main,PI 25%,16e3409dfe8376ad2b2c0d7cb75754fd7483db51a25d26a22e30f4ab745445d2
20220902.0,2168767.348236954,Main,PI 25%,16e3409dfe8376ad2b2c0d7cb75754fd7483db51a25d26a22e30f4ab745445d2
20220905.0,2199741.6007194584,Main,PI 25%,16e3409dfe8376ad2b2c0d7cb75754fd7483db51a25d26a22e30f4ab745445d2
20220906.0,2156165.0763608096,Main,PI 25%,16e3409dfe8376ad2b2c0d7cb75754fd7483db51a25d26a22e30f4ab745445d2
20220907.0,2151353.401468911,Main,PI 25%,16e3409dfe8376ad2b2c0d7cb75754fd7483db51a25d26a22e30f4ab745445d2
20220908.0,2151353.401468911,Main,PI 25%,16e3409dfe8376ad2b2c0d7cb75754fd7483db51a25d26a22e30f4ab745445d2
20220909.0,2151353.401468911,Main,PI 25%,16e3409dfe8376ad2b2c0d7cb75754fd7483db51a25d26a22e30f4ab745445d2
20220913.0,2104842.5756622483,Main,PI 25%,16e3409dfe8376ad2b2c0d7cb75754fd7483db51a25d26a22e30f4ab745445d2
20220914.0,2049351.4337747877,Main,PI 25%,16e3409dfe8376ad2b2c0d7cb75754fd7483db51a25d26a22e30f4ab745445d2
20220915.0,2005153.9352279368,Main,PI 25%,16e3409dfe8376ad2b2c0d7cb75754fd7483db51a25d26a22e30f4ab745445d2
20220916.0,2127569.9607048524,Main,PI 25%,16e3409dfe8376ad2b2c0d7cb75754fd7483db51a25d26a22e30f4ab745445d2
20220919.0,2127569.9607048524,Main,PI 25%,16e3409dfe8376ad2b2c0d7cb75754fd7483db51a25d26a22e30f4ab745445d2
20220920.0,2090269.4550075678,Main,PI 25%,16e3409dfe8376ad2b2c0d7cb75754fd7483db51a25d26a22e30f4ab745445d2
20220921.0,2127332.809784826,Main,PI 25%,16e3409dfe8376ad2b2c0d7cb75754fd7483db51a25d26a22e30f4ab745445d2
20220922.0,2055690.7651645727,Main,PI 25%,16e3409dfe8376ad2b2c0d7cb75754fd7483db51a25d26a22e30f4ab745445d2
20220923.0,1998749.587508755,Main,PI 25%,16e3409dfe8376ad2b2c0d7cb75754fd7483db51a25d26a22e30f4ab745445d2
20220926.0,2018891.8279708852,Main,PI 25%,16e3409dfe8376ad2b2c0d7cb75754fd7483db51a25d26a22e30f4ab745445d2
20220927.0,1965371.893797383,Main,PI 25%,16e3409dfe8376ad2b2c0d7cb75754fd7483db51a25d26a22e30f4ab745445d2
20220928.0,1879193.6127661644,Main,PI 25%,16e3409dfe8376ad2b2c0d7cb75754fd7483db51a25d26a22e30f4ab745445d2
20220930.0,1890346.7294091582,Main,PI 25%,16e3409dfe8376ad2b2c0d7cb75754fd7483db51a25d26a22e30f4ab745445d2
20221010.0,1929565.3345961932,Main,PI 25%,16e3409dfe8376ad2b2c0d7cb75754fd7483db51a25d26a22e30f4ab745445d2
20221011.0,2029601.7498475285,Main,PI 25%,16e3409dfe8376ad2b2c0d7cb75754fd7483db51a25d26a22e30f4ab745445d2
20221012.0,2046156.571161283,Main,PI 25%,16e3409dfe8376ad2b2c0d7cb75754fd7483db51a25d26a22e30f4ab745445d2
20221013.0,2072187.1688932918,Main,PI 25%,16e3409dfe8376ad2b2c0d7cb75754fd7483db51a25d26a22e30f4ab745445d2
20221014.0,2068894.9707487882,Main,PI 25%,16e3409dfe8376ad2b2c0d7cb75754fd7483db51a25d26a22e30f4ab745445d2
20221017.0,2070795.3612000227,Main,PI 25%,16e3409dfe8376ad2b2c0d7cb75754fd7483db51a25d26a22e30f4ab745445d2
20221018.0,2038569.6433821768,Main,PI 25%,16e3409dfe8376ad2b2c0d7cb75754fd7483db51a25d26a22e30f4ab745445d2
20221019.0,2085495.5682601933,Main,PI 25%,16e3409dfe8376ad2b2c0d7cb75754fd7483db51a25d26a22e30f4ab745445d2
20221020.0,2182351.5392643176,Main,PI 25%,16e3409dfe8376ad2b2c0d7cb75754fd7483db51a25d26a22e30f4ab745445d2
20221021.0,2278664.3938463484,Main,PI 25%,16e3409dfe8376ad2b2c0d7cb75754fd7483db51a25d26a22e30f4ab745445d2
20221024.0,2292937.638770905,Main,PI 25%,16e3409dfe8376ad2b2c0d7cb75754fd7483db51a25d26a22e30f4ab745445d2
20221025.0,2293339.8173602107,Main,PI 25%,16e3409dfe8376ad2b2c0d7cb75754fd7483db51a25d26a22e30f4ab745445d2
20221026.0,2137375.849831676,Main,PI 25%,16e3409dfe8376ad2b2c0d7cb75754fd7483db51a25d26a22e30f4ab745445d2
20221027.0,2171951.446764929,Main,PI 25%,16e3409dfe8376ad2b2c0d7cb75754fd7483db51a25d26a22e30f4ab745445d2
20221028.0,2191394.6668565106,Main,PI 25%,16e3409dfe8376ad2b2c0d7cb75754fd7483db51a25d26a22e30f4ab745445d2
20221031.0,2326526.4395054677,Main,PI 25%,16e3409dfe8376ad2b2c0d7cb75754fd7483db51a25d26a22e30f4ab745445d2
20221101.0,2464594.7028102265,Main,PI 25%,16e3409dfe8376ad2b2c0d7cb75754fd7483db51a25d26a22e30f4ab745445d2
20221102.0,2428465.1123682274,Main,PI 25%,16e3409dfe8376ad2b2c0d7cb75754fd7483db51a25d26a22e30f4ab745445d2
20221103.0,2572153.814794365,Main,PI 25%,16e3409dfe8376ad2b2c0d7cb75754fd7483db51a25d26a22e30f4ab745445d2
20221104.0,2587377.5000347923,Main,PI 25%,16e3409dfe8376ad2b2c0d7cb75754fd7483db51a25d26a22e30f4ab745445d2
20221107.0,2560790.4275173135,Main,PI 25%,16e3409dfe8376ad2b2c0d7cb75754fd7483db51a25d26a22e30f4ab745445d2
20221108.0,2560394.1899555214,Main,PI 25%,16e3409dfe8376ad2b2c0d7cb75754fd7483db51a25d26a22e30f4ab745445d2
20221109.0,2500755.3823294435,Main,PI 25%,16e3409dfe8376ad2b2c0d7cb75754fd7483db51a25d26a22e30f4ab745445d2
20221110.0,2517051.966410564,Main,PI 25%,16e3409dfe8376ad2b2c0d7cb75754fd7483db51a25d26a22e30f4ab745445d2
20221111.0,2434912.628783276,Main,PI 25%,16e3409dfe8376ad2b2c0d7cb75754fd7483db51a25d26a22e30f4ab745445d2
20221114.0,2469175.1399697457,Main,PI 25%,16e3409dfe8376ad2b2c0d7cb75754fd7483db51a25d26a22e30f4ab745445d2
20221115.0,2542045.868065433,Main,PI 25%,16e3409dfe8376ad2b2c0d7cb75754fd7483db51a25d26a22e30f4ab745445d2
20221116.0,2624463.7051779134,Main,PI 25%,16e3409dfe8376ad2b2c0d7cb75754fd7483db51a25d26a22e30f4ab745445d2
20221117.0,2542118.8203476337,Main,PI 25%,16e3409dfe8376ad2b2c0d7cb75754fd7483db51a25d26a22e30f4ab745445d2
20221118.0,2605547.181754013,Main,PI 25%,16e3409dfe8376ad2b2c0d7cb75754fd7483db51a25d26a22e30f4ab745445d2
20221121.0,2557216.447368498,Main,PI 25%,16e3409dfe8376ad2b2c0d7cb75754fd7483db51a25d26a22e30f4ab745445d2
20221122.0,2569662.718254368,Main,PI 25%,16e3409dfe8376ad2b2c0d7cb75754fd7483db51a25d26a22e30f4ab745445d2
20221123.0,2665401.4225196806,Main,PI 25%,16e3409dfe8376ad2b2c0d7cb75754fd7483db51a25d26a22e30f4ab745445d2
20221124.0,2615557.213761419,Main,PI 25%,16e3409dfe8376ad2b2c0d7cb75754fd7483db51a25d26a22e30f4ab745445d2
20221125.0,2617989.000249802,Main,PI 25%,16e3409dfe8376ad2b2c0d7cb75754fd7483db51a25d26a22e30f4ab745445d2
20221128.0,2635376.402003411,Main,PI 25%,16e3409dfe8376ad2b2c0d7cb75754fd7483db51a25d26a22e30f4ab745445d2
20221129.0,2649425.756534073,Main,PI 25%,16e3409dfe8376ad2b2c0d7cb75754fd7483db51a25d26a22e30f4ab745445d2
20221130.0,2676767.6268929387,Main,PI 25%,16e3409dfe8376ad2b2c0d7cb75754fd7483db51a25d26a22e30f4ab745445d2
20221201.0,2691924.26796798,Main,PI 25%,16e3409dfe8376ad2b2c0d7cb75754fd7483db51a25d26a22e30f4ab745445d2
20221202.0,2799295.633261488,Main,PI 25%,16e3409dfe8376ad2b2c0d7cb75754fd7483db51a25d26a22e30f4ab745445d2
20221205.0,2780444.077646074,Main,PI 25%,16e3409dfe8376ad2b2c0d7cb75754fd7483db51a25d26a22e30f4ab745445d2
20221206.0,2814839.3613319113,Main,PI 25%,16e3409dfe8376ad2b2c0d7cb75754fd7483db51a25d26a22e30f4ab745445d2
20221207.0,2834788.1614529984,Main,PI 25%,16e3409dfe8376ad2b2c0d7cb75754fd7483db51a25d26a22e30f4ab745445d2
20221208.0,2832007.3756906055,Main,PI 25%,16e3409dfe8376ad2b2c0d7cb75754fd7483db51a25d26a22e30f4ab745445d2
20221209.0,2799180.3608027804,Main,PI 25%,16e3409dfe8376ad2b2c0d7cb75754fd7483db51a25d26a22e30f4ab745445d2
20221212.0,2755270.6615491016,Main,PI 25%,16e3409dfe8376ad2b2c0d7cb75754fd7483db51a25d26a22e30f4ab745445d2
20221213.0,2772200.207167803,Main,PI 25%,16e3409dfe8376ad2b2c0d7cb75754fd7483db51a25d26a22e30f4ab745445d2
20221214.0,2774796.9698217115,Main,PI 25%,16e3409dfe8376ad2b2c0d7cb75754fd7483db51a25d26a22e30f4ab745445d2
20221215.0,2783970.8129448504,Main,PI 25%,16e3409dfe8376ad2b2c0d7cb75754fd7483db51a25d26a22e30f4ab745445d2
20221216.0,2755863.841906,Main,PI 25%,16e3409dfe8376ad2b2c0d7cb75754fd7483db51a25d26a22e30f4ab745445d2
20221219.0,2698699.9129045396,Main,PI 25%,16e3409dfe8376ad2b2c0d7cb75754fd7483db51a25d26a22e30f4ab745445d2
20221220.0,2677955.6804694757,Main,PI 25%,16e3409dfe8376ad2b2c0d7cb75754fd7483db51a25d26a22e30f4ab745445d2
20221221.0,2630949.628478518,Main,PI 25%,16e3409dfe8376ad2b2c0d7cb75754fd7483db51a25d26a22e30f4ab745445d2
20221222.0,2609348.0514457696,Main,PI 25%,16e3409dfe8376ad2b2c0d7cb75754fd7483db51a25d26a22e30f4ab745445d2
20221223.0,2701444.3018197366,Main,PI 25%,16e3409dfe8376ad2b2c0d7cb75754fd7483db51a25d26a22e30f4ab745445d2
20221226.0,2788955.2473329543,Main,PI 25%,16e3409dfe8376ad2b2c0d7cb75754fd7483db51a25d26a22e30f4ab745445d2
20221227.0,2801498.1554663135,Main,PI 25%,16e3409dfe8376ad2b2c0d7cb75754fd7483db51a25d26a22e30f4ab745445d2
20221228.0,2803125.8791826735,Main,PI 25%,16e3409dfe8376ad2b2c0d7cb75754fd7483db51a25d26a22e30f4ab745445d2
20221229.0,2807421.745081542,Main,PI 25%,16e3409dfe8376ad2b2c0d7cb75754fd7483db51a25d26a22e30f4ab745445d2
20221230.0,2841810.9510262366,Main,PI 25%,16e3409dfe8376ad2b2c0d7cb75754fd7483db51a25d26a22e30f4ab745445d2
20230103.0,2854770.503940109,Main,PI 25%,16e3409dfe8376ad2b2c0d7cb75754fd7483db51a25d26a22e30f4ab745445d2
20230104.0,2906820.1629611575,Main,PI 25%,16e3409dfe8376ad2b2c0d7cb75754fd7483db51a25d26a22e30f4ab745445d2
20230105.0,2875216.933223683,Main,PI 25%,16e3409dfe8376ad2b2c0d7cb75754fd7483db51a25d26a22e30f4ab745445d2
20230106.0,2870617.949343951,Main,PI 25%,16e3409dfe8376ad2b2c0d7cb75754fd7483db51a25d26a22e30f4ab745445d2
20230109.0,2873956.120454305,Main,PI 25%,16e3409dfe8376ad2b2c0d7cb75754fd7483db51a25d26a22e30f4ab745445d2
20230110.0,2839425.125472904,Main,PI 25%,16e3409dfe8376ad2b2c0d7cb75754fd7483db51a25d26a22e30f4ab745445d2
20230111.0,2861508.4926732276,Main,PI 25%,16e3409dfe8376ad2b2c0d7cb75754fd7483db51a25d26a22e30f4ab745445d2
20230112.0,2861508.4926732276,Main,PI 25%,16e3409dfe8376ad2b2c0d7cb75754fd7483db51a25d26a22e30f4ab745445d2
20230113.0,2861508.4926732276,Main,PI 25%,16e3409dfe8376ad2b2c0d7cb75754fd7483db51a25d26a22e30f4ab745445d2
20230116.0,2853733.9659536406,Main,PI 25%,16e3409dfe8376ad2b2c0d7cb75754fd7483db51a25d26a22e30f4ab745445d2
20230117.0,2921042.248551591,Main,PI 25%,16e3409dfe8376ad2b2c0d7cb75754fd7483db51a25d26a22e30f4ab745445d2
20230118.0,2954330.769281396,Main,PI 25%,16e3409dfe8376ad2b2c0d7cb75754fd7483db51a25d26a22e30f4ab745445d2
20230119.0,3140098.995437304,Main,PI 25%,16e3409dfe8376ad2b2c0d7cb75754fd7483db51a25d26a22e30f4ab745445d2
20230120.0,3222587.388316619,Main,PI 25%,16e3409dfe8376ad2b2c0d7cb75754fd7483db51a25d26a22e30f4ab745445d2
20230130.0,3320099.4762695814,Main,PI 25%,16e3409dfe8376ad2b2c0d7cb75754fd7483db51a25d26a22e30f4ab745445d2
20230131.0,3432134.755866343,Main,PI 25%,16e3409dfe8376ad2b2c0d7cb75754fd7483db51a25d26a22e30f4ab745445d2
20230201.0,3500916.646446481,Main,PI 25%,16e3409dfe8376ad2b2c0d7cb75754fd7483db51a25d26a22e30f4ab745445d2
20230202.0,3494965.2543497058,Main,PI 25%,16e3409dfe8376ad2b2c0d7cb75754fd7483db51a25d26a22e30f4ab745445d2
20230203.0,3456433.8324196916,Main,PI 25%,16e3409dfe8376ad2b2c0d7cb75754fd7483db51a25d26a22e30f4ab745445d2
20230206.0,3480865.7417258327,Main,PI 25%,16e3409dfe8376ad2b2c0d7cb75754fd7483db51a25d26a22e30f4ab745445d2
20230207.0,3438043.247126539,Main,PI 25%,16e3409dfe8376ad2b2c0d7cb75754fd7483db51a25d26a22e30f4ab745445d2
20230208.0,3453192.6290558153,Main,PI 25%,16e3409dfe8376ad2b2c0d7cb75754fd7483db51a25d26a22e30f4ab745445d2
20230209.0,3408660.9914597017,Main,PI 25%,16e3409dfe8376ad2b2c0d7cb75754fd7483db51a25d26a22e30f4ab745445d2
20230210.0,3506444.4226601697,Main,PI 25%,16e3409dfe8376ad2b2c0d7cb75754fd7483db51a25d26a22e30f4ab745445d2
20230213.0,3481473.404679575,Main,PI 25%,16e3409dfe8376ad2b2c0d7cb75754fd7483db51a25d26a22e30f4ab745445d2
20230214.0,3481473.404679575,Main,PI 25%,16e3409dfe8376ad2b2c0d7cb75754fd7483db51a25d26a22e30f4ab745445d2
20230215.0,3361280.464529459,Main,PI 25%,16e3409dfe8376ad2b2c0d7cb75754fd7483db51a25d26a22e30f4ab745445d2
20230216.0,3361280.464529459,Main,PI 25%,16e3409dfe8376ad2b2c0d7cb75754fd7483db51a25d26a22e30f4ab745445d2
20230217.0,3361280.464529459,Main,PI 25%,16e3409dfe8376ad2b2c0d7cb75754fd7483db51a25d26a22e30f4ab745445d2
20230220.0,3326062.9272045363,Main,PI 25%,16e3409dfe8376ad2b2c0d7cb75754fd7483db51a25d26a22e30f4ab745445d2
20230221.0,3323559.45614216,Main,PI 25%,16e3409dfe8376ad2b2c0d7cb75754fd7483db51a25d26a22e30f4ab745445d2
20230222.0,3318243.968356283,Main,PI 25%,16e3409dfe8376ad2b2c0d7cb75754fd7483db51a25d26a22e30f4ab745445d2
20230223.0,3304723.397190726,Main,PI 25%,16e3409dfe8376ad2b2c0d7cb75754fd7483db51a25d26a22e30f4ab745445d2
20230224.0,3292069.598096506,Main,PI 25%,16e3409dfe8376ad2b2c0d7cb75754fd7483db51a25d26a22e30f4ab745445d2
20230227.0,3329203.552687245,Main,PI 25%,16e3409dfe8376ad2b2c0d7cb75754fd7483db51a25d26a22e30f4ab745445d2
20230228.0,3317086.638359285,Main,PI 25%,16e3409dfe8376ad2b2c0d7cb75754fd7483db51a25d26a22e30f4ab745445d2
20230301.0,3353446.685724837,Main,PI 25%,16e3409dfe8376ad2b2c0d7cb75754fd7483db51a25d26a22e30f4ab745445d2
20230302.0,3361042.9932521125,Main,PI 25%,16e3409dfe8376ad2b2c0d7cb75754fd7483db51a25d26a22e30f4ab745445d2
20230303.0,3361042.9932521125,Main,PI 25%,16e3409dfe8376ad2b2c0d7cb75754fd7483db51a25d26a22e30f4ab745445d2
20211207.0,1000000.0,Main,PI 50%,16e3409dfe8376ad2b2c0d7cb75754fd7483db51a25d26a22e30f4ab745445d2
20211208.0,1001218.0933703221,Main,PI 50%,16e3409dfe8376ad2b2c0d7cb75754fd7483db51a25d26a22e30f4ab745445d2
20211209.0,1073860.8037673319,Main,PI 50%,16e3409dfe8376ad2b2c0d7cb75754fd7483db51a25d26a22e30f4ab745445d2
20211210.0,1088798.5985126232,Main,PI 50%,16e3409dfe8376ad2b2c0d7cb75754fd7483db51a25d26a22e30f4ab745445d2
20211213.0,1138370.0817863552,Main,PI 50%,16e3409dfe8376ad2b2c0d7cb75754fd7483db51a25d26a22e30f4ab745445d2
20211214.0,1129452.9046960652,Main,PI 50%,16e3409dfe8376ad2b2c0d7cb75754fd7483db51a25d26a22e30f4ab745445d2
20211215.0,1129452.9046960652,Main,PI 50%,16e3409dfe8376ad2b2c0d7cb75754fd7483db51a25d26a22e30f4ab745445d2
20211216.0,1129452.9046960652,Main,PI 50%,16e3409dfe8376ad2b2c0d7cb75754fd7483db51a25d26a22e30f4ab745445d2
20211217.0,1123734.1362677228,Main,PI 50%,16e3409dfe8376ad2b2c0d7cb75754fd7483db51a25d26a22e30f4ab745445d2
20211220.0,1178130.5918087927,Main,PI 50%,16e3409dfe8376ad2b2c0d7cb75754fd7483db51a25d26a22e30f4ab745445d2
20211221.0,1166779.9363922395,Main,PI 50%,16e3409dfe8376ad2b2c0d7cb75754fd7483db51a25d26a22e30f4ab745445d2
20211222.0,1233688.9655393034,Main,PI 50%,16e3409dfe8376ad2b2c0d7cb75754fd7483db51a25d26a22e30f4ab745445d2
20211223.0,1256260.727648664,Main,PI 50%,16e3409dfe8376ad2b2c0d7cb75754fd7483db51a25d26a22e30f4ab745445d2
20211224.0,1290266.828165732,Main,PI 50%,16e3409dfe8376ad2b2c0d7cb75754fd7483db51a25d26a22e30f4ab745445d2
20211227.0,1252081.8800137069,Main,PI 50%,16e3409dfe8376ad2b2c0d7cb75754fd7483db51a25d26a22e30f4ab745445d2
20211228.0,1235385.585865556,Main,PI 50%,16e3409dfe8376ad2b2c0d7cb75754fd7483db51a25d26a22e30f4ab745445d2
20211229.0,1240947.8856627177,Main,PI 50%,16e3409dfe8376ad2b2c0d7cb75754fd7483db51a25d26a22e30f4ab745445d2
20211230.0,1222372.1145853729,Main,PI 50%,16e3409dfe8376ad2b2c0d7cb75754fd7483db51a25d26a22e30f4ab745445d2
20211231.0,1232408.8259833462,Main,PI 50%,16e3409dfe8376ad2b2c0d7cb75754fd7483db51a25d26a22e30f4ab745445d2
20220104.0,1220753.1931225145,Main,PI 50%,16e3409dfe8376ad2b2c0d7cb75754fd7483db51a25d26a22e30f4ab745445d2
20220105.0,1286843.8310117517,Main,PI 50%,16e3409dfe8376ad2b2c0d7cb75754fd7483db51a25d26a22e30f4ab745445d2
20220106.0,1268932.9503064572,Main,PI 50%,16e3409dfe8376ad2b2c0d7cb75754fd7483db51a25d26a22e30f4ab745445d2
20220107.0,1314849.213815254,Main,PI 50%,16e3409dfe8376ad2b2c0d7cb75754fd7483db51a25d26a22e30f4ab745445d2
20220110.0,1297203.2628309461,Main,PI 50%,16e3409dfe8376ad2b2c0d7cb75754fd7483db51a25d26a22e30f4ab745445d2
20220111.0,1321027.4872986546,Main,PI 50%,16e3409dfe8376ad2b2c0d7cb75754fd7483db51a25d26a22e30f4ab745445d2
20220112.0,1320424.9208678503,Main,PI 50%,16e3409dfe8376ad2b2c0d7cb75754fd7483db51a25d26a22e30f4ab745445d2
20220113.0,1299096.728578769,Main,PI 50%,16e3409dfe8376ad2b2c0d7cb75754fd7483db51a25d26a22e30f4ab745445d2
20220114.0,1345300.2226916812,Main,PI 50%,16e3409dfe8376ad2b2c0d7cb75754fd7483db51a25d26a22e30f4ab745445d2
20220117.0,1297392.8571867151,Main,PI 50%,16e3409dfe8376ad2b2c0d7cb75754fd7483db51a25d26a22e30f4ab745445d2
20220118.0,1296724.0563445254,Main,PI 50%,16e3409dfe8376ad2b2c0d7cb75754fd7483db51a25d26a22e30f4ab745445d2
20220119.0,1264394.6157875522,Main,PI 50%,16e3409dfe8376ad2b2c0d7cb75754fd7483db51a25d26a22e30f4ab745445d2
20220120.0,1206334.4399117224,Main,PI 50%,16e3409dfe8376ad2b2c0d7cb75754fd7483db51a25d26a22e30f4ab745445d2
20220121.0,1225149.7352839105,Main,PI 50%,16e3409dfe8376ad2b2c0d7cb75754fd7483db51a25d26a22e30f4ab745445d2
20220124.0,1182972.4174228506,Main,PI 50%,16e3409dfe8376ad2b2c0d7cb75754fd7483db51a25d26a22e30f4ab745445d2
20220125.0,1177354.8050324903,Main,PI 50%,16e3409dfe8376ad2b2c0d7cb75754fd7483db51a25d26a22e30f4ab745445d2
20220126.0,1114971.1681220923,Main,PI 50%,16e3409dfe8376ad2b2c0d7cb75754fd7483db51a25d26a22e30f4ab745445d2
20220127.0,1128756.9111436747,Main,PI 50%,16e3409dfe8376ad2b2c0d7cb75754fd7483db51a25d26a22e30f4ab745445d2
20220128.0,1148036.1904296828,Main,PI 50%,16e3409dfe8376ad2b2c0d7cb75754fd7483db51a25d26a22e30f4ab745445d2
20220207.0,1161372.243748567,Main,PI 50%,16e3409dfe8376ad2b2c0d7cb75754fd7483db51a25d26a22e30f4ab745445d2
20220208.0,1175111.8599235099,Main,PI 50%,16e3409dfe8376ad2b2c0d7cb75754fd7483db51a25d26a22e30f4ab745445d2
20220209.0,1152843.5831640002,Main,PI 50%,16e3409dfe8376ad2b2c0d7cb75754fd7483db51a25d26a22e30f4ab745445d2
20220210.0,1119822.1636336013,Main,PI 50%,16e3409dfe8376ad2b2c0d7cb75754fd7483db51a25d26a22e30f4ab745445d2
20220216.0,1107247.2425108135,Main,PI 50%,16e3409dfe8376ad2b2c0d7cb75754fd7483db51a25d26a22e30f4ab745445d2
20220217.0,1107247.2425108135,Main,PI 50%,16e3409dfe8376ad2b2c0d7cb75754fd7483db51a25d26a22e30f4ab745445d2
20220218.0,1114512.590834172,Main,PI 50%,16e3409dfe8376ad2b2c0d7cb75754fd7483db51a25d26a22e30f4ab745445d2
20220221.0,1114179.3800867193,Main,PI 50%,16e3409dfe8376ad2b2c0d7cb75754fd7483db51a25d26a22e30f4ab745445d2
20220222.0,1137492.134931102,Main,PI 50%,16e3409dfe8376ad2b2c0d7cb75754fd7483db51a25d26a22e30f4ab745445d2
20220223.0,1097804.760417743,Main,PI 50%,16e3409dfe8376ad2b2c0d7cb75754fd7483db51a25d26a22e30f4ab745445d2
20220224.0,1081314.6073909048,Main,PI 50%,16e3409dfe8376ad2b2c0d7cb75754fd7483db51a25d26a22e30f4ab745445d2
20220225.0,1076887.1385686055,Main,PI 50%,16e3409dfe8376ad2b2c0d7cb75754fd7483db51a25d26a22e30f4ab745445d2
20220228.0,1101477.0103460054,Main,PI 50%,16e3409dfe8376ad2b2c0d7cb75754fd7483db51a25d26a22e30f4ab745445d2
20220301.0,1096524.361332648,Main,PI 50%,16e3409dfe8376ad2b2c0d7cb75754fd7483db51a25d26a22e30f4ab745445d2
20220302.0,1078209.708067789,Main,PI 50%,16e3409dfe8376ad2b2c0d7cb75754fd7483db51a25d26a22e30f4ab745445d2
20220303.0,1073761.9017696267,Main,PI 50%,16e3409dfe8376ad2b2c0d7cb75754fd7483db51a25d26a22e30f4ab745445d2
20220304.0,1086122.19784284,Main,PI 50%,16e3409dfe8376ad2b2c0d7cb75754fd7483db51a25d26a22e30f4ab745445d2
20220307.0,1113670.803519879,Main,PI 50%,16e3409dfe8376ad2b2c0d7cb75754fd7483db51a25d26a22e30f4ab745445d2
20220308.0,1113670.803519879,Main,PI 50%,16e3409dfe8376ad2b2c0d7cb75754fd7483db51a25d26a22e30f4ab745445d2
20220309.0,1113670.803519879,Main,PI 50%,16e3409dfe8376ad2b2c0d7cb75754fd7483db51a25d26a22e30f4ab745445d2
20220310.0,1104229.2248259436,Main,PI 50%,16e3409dfe8376ad2b2c0d7cb75754fd7483db51a25d26a22e30f4ab745445d2
20220311.0,1089068.220857211,Main,PI 50%,16e3409dfe8376ad2b2c0d7cb75754fd7483db51a25d26a22e30f4ab745445d2
20220314.0,1045613.1899385732,Main,PI 50%,16e3409dfe8376ad2b2c0d7cb75754fd7483db51a25d26a22e30f4ab745445d2
20220315.0,1045613.1899385732,Main,PI 50%,16e3409dfe8376ad2b2c0d7cb75754fd7483db51a25d26a22e30f4ab745445d2
20220316.0,1045613.1899385732,Main,PI 50%,16e3409dfe8376ad2b2c0d7cb75754fd7483db51a25d26a22e30f4ab745445d2
20220317.0,1022373.6117118914,Main,PI 50%,16e3409dfe8376ad2b2c0d7cb75754fd7483db51a25d26a22e30f4ab745445d2
20220318.0,1029515.9544174788,Main,PI 50%,16e3409dfe8376ad2b2c0d7cb75754fd7483db51a25d26a22e30f4ab745445d2
20220321.0,1022638.5180554447,Main,PI 50%,16e3409dfe8376ad2b2c0d7cb75754fd7483db51a25d26a22e30f4ab745445d2
20220322.0,1047914.5164242183,Main,PI 50%,16e3409dfe8376ad2b2c0d7cb75754fd7483db51a25d26a22e30f4ab745445d2
20220323.0,1047914.5164242183,Main,PI 50%,16e3409dfe8376ad2b2c0d7cb75754fd7483db51a25d26a22e30f4ab745445d2
20220324.0,1047914.5164242183,Main,PI 50%,16e3409dfe8376ad2b2c0d7cb75754fd7483db51a25d26a22e30f4ab745445d2
20220325.0,1047914.5164242183,Main,PI 50%,16e3409dfe8376ad2b2c0d7cb75754fd7483db51a25d26a22e30f4ab745445d2
20220328.0,1048547.2201313087,Main,PI 50%,16e3409dfe8376ad2b2c0d7cb75754fd7483db51a25d26a22e30f4ab745445d2
20220329.0,1065274.9245362594,Main,PI 50%,16e3409dfe8376ad2b2c0d7cb75754fd7483db51a25d26a22e30f4ab745445d2
20220330.0,1021169.5887831016,Main,PI 50%,16e3409dfe8376ad2b2c0d7cb75754fd7483db51a25d26a22e30f4ab745445d2
20220331.0,1051149.2052784583,Main,PI 50%,16e3409dfe8376ad2b2c0d7cb75754fd7483db51a25d26a22e30f4ab745445d2
20220401.0,1051149.2052784583,Main,PI 50%,16e3409dfe8376ad2b2c0d7cb75754fd7483db51a25d26a22e30f4ab745445d2
20220406.0,1051149.2052784583,Main,PI 50%,16e3409dfe8376ad2b2c0d7cb75754fd7483db51a25d26a22e30f4ab745445d2
20220407.0,1028011.13810977,Main,PI 50%,16e3409dfe8376ad2b2c0d7cb75754fd7483db51a25d26a22e30f4ab745445d2
20220408.0,978705.1003464217,Main,PI 50%,16e3409dfe8376ad2b2c0d7cb75754fd7483db51a25d26a22e30f4ab745445d2
20220411.0,1003334.073853501,Main,PI 50%,16e3409dfe8376ad2b2c0d7cb75754fd7483db51a25d26a22e30f4ab745445d2
20220412.0,1017133.1776728218,Main,PI 50%,16e3409dfe8376ad2b2c0d7cb75754fd7483db51a25d26a22e30f4ab745445d2
20220413.0,1017133.1776728218,Main,PI 50%,16e3409dfe8376ad2b2c0d7cb75754fd7483db51a25d26a22e30f4ab745445d2
20220414.0,1017133.1776728218,Main,PI 50%,16e3409dfe8376ad2b2c0d7cb75754fd7483db51a25d26a22e30f4ab745445d2
20220415.0,1023241.421676014,Main,PI 50%,16e3409dfe8376ad2b2c0d7cb75754fd7483db51a25d26a22e30f4ab745445d2
20220418.0,1013797.2984078474,Main,PI 50%,16e3409dfe8376ad2b2c0d7cb75754fd7483db51a25d26a22e30f4ab745445d2
20220419.0,1030033.3037625671,Main,PI 50%,16e3409dfe8376ad2b2c0d7cb75754fd7483db51a25d26a22e30f4ab745445d2
20220420.0,988122.8883411107,Main,PI 50%,16e3409dfe8376ad2b2c0d7cb75754fd7483db51a25d26a22e30f4ab745445d2
20220421.0,998058.395955665,Main,PI 50%,16e3409dfe8376ad2b2c0d7cb75754fd7483db51a25d26a22e30f4ab745445d2
20220422.0,949133.5658820532,Main,PI 50%,16e3409dfe8376ad2b2c0d7cb75754fd7483db51a25d26a22e30f4ab745445d2
20220425.0,934174.661611243,Main,PI 50%,16e3409dfe8376ad2b2c0d7cb75754fd7483db51a25d26a22e30f4ab745445d2
20220426.0,966269.5085307594,Main,PI 50%,16e3409dfe8376ad2b2c0d7cb75754fd7483db51a25d26a22e30f4ab745445d2
20220427.0,962027.3240975207,Main,PI 50%,16e3409dfe8376ad2b2c0d7cb75754fd7483db51a25d26a22e30f4ab745445d2
20220428.0,1012592.4934246533,Main,PI 50%,16e3409dfe8376ad2b2c0d7cb75754fd7483db51a25d26a22e30f4ab745445d2
20220429.0,1024252.9846313173,Main,PI 50%,16e3409dfe8376ad2b2c0d7cb75754fd7483db51a25d26a22e30f4ab745445d2
20220505.0,1029983.2905166213,Main,PI 50%,16e3409dfe8376ad2b2c0d7cb75754fd7483db51a25d26a22e30f4ab745445d2
20220506.0,1029983.2905166213,Main,PI 50%,16e3409dfe8376ad2b2c0d7cb75754fd7483db51a25d26a22e30f4ab745445d2
20220509.0,1023941.1793914685,Main,PI 50%,16e3409dfe8376ad2b2c0d7cb75754fd7483db51a25d26a22e30f4ab745445d2
20220510.0,1059865.2020181266,Main,PI 50%,16e3409dfe8376ad2b2c0d7cb75754fd7483db51a25d26a22e30f4ab745445d2
20220511.0,1067634.3430532988,Main,PI 50%,16e3409dfe8376ad2b2c0d7cb75754fd7483db51a25d26a22e30f4ab745445d2
20220512.0,1064688.5226103351,Main,PI 50%,16e3409dfe8376ad2b2c0d7cb75754fd7483db51a25d26a22e30f4ab745445d2
20220513.0,1057998.2869925888,Main,PI 50%,16e3409dfe8376ad2b2c0d7cb75754fd7483db51a25d26a22e30f4ab745445d2
20220516.0,1057998.2869925888,Main,PI 50%,16e3409dfe8376ad2b2c0d7cb75754fd7483db51a25d26a22e30f4ab745445d2
20220517.0,1108547.0570499352,Main,PI 50%,16e3409dfe8376ad2b2c0d7cb75754fd7483db51a25d26a22e30f4ab745445d2
20220518.0,1105111.619733256,Main,PI 50%,16e3409dfe8376ad2b2c0d7cb75754fd7483db51a25d26a22e30f4ab745445d2
20220519.0,1104919.8859460698,Main,PI 50%,16e3409dfe8376ad2b2c0d7cb75754fd7483db51a25d26a22e30f4ab745445d2
20220520.0,1113532.1545356999,Main,PI 50%,16e3409dfe8376ad2b2c0d7cb75754fd7483db51a25d26a22e30f4ab745445d2
20220523.0,1113532.1545356999,Main,PI 50%,16e3409dfe8376ad2b2c0d7cb75754fd7483db51a25d26a22e30f4ab745445d2
20220524.0,1113532.1545356999,Main,PI 50%,16e3409dfe8376ad2b2c0d7cb75754fd7483db51a25d26a22e30f4ab745445d2
20220525.0,1098902.6767407232,Main,PI 50%,16e3409dfe8376ad2b2c0d7cb75754fd7483db51a25d26a22e30f4ab745445d2
20220526.0,1073942.6772856792,Main,PI 50%,16e3409dfe8376ad2b2c0d7cb75754fd7483db51a25d26a22e30f4ab745445d2
20220527.0,1108132.2033886525,Main,PI 50%,16e3409dfe8376ad2b2c0d7cb75754fd7483db51a25d26a22e30f4ab745445d2
20220530.0,1108132.2033886525,Main,PI 50%,16e3409dfe8376ad2b2c0d7cb75754fd7483db51a25d26a22e30f4ab745445d2
20220531.0,1108132.2033886525,Main,PI 50%,16e3409dfe8376ad2b2c0d7cb75754fd7483db51a25d26a22e30f4ab745445d2
20220601.0,1108132.2033886525,Main,PI 50%,16e3409dfe8376ad2b2c0d7cb75754fd7483db51a25d26a22e30f4ab745445d2
20220602.0,1152463.8986725651,Main,PI 50%,16e3409dfe8376ad2b2c0d7cb75754fd7483db51a25d26a22e30f4ab745445d2
20220606.0,1169591.0446703045,Main,PI 50%,16e3409dfe8376ad2b2c0d7cb75754fd7483db51a25d26a22e30f4ab745445d2
20220607.0,1179518.3310555567,Main,PI 50%,16e3409dfe8376ad2b2c0d7cb75754fd7483db51a25d26a22e30f4ab745445d2
20220608.0,1179518.3310555567,Main,PI 50%,16e3409dfe8376ad2b2c0d7cb75754fd7483db51a25d26a22e30f4ab745445d2
20220609.0,1175796.6195293507,Main,PI 50%,16e3409dfe8376ad2b2c0d7cb75754fd7483db51a25d26a22e30f4ab745445d2
20220610.0,1257074.8856098414,Main,PI 50%,16e3409dfe8376ad2b2c0d7cb75754fd7483db51a25d26a22e30f4ab745445d2
20220613.0,1259278.9001595047,Main,PI 50%,16e3409dfe8376ad2b2c0d7cb75754fd7483db51a25d26a22e30f4ab745445d2
20220614.0,1258329.1343607332,Main,PI 50%,16e3409dfe8376ad2b2c0d7cb75754fd7483db51a25d26a22e30f4ab745445d2
20220615.0,1297561.5694516597,Main,PI 50%,16e3409dfe8376ad2b2c0d7cb75754fd7483db51a25d26a22e30f4ab745445d2
20220616.0,1291996.3665932633,Main,PI 50%,16e3409dfe8376ad2b2c0d7cb75754fd7483db51a25d26a22e30f4ab745445d2
20220617.0,1286811.7579650814,Main,PI 50%,16e3409dfe8376ad2b2c0d7cb75754fd7483db51a25d26a22e30f4ab745445d2
20220620.0,1269705.7015824195,Main,PI 50%,16e3409dfe8376ad2b2c0d7cb75754fd7483db51a25d26a22e30f4ab745445d2
20220621.0,1269705.7015824195,Main,PI 50%,16e3409dfe8376ad2b2c0d7cb75754fd7483db51a25d26a22e30f4ab745445d2
20220622.0,1275817.898650227,Main,PI 50%,16e3409dfe8376ad2b2c0d7cb75754fd7483db51a25d26a22e30f4ab745445d2
20220623.0,1304208.2729198004,Main,PI 50%,16e3409dfe8376ad2b2c0d7cb75754fd7483db51a25d26a22e30f4ab745445d2
20220624.0,1362004.781951351,Main,PI 50%,16e3409dfe8376ad2b2c0d7cb75754fd7483db51a25d26a22e30f4ab745445d2
20220627.0,1386944.7629928803,Main,PI 50%,16e3409dfe8376ad2b2c0d7cb75754fd7483db51a25d26a22e30f4ab745445d2
20220628.0,1322378.2736575636,Main,PI 50%,16e3409dfe8376ad2b2c0d7cb75754fd7483db51a25d26a22e30f4ab745445d2
20220629.0,1295864.2146183245,Main,PI 50%,16e3409dfe8376ad2b2c0d7cb75754fd7483db51a25d26a22e30f4ab745445d2
20220630.0,1305175.4071612903,Main,PI 50%,16e3409dfe8376ad2b2c0d7cb75754fd7483db51a25d26a22e30f4ab745445d2
20220701.0,1359150.0834763243,Main,PI 50%,16e3409dfe8376ad2b2c0d7cb75754fd7483db51a25d26a22e30f4ab745445d2
20220704.0,1342596.5357029052,Main,PI 50%,16e3409dfe8376ad2b2c0d7cb75754fd7483db51a25d26a22e30f4ab745445d2
20220705.0,1361601.1436139168,Main,PI 50%,16e3409dfe8376ad2b2c0d7cb75754fd7483db51a25d26a22e30f4ab745445d2
20220706.0,1318913.3502648082,Main,PI 50%,16e3409dfe8376ad2b2c0d7cb75754fd7483db51a25d26a22e30f4ab745445d2
20220707.0,1318913.3502648082,Main,PI 50%,16e3409dfe8376ad2b2c0d7cb75754fd7483db51a25d26a22e30f4ab745445d2
20220708.0,1337437.765874904,Main,PI 50%,16e3409dfe8376ad2b2c0d7cb75754fd7483db51a25d26a22e30f4ab745445d2
20220711.0,1331071.8634241384,Main,PI 50%,16e3409dfe8376ad2b2c0d7cb75754fd7483db51a25d26a22e30f4ab745445d2
20220712.0,1409386.477924061,Main,PI 50%,16e3409dfe8376ad2b2c0d7cb75754fd7483db51a25d26a22e30f4ab745445d2
20220713.0,1458311.5872391379,Main,PI 50%,16e3409dfe8376ad2b2c0d7cb75754fd7483db51a25d26a22e30f4ab745445d2
20220714.0,1601372.152699406,Main,PI 50%,16e3409dfe8376ad2b2c0d7cb75754fd7483db51a25d26a22e30f4ab745445d2
20220715.0,1679631.1996336111,Main,PI 50%,16e3409dfe8376ad2b2c0d7cb75754fd7483db51a25d26a22e30f4ab745445d2
20220718.0,1691861.526981727,Main,PI 50%,16e3409dfe8376ad2b2c0d7cb75754fd7483db51a25d26a22e30f4ab745445d2
20220719.0,1694234.7706753577,Main,PI 50%,16e3409dfe8376ad2b2c0d7cb75754fd7483db51a25d26a22e30f4ab745445d2
20220720.0,1690939.8250987914,Main,PI 50%,16e3409dfe8376ad2b2c0d7cb75754fd7483db51a25d26a22e30f4ab745445d2
20220721.0,1690395.5806104986,Main,PI 50%,16e3409dfe8376ad2b2c0d7cb75754fd7483db51a25d26a22e30f4ab745445d2
20220722.0,1690395.5806104986,Main,PI 50%,16e3409dfe8376ad2b2c0d7cb75754fd7483db51a25d26a22e30f4ab745445d2
20220725.0,1685220.1907148305,Main,PI 50%,16e3409dfe8376ad2b2c0d7cb75754fd7483db51a25d26a22e30f4ab745445d2
20220726.0,1772718.1117044215,Main,PI 50%,16e3409dfe8376ad2b2c0d7cb75754fd7483db51a25d26a22e30f4ab745445d2
20220727.0,1753244.945331841,Main,PI 50%,16e3409dfe8376ad2b2c0d7cb75754fd7483db51a25d26a22e30f4ab745445d2
20220728.0,1753244.945331841,Main,PI 50%,16e3409dfe8376ad2b2c0d7cb75754fd7483db51a25d26a22e30f4ab745445d2
20220729.0,1789743.1990574987,Main,PI 50%,16e3409dfe8376ad2b2c0d7cb75754fd7483db51a25d26a22e30f4ab745445d2
20220801.0,1753309.1040054103,Main,PI 50%,16e3409dfe8376ad2b2c0d7cb75754fd7483db51a25d26a22e30f4ab745445d2
20220802.0,1761897.0806677642,Main,PI 50%,16e3409dfe8376ad2b2c0d7cb75754fd7483db51a25d26a22e30f4ab745445d2
20220803.0,1761897.0806677642,Main,PI 50%,16e3409dfe8376ad2b2c0d7cb75754fd7483db51a25d26a22e30f4ab745445d2
20220804.0,1761897.0806677642,Main,PI 50%,16e3409dfe8376ad2b2c0d7cb75754fd7483db51a25d26a22e30f4ab745445d2
20220805.0,1794075.0890437362,Main,PI 50%,16e3409dfe8376ad2b2c0d7cb75754fd7483db51a25d26a22e30f4ab745445d2
20220808.0,1786031.9734990194,Main,PI 50%,16e3409dfe8376ad2b2c0d7cb75754fd7483db51a25d26a22e30f4ab745445d2
20220809.0,1745015.8855799008,Main,PI 50%,16e3409dfe8376ad2b2c0d7cb75754fd7483db51a25d26a22e30f4ab745445d2
20220810.0,1745015.8855799008,Main,PI 50%,16e3409dfe8376ad2b2c0d7cb75754fd7483db51a25d26a22e30f4ab745445d2
20220811.0,1745015.8855799008,Main,PI 50%,16e3409dfe8376ad2b2c0d7cb75754fd7483db51a25d26a22e30f4ab745445d2
20220812.0,1763200.3737888413,Main,PI 50%,16e3409dfe8376ad2b2c0d7cb75754fd7483db51a25d26a22e30f4ab745445d2
20220815.0,1764382.8056764104,Main,PI 50%,16e3409dfe8376ad2b2c0d7cb75754fd7483db51a25d26a22e30f4ab745445d2
20220816.0,1772976.61916888,Main,PI 50%,16e3409dfe8376ad2b2c0d7cb75754fd7483db51a25d26a22e30f4ab745445d2
20220817.0,1772976.61916888,Main,PI 50%,16e3409dfe8376ad2b2c0d7cb75754fd7483db51a25d26a22e30f4ab745445d2
20220818.0,1772976.61916888,Main,PI 50%,16e3409dfe8376ad2b2c0d7cb75754fd7483db51a25d26a22e30f4ab745445d2
20220819.0,1799789.520363774,Main,PI 50%,16e3409dfe8376ad2b2c0d7cb75754fd7483db51a25d26a22e30f4ab745445d2
20220822.0,1848700.7830069067,Main,PI 50%,16e3409dfe8376ad2b2c0d7cb75754fd7483db51a25d26a22e30f4ab745445d2
20220823.0,1804087.3083203933,Main,PI 50%,16e3409dfe8376ad2b2c0d7cb75754fd7483db51a25d26a22e30f4ab745445d2
20220824.0,1816668.4303074873,Main,PI 50%,16e3409dfe8376ad2b2c0d7cb75754fd7483db51a25d26a22e30f4ab745445d2
20220825.0,1816668.4303074873,Main,PI 50%,16e3409dfe8376ad2b2c0d7cb75754fd7483db51a25d26a22e30f4ab745445d2
20220826.0,1816668.4303074873,Main,PI 50%,16e3409dfe8376ad2b2c0d7cb75754fd7483db51a25d26a22e30f4ab745445d2
20220829.0,1796449.498538291,Main,PI 50%,16e3409dfe8376ad2b2c0d7cb75754fd7483db51a25d26a22e30f4ab745445d2
20220830.0,1662367.78320652,Main,PI 50%,16e3409dfe8376ad2b2c0d7cb75754fd7483db51a25d26a22e30f4ab745445d2
20220831.0,1586576.6917567628,Main,PI 50%,16e3409dfe8376ad2b2c0d7cb75754fd7483db51a25d26a22e30f4ab745445d2
20220901.0,1586576.6917567628,Main,PI 50%,16e3409dfe8376ad2b2c0d7cb75754fd7483db51a25d26a22e30f4ab745445d2
20220902.0,1586576.6917567628,Main,PI 50%,16e3409dfe8376ad2b2c0d7cb75754fd7483db51a25d26a22e30f4ab745445d2
20220905.0,1609250.0039525449,Main,PI 50%,16e3409dfe8376ad2b2c0d7cb75754fd7483db51a25d26a22e30f4ab745445d2
20220906.0,1577416.0085805065,Main,PI 50%,16e3409dfe8376ad2b2c0d7cb75754fd7483db51a25d26a22e30f4ab745445d2
20220907.0,1573891.6106188872,Main,PI 50%,16e3409dfe8376ad2b2c0d7cb75754fd7483db51a25d26a22e30f4ab745445d2
20220908.0,1573891.6106188872,Main,PI 50%,16e3409dfe8376ad2b2c0d7cb75754fd7483db51a25d26a22e30f4ab745445d2
20220909.0,1573891.6106188872,Main,PI 50%,16e3409dfe8376ad2b2c0d7cb75754fd7483db51a25d26a22e30f4ab745445d2
20220913.0,1554137.8865127342,Main,PI 50%,16e3409dfe8376ad2b2c0d7cb75754fd7483db51a25d26a22e30f4ab745445d2
20220914.0,1510355.2463175105,Main,PI 50%,16e3409dfe8376ad2b2c0d7cb75754fd7483db51a25d26a22e30f4ab745445d2
20220915.0,1477797.3899071235,Main,PI 50%,16e3409dfe8376ad2b2c0d7cb75754fd7483db51a25d26a22e30f4ab745445d2
20220916.0,1558723.6239295579,Main,PI 50%,16e3409dfe8376ad2b2c0d7cb75754fd7483db51a25d26a22e30f4ab745445d2
20220919.0,1558723.6239295579,Main,PI 50%,16e3409dfe8376ad2b2c0d7cb75754fd7483db51a25d26a22e30f4ab745445d2
20220920.0,1531382.4778214733,Main,PI 50%,16e3409dfe8376ad2b2c0d7cb75754fd7483db51a25d26a22e30f4ab745445d2
20220921.0,1533944.3684904634,Main,PI 50%,16e3409dfe8376ad2b2c0d7cb75754fd7483db51a25d26a22e30f4ab745445d2
20220922.0,1451457.806759878,Main,PI 50%,16e3409dfe8376ad2b2c0d7cb75754fd7483db51a25d26a22e30f4ab745445d2
20220923.0,1411250.57983205,Main,PI 50%,16e3409dfe8376ad2b2c0d7cb75754fd7483db51a25d26a22e30f4ab745445d2
20220926.0,1425470.9998853495,Main,PI 50%,16e3409dfe8376ad2b2c0d7cb75754fd7483db51a25d26a22e30f4ab745445d2
20220927.0,1382390.3634222462,Main,PI 50%,16e3409dfe8376ad2b2c0d7cb75754fd7483db51a25d26a22e30f4ab745445d2
20220928.0,1377165.479140793,Main,PI 50%,16e3409dfe8376ad2b2c0d7cb75754fd7483db51a25d26a22e30f4ab745445d2
20220930.0,1370561.4566261207,Main,PI 50%,16e3409dfe8376ad2b2c0d7cb75754fd7483db51a25d26a22e30f4ab745445d2
20221010.0,1399015.7151815877,Main,PI 50%,16e3409dfe8376ad2b2c0d7cb75754fd7483db51a25d26a22e30f4ab745445d2
20221011.0,1483995.1593778282,Main,PI 50%,16e3409dfe8376ad2b2c0d7cb75754fd7483db51a25d26a22e30f4ab745445d2
20221012.0,1496057.7079734397,Main,PI 50%,16e3409dfe8376ad2b2c0d7cb75754fd7483db51a25d26a22e30f4ab745445d2
20221013.0,1500914.9009813194,Main,PI 50%,16e3409dfe8376ad2b2c0d7cb75754fd7483db51a25d26a22e30f4ab745445d2
20221014.0,1507481.7346545467,Main,PI 50%,16e3409dfe8376ad2b2c0d7cb75754fd7483db51a25d26a22e30f4ab745445d2
20221017.0,1556243.9639781762,Main,PI 50%,16e3409dfe8376ad2b2c0d7cb75754fd7483db51a25d26a22e30f4ab745445d2
20221018.0,1540836.5259989554,Main,PI 50%,16e3409dfe8376ad2b2c0d7cb75754fd7483db51a25d26a22e30f4ab745445d2
20221019.0,1576287.675046377,Main,PI 50%,16e3409dfe8376ad2b2c0d7cb75754fd7483db51a25d26a22e30f4ab745445d2
20221020.0,1649548.0653851198,Main,PI 50%,16e3409dfe8376ad2b2c0d7cb75754fd7483db51a25d26a22e30f4ab745445d2
20221021.0,1667680.503242498,Main,PI 50%,16e3409dfe8376ad2b2c0d7cb75754fd7483db51a25d26a22e30f4ab745445d2
20221024.0,1665614.6790434623,Main,PI 50%,16e3409dfe8376ad2b2c0d7cb75754fd7483db51a25d26a22e30f4ab745445d2
20221025.0,1703620.3322832594,Main,PI 50%,16e3409dfe8376ad2b2c0d7cb75754fd7483db51a25d26a22e30f4ab745445d2
20221026.0,1588616.5886977853,Main,PI 50%,16e3409dfe8376ad2b2c0d7cb75754fd7483db51a25d26a22e30f4ab745445d2
20221027.0,1614385.7439375222,Main,PI 50%,16e3409dfe8376ad2b2c0d7cb75754fd7483db51a25d26a22e30f4ab745445d2
20221028.0,1543775.5731276567,Main,PI 50%,16e3409dfe8376ad2b2c0d7cb75754fd7483db51a25d26a22e30f4ab745445d2
20221031.0,1527286.2284053084,Main,PI 50%,16e3409dfe8376ad2b2c0d7cb75754fd7483db51a25d26a22e30f4ab745445d2
20221101.0,1588020.6106419691,Main,PI 50%,16e3409dfe8376ad2b2c0d7cb75754fd7483db51a25d26a22e30f4ab745445d2
20221102.0,1565501.2290408937,Main,PI 50%,16e3409dfe8376ad2b2c0d7cb75754fd7483db51a25d26a22e30f4ab745445d2
20221103.0,1573712.0393378448,Main,PI 50%,16e3409dfe8376ad2b2c0d7cb75754fd7483db51a25d26a22e30f4ab745445d2
20221104.0,1668200.2443169856,Main,PI 50%,16e3409dfe8376ad2b2c0d7cb75754fd7483db51a25d26a22e30f4ab745445d2
20221107.0,1651067.7932266921,Main,PI 50%,16e3409dfe8376ad2b2c0d7cb75754fd7483db51a25d26a22e30f4ab745445d2
20221108.0,1650812.2826303742,Main,PI 50%,16e3409dfe8376ad2b2c0d7cb75754fd7483db51a25d26a22e30f4ab745445d2
20221109.0,1632989.4243028478,Main,PI 50%,16e3409dfe8376ad2b2c0d7cb75754fd7483db51a25d26a22e30f4ab745445d2
20221110.0,1677499.491684696,Main,PI 50%,16e3409dfe8376ad2b2c0d7cb75754fd7483db51a25d26a22e30f4ab745445d2
20221111.0,1647643.6350265201,Main,PI 50%,16e3409dfe8376ad2b2c0d7cb75754fd7483db51a25d26a22e30f4ab745445d2
20221114.0,1670820.576093966,Main,PI 50%,16e3409dfe8376ad2b2c0d7cb75754fd7483db51a25d26a22e30f4ab745445d2
20221115.0,1750615.5756012318,Main,PI 50%,16e3409dfe8376ad2b2c0d7cb75754fd7483db51a25d26a22e30f4ab745445d2
20221116.0,1809241.8259318725,Main,PI 50%,16e3409dfe8376ad2b2c0d7cb75754fd7483db51a25d26a22e30f4ab745445d2
20221117.0,1752482.7268775303,Main,PI 50%,16e3409dfe8376ad2b2c0d7cb75754fd7483db51a25d26a22e30f4ab745445d2
20221118.0,1796194.4505378022,Main,PI 50%,16e3409dfe8376ad2b2c0d7cb75754fd7483db51a25d26a22e30f4ab745445d2
20221121.0,1762900.4742005363,Main,PI 50%,16e3409dfe8376ad2b2c0d7cb75754fd7483db51a25d26a22e30f4ab745445d2
20221122.0,1771466.3374945167,Main,PI 50%,16e3409dfe8376ad2b2c0d7cb75754fd7483db51a25d26a22e30f4ab745445d2
20221123.0,1786784.7768899964,Main,PI 50%,16e3409dfe8376ad2b2c0d7cb75754fd7483db51a25d26a22e30f4ab745445d2
20221124.0,1721041.8637666446,Main,PI 50%,16e3409dfe8376ad2b2c0d7cb75754fd7483db51a25d26a22e30f4ab745445d2
20221125.0,1749645.9512668182,Main,PI 50%,16e3409dfe8376ad2b2c0d7cb75754fd7483db51a25d26a22e30f4ab745445d2
20221128.0,1761263.5400287346,Main,PI 50%,16e3409dfe8376ad2b2c0d7cb75754fd7483db51a25d26a22e30f4ab745445d2
20221129.0,1757018.3075149267,Main,PI 50%,16e3409dfe8376ad2b2c0d7cb75754fd7483db51a25d26a22e30f4ab745445d2
20221130.0,1775080.3445276923,Main,PI 50%,16e3409dfe8376ad2b2c0d7cb75754fd7483db51a25d26a22e30f4ab745445d2
20221201.0,1798374.8609124047,Main,PI 50%,16e3409dfe8376ad2b2c0d7cb75754fd7483db51a25d26a22e30f4ab745445d2
20221202.0,1870124.6769626343,Main,PI 50%,16e3409dfe8376ad2b2c0d7cb75754fd7483db51a25d26a22e30f4ab745445d2
20221205.0,1893946.3231767577,Main,PI 50%,16e3409dfe8376ad2b2c0d7cb75754fd7483db51a25d26a22e30f4ab745445d2
20221206.0,1917362.2023201776,Main,PI 50%,16e3409dfe8376ad2b2c0d7cb75754fd7483db51a25d26a22e30f4ab745445d2
20221207.0,1942129.7551744198,Main,PI 50%,16e3409dfe8376ad2b2c0d7cb75754fd7483db51a25d26a22e30f4ab745445d2
20221208.0,1940333.5556973375,Main,PI 50%,16e3409dfe8376ad2b2c0d7cb75754fd7483db51a25d26a22e30f4ab745445d2
20221209.0,1917843.0585996464,Main,PI 50%,16e3409dfe8376ad2b2c0d7cb75754fd7483db51a25d26a22e30f4ab745445d2
20221212.0,1887782.5522211867,Main,PI 50%,16e3409dfe8376ad2b2c0d7cb75754fd7483db51a25d26a22e30f4ab745445d2
20221213.0,1899359.53319197,Main,PI 50%,16e3409dfe8376ad2b2c0d7cb75754fd7483db51a25d26a22e30f4ab745445d2
20221214.0,1955954.16318371,Main,PI 50%,16e3409dfe8376ad2b2c0d7cb75754fd7483db51a25d26a22e30f4ab745445d2
20221215.0,1962421.6590087714,Main,PI 50%,16e3409dfe8376ad2b2c0d7cb75754fd7483db51a25d26a22e30f4ab745445d2
20221216.0,1942535.8220904286,Main,PI 50%,16e3409dfe8376ad2b2c0d7cb75754fd7483db51a25d26a22e30f4ab745445d2
20221219.0,1920666.1286945287,Main,PI 50%,16e3409dfe8376ad2b2c0d7cb75754fd7483db51a25d26a22e30f4ab745445d2
20221220.0,1910574.5858228307,Main,PI 50%,16e3409dfe8376ad2b2c0d7cb75754fd7483db51a25d26a22e30f4ab745445d2
20221221.0,1909206.671729526,Main,PI 50%,16e3409dfe8376ad2b2c0d7cb75754fd7483db51a25d26a22e30f4ab745445d2
20221222.0,1876415.689011878,Main,PI 50%,16e3409dfe8376ad2b2c0d7cb75754fd7483db51a25d26a22e30f4ab745445d2
20221223.0,1932285.6937411102,Main,PI 50%,16e3409dfe8376ad2b2c0d7cb75754fd7483db51a25d26a22e30f4ab745445d2
20221226.0,1921522.579999435,Main,PI 50%,16e3409dfe8376ad2b2c0d7cb75754fd7483db51a25d26a22e30f4ab745445d2
20221227.0,1893937.5632759086,Main,PI 50%,16e3409dfe8376ad2b2c0d7cb75754fd7483db51a25d26a22e30f4ab745445d2
20221228.0,1895020.2261205276,Main,PI 50%,16e3409dfe8376ad2b2c0d7cb75754fd7483db51a25d26a22e30f4ab745445d2
20221229.0,1923232.713671087,Main,PI 50%,16e3409dfe8376ad2b2c0d7cb75754fd7483db51a25d26a22e30f4ab745445d2
20221230.0,1959852.229216448,Main,PI 50%,16e3409dfe8376ad2b2c0d7cb75754fd7483db51a25d26a22e30f4ab745445d2
20230103.0,1968805.4442057975,Main,PI 50%,16e3409dfe8376ad2b2c0d7cb75754fd7483db51a25d26a22e30f4ab745445d2
20230104.0,2004698.9390737799,Main,PI 50%,16e3409dfe8376ad2b2c0d7cb75754fd7483db51a25d26a22e30f4ab745445d2
20230105.0,1982911.8071465553,Main,PI 50%,16e3409dfe8376ad2b2c0d7cb75754fd7483db51a25d26a22e30f4ab745445d2
20230106.0,1979740.0812497705,Main,PI 50%,16e3409dfe8376ad2b2c0d7cb75754fd7483db51a25d26a22e30f4ab745445d2
20230109.0,1993190.52570114,Main,PI 50%,16e3409dfe8376ad2b2c0d7cb75754fd7483db51a25d26a22e30f4ab745445d2
20230110.0,1969302.512042184,Main,PI 50%,16e3409dfe8376ad2b2c0d7cb75754fd7483db51a25d26a22e30f4ab745445d2
20230111.0,1982886.7080044164,Main,PI 50%,16e3409dfe8376ad2b2c0d7cb75754fd7483db51a25d26a22e30f4ab745445d2
20230112.0,1982886.7080044164,Main,PI 50%,16e3409dfe8376ad2b2c0d7cb75754fd7483db51a25d26a22e30f4ab745445d2
20230113.0,1982886.7080044164,Main,PI 50%,16e3409dfe8376ad2b2c0d7cb75754fd7483db51a25d26a22e30f4ab745445d2
20230116.0,1950341.637663502,Main,PI 50%,16e3409dfe8376ad2b2c0d7cb75754fd7483db51a25d26a22e30f4ab745445d2
20230117.0,1996344.021855264,Main,PI 50%,16e3409dfe8376ad2b2c0d7cb75754fd7483db51a25d26a22e30f4ab745445d2
20230118.0,2012741.4860317612,Main,PI 50%,16e3409dfe8376ad2b2c0d7cb75754fd7483db51a25d26a22e30f4ab745445d2
20230119.0,1988438.593551064,Main,PI 50%,16e3409dfe8376ad2b2c0d7cb75754fd7483db51a25d26a22e30f4ab745445d2
20230120.0,2040649.7142016743,Main,PI 50%,16e3409dfe8376ad2b2c0d7cb75754fd7483db51a25d26a22e30f4ab745445d2
20230130.0,2102391.519507666,Main,PI 50%,16e3409dfe8376ad2b2c0d7cb75754fd7483db51a25d26a22e30f4ab745445d2
20230131.0,2155341.318527356,Main,PI 50%,16e3409dfe8376ad2b2c0d7cb75754fd7483db51a25d26a22e30f4ab745445d2
20230201.0,2175893.2697650874,Main,PI 50%,16e3409dfe8376ad2b2c0d7cb75754fd7483db51a25d26a22e30f4ab745445d2
20230202.0,2162128.1505929315,Main,PI 50%,16e3409dfe8376ad2b2c0d7cb75754fd7483db51a25d26a22e30f4ab745445d2
20230203.0,2138282.197592994,Main,PI 50%,16e3409dfe8376ad2b2c0d7cb75754fd7483db51a25d26a22e30f4ab745445d2
20230206.0,2153391.4335223944,Main,PI 50%,16e3409dfe8376ad2b2c0d7cb75754fd7483db51a25d26a22e30f4ab745445d2
20230207.0,2126909.7944271695,Main,PI 50%,16e3409dfe8376ad2b2c0d7cb75754fd7483db51a25d26a22e30f4ab745445d2
20230208.0,2151558.358917142,Main,PI 50%,16e3409dfe8376ad2b2c0d7cb75754fd7483db51a25d26a22e30f4ab745445d2
20230209.0,2130157.9871173436,Main,PI 50%,16e3409dfe8376ad2b2c0d7cb75754fd7483db51a25d26a22e30f4ab745445d2
20230210.0,2187162.845901701,Main,PI 50%,16e3409dfe8376ad2b2c0d7cb75754fd7483db51a25d26a22e30f4ab745445d2
20230213.0,2208760.8084273557,Main,PI 50%,16e3409dfe8376ad2b2c0d7cb75754fd7483db51a25d26a22e30f4ab745445d2
20230214.0,2208760.8084273557,Main,PI 50%,16e3409dfe8376ad2b2c0d7cb75754fd7483db51a25d26a22e30f4ab745445d2
20230215.0,2135693.0400201674,Main,PI 50%,16e3409dfe8376ad2b2c0d7cb75754fd7483db51a25d26a22e30f4ab745445d2
20230216.0,2135693.0400201674,Main,PI 50%,16e3409dfe8376ad2b2c0d7cb75754fd7483db51a25d26a22e30f4ab745445d2
20230217.0,2135693.0400201674,Main,PI 50%,16e3409dfe8376ad2b2c0d7cb75754fd7483db51a25d26a22e30f4ab745445d2
20230220.0,2113321.1768610766,Main,PI 50%,16e3409dfe8376ad2b2c0d7cb75754fd7483db51a25d26a22e30f4ab745445d2
20230221.0,2111731.0009247395,Main,PI 50%,16e3409dfe8376ad2b2c0d7cb75754fd7483db51a25d26a22e30f4ab745445d2
20230222.0,2108353.6061109924,Main,PI 50%,16e3409dfe8376ad2b2c0d7cb75754fd7483db51a25d26a22e30f4ab745445d2
20230223.0,2124260.726534075,Main,PI 50%,16e3409dfe8376ad2b2c0d7cb75754fd7483db51a25d26a22e30f4ab745445d2
20230224.0,2134792.4108135765,Main,PI 50%,16e3409dfe8376ad2b2c0d7cb75754fd7483db51a25d26a22e30f4ab745445d2
20230227.0,2157264.599715523,Main,PI 50%,16e3409dfe8376ad2b2c0d7cb75754fd7483db51a25d26a22e30f4ab745445d2
20230228.0,2155219.893164674,Main,PI 50%,16e3409dfe8376ad2b2c0d7cb75754fd7483db51a25d26a22e30f4ab745445d2
20230301.0,2178834.9762749937,Main,PI 50%,16e3409dfe8376ad2b2c0d7cb75754fd7483db51a25d26a22e30f4ab745445d2
20230302.0,2183772.4070742545,Main,PI 50%,16e3409dfe8376ad2b2c0d7cb75754fd7483db51a25d26a22e30f4ab745445d2
20230303.0,2183772.4070742545,Main,PI 50%,16e3409dfe8376ad2b2c0d7cb75754fd7483db51a25d26a22e30f4ab745445d2
20211207.0,1000000.0,ChiNext,ChiNext Index,16e3409dfe8376ad2b2c0d7cb75754fd7483db51a25d26a22e30f4ab745445d2
20211208.0,1010107.000091103,ChiNext,ChiNext Index,16e3409dfe8376ad2b2c0d7cb75754fd7483db51a25d26a22e30f4ab745445d2
20211209.0,1012290.8514471813,ChiNext,ChiNext Index,16e3409dfe8376ad2b2c0d7cb75754fd7483db51a25d26a22e30f4ab745445d2
20211210.0,1021098.7940857965,ChiNext,ChiNext Index,16e3409dfe8376ad2b2c0d7cb75754fd7483db51a25d26a22e30f4ab745445d2
20211213.0,1020543.3166394988,ChiNext,ChiNext Index,16e3409dfe8376ad2b2c0d7cb75754fd7483db51a25d26a22e30f4ab745445d2
20211214.0,1011695.2060928972,ChiNext,ChiNext Index,16e3409dfe8376ad2b2c0d7cb75754fd7483db51a25d26a22e30f4ab745445d2
20211215.0,1019196.9258291175,ChiNext,ChiNext Index,16e3409dfe8376ad2b2c0d7cb75754fd7483db51a25d26a22e30f4ab745445d2
20211216.0,1002813.3351547152,ChiNext,ChiNext Index,16e3409dfe8376ad2b2c0d7cb75754fd7483db51a25d26a22e30f4ab745445d2
20211217.0,973107.998717786,ChiNext,ChiNext Index,16e3409dfe8376ad2b2c0d7cb75754fd7483db51a25d26a22e30f4ab745445d2
20211220.0,978312.1801539244,ChiNext,ChiNext Index,16e3409dfe8376ad2b2c0d7cb75754fd7483db51a25d26a22e30f4ab745445d2
20211221.0,983646.9166624871,ChiNext,ChiNext Index,16e3409dfe8376ad2b2c0d7cb75754fd7483db51a25d26a22e30f4ab745445d2
20211222.0,985107.632190183,ChiNext,ChiNext Index,16e3409dfe8376ad2b2c0d7cb75754fd7483db51a25d26a22e30f4ab745445d2
20211223.0,962741.7483972395,ChiNext,ChiNext Index,16e3409dfe8376ad2b2c0d7cb75754fd7483db51a25d26a22e30f4ab745445d2
20211224.0,961779.9692983322,ChiNext,ChiNext Index,16e3409dfe8376ad2b2c0d7cb75754fd7483db51a25d26a22e30f4ab745445d2
20211227.0,971925.7862655525,ChiNext,ChiNext Index,16e3409dfe8376ad2b2c0d7cb75754fd7483db51a25d26a22e30f4ab745445d2
20211228.0,958300.358732904,ChiNext,ChiNext Index,16e3409dfe8376ad2b2c0d7cb75754fd7483db51a25d26a22e30f4ab745445d2
20211229.0,970242.6978758376,ChiNext,ChiNext Index,16e3409dfe8376ad2b2c0d7cb75754fd7483db51a25d26a22e30f4ab745445d2
20211230.0,970206.7987355931,ChiNext,ChiNext Index,16e3409dfe8376ad2b2c0d7cb75754fd7483db51a25d26a22e30f4ab745445d2
20211231.0,949033.005692135,ChiNext,ChiNext Index,16e3409dfe8376ad2b2c0d7cb75754fd7483db51a25d26a22e30f4ab745445d2
20220104.0,923147.1816716759,ChiNext,ChiNext Index,16e3409dfe8376ad2b2c0d7cb75754fd7483db51a25d26a22e30f4ab745445d2
20220105.0,913211.3482293743,ChiNext,ChiNext Index,16e3409dfe8376ad2b2c0d7cb75754fd7483db51a25d26a22e30f4ab745445d2
20220106.0,904276.488701837,ChiNext,ChiNext Index,16e3409dfe8376ad2b2c0d7cb75754fd7483db51a25d26a22e30f4ab745445d2
20220107.0,903928.3420132073,ChiNext,ChiNext Index,16e3409dfe8376ad2b2c0d7cb75754fd7483db51a25d26a22e30f4ab745445d2
20220110.0,892384.2733034093,ChiNext,ChiNext Index,16e3409dfe8376ad2b2c0d7cb75754fd7483db51a25d26a22e30f4ab745445d2
20220111.0,915899.491358736,ChiNext,ChiNext Index,16e3409dfe8376ad2b2c0d7cb75754fd7483db51a25d26a22e30f4ab745445d2
20220112.0,900265.0866254983,ChiNext,ChiNext Index,16e3409dfe8376ad2b2c0d7cb75754fd7483db51a25d26a22e30f4ab745445d2
20220113.0,910854.9052478935,ChiNext,ChiNext Index,16e3409dfe8376ad2b2c0d7cb75754fd7483db51a25d26a22e30f4ab745445d2
20220114.0,925746.4719897833,ChiNext,ChiNext Index,16e3409dfe8376ad2b2c0d7cb75754fd7483db51a25d26a22e30f4ab745445d2
20220117.0,918133.1326810174,ChiNext,ChiNext Index,16e3409dfe8376ad2b2c0d7cb75754fd7483db51a25d26a22e30f4ab745445d2
20220118.0,898172.9185206833,ChiNext,ChiNext Index,16e3409dfe8376ad2b2c0d7cb75754fd7483db51a25d26a22e30f4ab745445d2
20220119.0,895258.3473796743,ChiNext,ChiNext Index,16e3409dfe8376ad2b2c0d7cb75754fd7483db51a25d26a22e30f4ab745445d2
20220120.0,886115.0741122524,ChiNext,ChiNext Index,16e3409dfe8376ad2b2c0d7cb75754fd7483db51a25d26a22e30f4ab745445d2
20220121.0,892466.7468410367,ChiNext,ChiNext Index,16e3409dfe8376ad2b2c0d7cb75754fd7483db51a25d26a22e30f4ab745445d2
20220124.0,868675.3683204289,ChiNext,ChiNext Index,16e3409dfe8376ad2b2c0d7cb75754fd7483db51a25d26a22e30f4ab745445d2
20220125.0,877276.9918063866,ChiNext,ChiNext Index,16e3409dfe8376ad2b2c0d7cb75754fd7483db51a25d26a22e30f4ab745445d2
20220126.0,848763.7348218309,ChiNext,ChiNext Index,16e3409dfe8376ad2b2c0d7cb75754fd7483db51a25d26a22e30f4ab745445d2
20220127.0,849401.1563820168,ChiNext,ChiNext Index,16e3409dfe8376ad2b2c0d7cb75754fd7483db51a25d26a22e30f4ab745445d2
20220128.0,852005.4205103434,ChiNext,ChiNext Index,16e3409dfe8376ad2b2c0d7cb75754fd7483db51a25d26a22e30f4ab745445d2
20220207.0,831161.9601507342,ChiNext,ChiNext Index,16e3409dfe8376ad2b2c0d7cb75754fd7483db51a25d26a22e30f4ab745445d2
20220208.0,841999.4807867961,ChiNext,ChiNext Index,16e3409dfe8376ad2b2c0d7cb75754fd7483db51a25d26a22e30f4ab745445d2
20220209.0,825332.1010156227,ChiNext,ChiNext Index,16e3409dfe8376ad2b2c0d7cb75754fd7483db51a25d26a22e30f4ab745445d2
20220210.0,801933.1107274427,ChiNext,ChiNext Index,16e3409dfe8376ad2b2c0d7cb75754fd7483db51a25d26a22e30f4ab745445d2
20220211.0,797736.5946907853,ChiNext,ChiNext Index,16e3409dfe8376ad2b2c0d7cb75754fd7483db51a25d26a22e30f4ab745445d2
20220214.0,822390.6442890642,ChiNext,ChiNext Index,16e3409dfe8376ad2b2c0d7cb75754fd7483db51a25d26a22e30f4ab745445d2
20220215.0,822960.5609847471,ChiNext,ChiNext Index,16e3409dfe8376ad2b2c0d7cb75754fd7483db51a25d26a22e30f4ab745445d2
20220216.0,829217.5300253789,ChiNext,ChiNext Index,16e3409dfe8376ad2b2c0d7cb75754fd7483db51a25d26a22e30f4ab745445d2
20220217.0,825418.0550906922,ChiNext,ChiNext Index,16e3409dfe8376ad2b2c0d7cb75754fd7483db51a25d26a22e30f4ab745445d2
20220218.0,818931.094826653,ChiNext,ChiNext Index,16e3409dfe8376ad2b2c0d7cb75754fd7483db51a25d26a22e30f4ab745445d2
20220221.0,807634.7594543318,ChiNext,ChiNext Index,16e3409dfe8376ad2b2c0d7cb75754fd7483db51a25d26a22e30f4ab745445d2
20220222.0,830397.9446963222,ChiNext,ChiNext Index,16e3409dfe8376ad2b2c0d7cb75754fd7483db51a25d26a22e30f4ab745445d2
20220223.0,812888.1737036597,ChiNext,ChiNext Index,16e3409dfe8376ad2b2c0d7cb75754fd7483db51a25d26a22e30f4ab745445d2
20220224.0,833884.2626651245,ChiNext,ChiNext Index,16e3409dfe8376ad2b2c0d7cb75754fd7483db51a25d26a22e30f4ab745445d2
20220225.0,841331.6828335166,ChiNext,ChiNext Index,16e3409dfe8376ad2b2c0d7cb75754fd7483db51a25d26a22e30f4ab745445d2
20220228.0,842639.9535941761,ChiNext,ChiNext Index,16e3409dfe8376ad2b2c0d7cb75754fd7483db51a25d26a22e30f4ab745445d2
20220301.0,827704.1602001357,ChiNext,ChiNext Index,16e3409dfe8376ad2b2c0d7cb75754fd7483db51a25d26a22e30f4ab745445d2
20220302.0,815239.7635486156,ChiNext,ChiNext Index,16e3409dfe8376ad2b2c0d7cb75754fd7483db51a25d26a22e30f4ab745445d2
20220303.0,802592.9488384546,ChiNext,ChiNext Index,16e3409dfe8376ad2b2c0d7cb75754fd7483db51a25d26a22e30f4ab745445d2
20220304.0,768059.7824341207,ChiNext,ChiNext Index,16e3409dfe8376ad2b2c0d7cb75754fd7483db51a25d26a22e30f4ab745445d2
20220307.0,754223.1851798153,ChiNext,ChiNext Index,16e3409dfe8376ad2b2c0d7cb75754fd7483db51a25d26a22e30f4ab745445d2
20220308.0,749473.087557621,ChiNext,ChiNext Index,16e3409dfe8376ad2b2c0d7cb75754fd7483db51a25d26a22e30f4ab745445d2
20220309.0,769467.5304261696,ChiNext,ChiNext Index,16e3409dfe8376ad2b2c0d7cb75754fd7483db51a25d26a22e30f4ab745445d2
20220310.0,778305.634812754,ChiNext,ChiNext Index,16e3409dfe8376ad2b2c0d7cb75754fd7483db51a25d26a22e30f4ab745445d2
20220311.0,750561.3737683954,ChiNext,ChiNext Index,16e3409dfe8376ad2b2c0d7cb75754fd7483db51a25d26a22e30f4ab745445d2
20220314.0,731387.5330737197,ChiNext,ChiNext Index,16e3409dfe8376ad2b2c0d7cb75754fd7483db51a25d26a22e30f4ab745445d2
20220315.0,769434.3122959555,ChiNext,ChiNext Index,16e3409dfe8376ad2b2c0d7cb75754fd7483db51a25d26a22e30f4ab745445d2
20220316.0,791521.6935269416,ChiNext,ChiNext Index,16e3409dfe8376ad2b2c0d7cb75754fd7483db51a25d26a22e30f4ab745445d2
20220317.0,792417.69621945,ChiNext,ChiNext Index,16e3409dfe8376ad2b2c0d7cb75754fd7483db51a25d26a22e30f4ab745445d2
20220318.0,796034.2904274173,ChiNext,ChiNext Index,16e3409dfe8376ad2b2c0d7cb75754fd7483db51a25d26a22e30f4ab745445d2
20220321.0,784954.2890973568,ChiNext,ChiNext Index,16e3409dfe8376ad2b2c0d7cb75754fd7483db51a25d26a22e30f4ab745445d2
20220322.0,793048.737992504,ChiNext,ChiNext Index,16e3409dfe8376ad2b2c0d7cb75754fd7483db51a25d26a22e30f4ab745445d2
20220323.0,790204.8652040997,ChiNext,ChiNext Index,16e3409dfe8376ad2b2c0d7cb75754fd7483db51a25d26a22e30f4ab745445d2
20220324.0,770270.3668647396,ChiNext,ChiNext Index,16e3409dfe8376ad2b2c0d7cb75754fd7483db51a25d26a22e30f4ab745445d2
20220325.0,757476.176196201,ChiNext,ChiNext Index,16e3409dfe8376ad2b2c0d7cb75754fd7483db51a25d26a22e30f4ab745445d2
20220328.0,757048.9594816237,ChiNext,ChiNext Index,16e3409dfe8376ad2b2c0d7cb75754fd7483db51a25d26a22e30f4ab745445d2
20220329.0,787463.4017610998,ChiNext,ChiNext Index,16e3409dfe8376ad2b2c0d7cb75754fd7483db51a25d26a22e30f4ab745445d2
20220330.0,776562.5459217965,ChiNext,ChiNext Index,16e3409dfe8376ad2b2c0d7cb75754fd7483db51a25d26a22e30f4ab745445d2
20220331.0,778745.4632121319,ChiNext,ChiNext Index,16e3409dfe8376ad2b2c0d7cb75754fd7483db51a25d26a22e30f4ab745445d2
20220401.0,769092.1345903925,ChiNext,ChiNext Index,16e3409dfe8376ad2b2c0d7cb75754fd7483db51a25d26a22e30f4ab745445d2
20220406.0,752921.9720329953,ChiNext,ChiNext Index,16e3409dfe8376ad2b2c0d7cb75754fd7483db51a25d26a22e30f4ab745445d2
20220407.0,750404.2011600739,ChiNext,ChiNext Index,16e3409dfe8376ad2b2c0d7cb75754fd7483db51a25d26a22e30f4ab745445d2
20220408.0,718907.485814327,ChiNext,ChiNext Index,16e3409dfe8376ad2b2c0d7cb75754fd7483db51a25d26a22e30f4ab745445d2
20220411.0,736908.9291928964,ChiNext,ChiNext Index,16e3409dfe8376ad2b2c0d7cb75754fd7483db51a25d26a22e30f4ab745445d2
20220412.0,720307.844468254,ChiNext,ChiNext Index,16e3409dfe8376ad2b2c0d7cb75754fd7483db51a25d26a22e30f4ab745445d2
20220413.0,720147.9364183636,ChiNext,ChiNext Index,16e3409dfe8376ad2b2c0d7cb75754fd7483db51a25d26a22e30f4ab745445d2
20220414.0,718415.9803175721,ChiNext,ChiNext Index,16e3409dfe8376ad2b2c0d7cb75754fd7483db51a25d26a22e30f4ab745445d2
20220415.0,726419.8530784114,ChiNext,ChiNext Index,16e3409dfe8376ad2b2c0d7cb75754fd7483db51a25d26a22e30f4ab745445d2
20220418.0,716425.0420369895,ChiNext,ChiNext Index,16e3409dfe8376ad2b2c0d7cb75754fd7483db51a25d26a22e30f4ab745445d2
20220419.0,690176.6613483048,ChiNext,ChiNext Index,16e3409dfe8376ad2b2c0d7cb75754fd7483db51a25d26a22e30f4ab745445d2
20220420.0,675227.4351748386,ChiNext,ChiNext Index,16e3409dfe8376ad2b2c0d7cb75754fd7483db51a25d26a22e30f4ab745445d2
20220421.0,670596.05017088,ChiNext,ChiNext Index,16e3409dfe8376ad2b2c0d7cb75754fd7483db51a25d26a22e30f4ab745445d2
20220422.0,633339.7452658833,ChiNext,ChiNext Index,16e3409dfe8376ad2b2c0d7cb75754fd7483db51a25d26a22e30f4ab745445d2
20220425.0,627940.5238162018,ChiNext,ChiNext Index,16e3409dfe8376ad2b2c0d7cb75754fd7483db51a25d26a22e30f4ab745445d2
20220426.0,662588.3985261464,ChiNext,ChiNext Index,16e3409dfe8376ad2b2c0d7cb75754fd7483db51a25d26a22e30f4ab745445d2
20220427.0,650465.680966755,ChiNext,ChiNext Index,16e3409dfe8376ad2b2c0d7cb75754fd7483db51a25d26a22e30f4ab745445d2
20220428.0,677178.3549774133,ChiNext,ChiNext Index,16e3409dfe8376ad2b2c0d7cb75754fd7483db51a25d26a22e30f4ab745445d2
20220429.0,668204.3874163777,ChiNext,ChiNext Index,16e3409dfe8376ad2b2c0d7cb75754fd7483db51a25d26a22e30f4ab745445d2
20220505.0,655521.8681843978,ChiNext,ChiNext Index,16e3409dfe8376ad2b2c0d7cb75754fd7483db51a25d26a22e30f4ab745445d2
20220506.0,650588.4107352431,ChiNext,ChiNext Index,16e3409dfe8376ad2b2c0d7cb75754fd7483db51a25d26a22e30f4ab745445d2
20220509.0,664683.4083680823,ChiNext,ChiNext Index,16e3409dfe8376ad2b2c0d7cb75754fd7483db51a25d26a22e30f4ab745445d2
20220510.0,685066.5899884446,ChiNext,ChiNext Index,16e3409dfe8376ad2b2c0d7cb75754fd7483db51a25d26a22e30f4ab745445d2
20220511.0,686561.4053345798,ChiNext,ChiNext Index,16e3409dfe8376ad2b2c0d7cb75754fd7483db51a25d26a22e30f4ab745445d2
20220512.0,688573.0301673687,ChiNext,ChiNext Index,16e3409dfe8376ad2b2c0d7cb75754fd7483db51a25d26a22e30f4ab745445d2
20220513.0,680709.5260745654,ChiNext,ChiNext Index,16e3409dfe8376ad2b2c0d7cb75754fd7483db51a25d26a22e30f4ab745445d2
20220516.0,691764.249089981,ChiNext,ChiNext Index,16e3409dfe8376ad2b2c0d7cb75754fd7483db51a25d26a22e30f4ab745445d2
20220517.0,690680.2542411723,ChiNext,ChiNext Index,16e3409dfe8376ad2b2c0d7cb75754fd7483db51a25d26a22e30f4ab745445d2
20220518.0,694110.8630706975,ChiNext,ChiNext Index,16e3409dfe8376ad2b2c0d7cb75754fd7483db51a25d26a22e30f4ab745445d2
20220519.0,705855.2187889611,ChiNext,ChiNext Index,16e3409dfe8376ad2b2c0d7cb75754fd7483db51a25d26a22e30f4ab745445d2
20220520.0,703744.711877172,ChiNext,ChiNext Index,16e3409dfe8376ad2b2c0d7cb75754fd7483db51a25d26a22e30f4ab745445d2
20220523.0,676867.2936257663,ChiNext,ChiNext Index,16e3409dfe8376ad2b2c0d7cb75754fd7483db51a25d26a22e30f4ab745445d2
20220524.0,679063.7284238657,ChiNext,ChiNext Index,16e3409dfe8376ad2b2c0d7cb75754fd7483db51a25d26a22e30f4ab745445d2
20220525.0,677760.6050381429,ChiNext,ChiNext Index,16e3409dfe8376ad2b2c0d7cb75754fd7483db51a25d26a22e30f4ab745445d2
20220526.0,678154.383842331,ChiNext,ChiNext Index,16e3409dfe8376ad2b2c0d7cb75754fd7483db51a25d26a22e30f4ab745445d2
20220527.0,686301.7304364338,ChiNext,ChiNext Index,16e3409dfe8376ad2b2c0d7cb75754fd7483db51a25d26a22e30f4ab745445d2
20220530.0,702274.03075636,ChiNext,ChiNext Index,16e3409dfe8376ad2b2c0d7cb75754fd7483db51a25d26a22e30f4ab745445d2
20220531.0,709244.8026705189,ChiNext,ChiNext Index,16e3409dfe8376ad2b2c0d7cb75754fd7483db51a25d26a22e30f4ab745445d2
20220601.0,717799.7136262268,ChiNext,ChiNext Index,16e3409dfe8376ad2b2c0d7cb75754fd7483db51a25d26a22e30f4ab745445d2
20220602.0,745948.9473720442,ChiNext,ChiNext Index,16e3409dfe8376ad2b2c0d7cb75754fd7483db51a25d26a22e30f4ab745445d2
20220606.0,745939.249828581,ChiNext,ChiNext Index,16e3409dfe8376ad2b2c0d7cb75754fd7483db51a25d26a22e30f4ab745445d2
20220607.0,752278.2415493785,ChiNext,ChiNext Index,16e3409dfe8376ad2b2c0d7cb75754fd7483db51a25d26a22e30f4ab745445d2
20220608.0,730048.4196573528,ChiNext,ChiNext Index,16e3409dfe8376ad2b2c0d7cb75754fd7483db51a25d26a22e30f4ab745445d2
20220609.0,746478.1590334254,ChiNext,ChiNext Index,16e3409dfe8376ad2b2c0d7cb75754fd7483db51a25d26a22e30f4ab745445d2
20220610.0,743562.4155603156,ChiNext,ChiNext Index,16e3409dfe8376ad2b2c0d7cb75754fd7483db51a25d26a22e30f4ab745445d2
20220613.0,744095.549887014,ChiNext,ChiNext Index,16e3409dfe8376ad2b2c0d7cb75754fd7483db51a25d26a22e30f4ab745445d2
20220614.0,751913.01773576,ChiNext,ChiNext Index,16e3409dfe8376ad2b2c0d7cb75754fd7483db51a25d26a22e30f4ab745445d2
20220615.0,754945.4829679048,ChiNext,ChiNext Index,16e3409dfe8376ad2b2c0d7cb75754fd7483db51a25d26a22e30f4ab745445d2
20220616.0,775893.7101747475,ChiNext,ChiNext Index,16e3409dfe8376ad2b2c0d7cb75754fd7483db51a25d26a22e30f4ab745445d2
20220617.0,791348.7367994263,ChiNext,ChiNext Index,16e3409dfe8376ad2b2c0d7cb75754fd7483db51a25d26a22e30f4ab745445d2
20220620.0,786339.499351381,ChiNext,ChiNext Index,16e3409dfe8376ad2b2c0d7cb75754fd7483db51a25d26a22e30f4ab745445d2
20220621.0,781755.1401157719,ChiNext,ChiNext Index,16e3409dfe8376ad2b2c0d7cb75754fd7483db51a25d26a22e30f4ab745445d2
20220622.0,805937.1717351369,ChiNext,ChiNext Index,16e3409dfe8376ad2b2c0d7cb75754fd7483db51a25d26a22e30f4ab745445d2
20220623.0,824723.5671972991,ChiNext,ChiNext Index,16e3409dfe8376ad2b2c0d7cb75754fd7483db51a25d26a22e30f4ab745445d2
20220624.0,826521.4645396206,ChiNext,ChiNext Index,16e3409dfe8376ad2b2c0d7cb75754fd7483db51a25d26a22e30f4ab745445d2
20220627.0,829389.4941475717,ChiNext,ChiNext Index,16e3409dfe8376ad2b2c0d7cb75754fd7483db51a25d26a22e30f4ab745445d2
20220628.0,808421.698289085,ChiNext,ChiNext Index,16e3409dfe8376ad2b2c0d7cb75754fd7483db51a25d26a22e30f4ab745445d2
20220629.0,820683.0303831538,ChiNext,ChiNext Index,16e3409dfe8376ad2b2c0d7cb75754fd7483db51a25d26a22e30f4ab745445d2
20220630.0,812315.3459476697,ChiNext,ChiNext Index,16e3409dfe8376ad2b2c0d7cb75754fd7483db51a25d26a22e30f4ab745445d2
20220701.0,827716.8448026577,ChiNext,ChiNext Index,16e3409dfe8376ad2b2c0d7cb75754fd7483db51a25d26a22e30f4ab745445d2
20220704.0,824925.7839578608,ChiNext,ChiNext Index,16e3409dfe8376ad2b2c0d7cb75754fd7483db51a25d26a22e30f4ab745445d2
20220705.0,818380.8227813662,ChiNext,ChiNext Index,16e3409dfe8376ad2b2c0d7cb75754fd7483db51a25d26a22e30f4ab745445d2
20220706.0,832101.7956369956,ChiNext,ChiNext Index,16e3409dfe8376ad2b2c0d7cb75754fd7483db51a25d26a22e30f4ab745445d2
20220707.0,822738.1542313929,ChiNext,ChiNext Index,16e3409dfe8376ad2b2c0d7cb75754fd7483db51a25d26a22e30f4ab745445d2
20220708.0,808086.0102607415,ChiNext,ChiNext Index,16e3409dfe8376ad2b2c0d7cb75754fd7483db51a25d26a22e30f4ab745445d2
20220711.0,789174.3734767379,ChiNext,ChiNext Index,16e3409dfe8376ad2b2c0d7cb75754fd7483db51a25d26a22e30f4ab745445d2
20220712.0,802071.060786545,ChiNext,ChiNext Index,16e3409dfe8376ad2b2c0d7cb75754fd7483db51a25d26a22e30f4ab745445d2
20220713.0,823173.5505684126,ChiNext,ChiNext Index,16e3409dfe8376ad2b2c0d7cb75754fd7483db51a25d26a22e30f4ab745445d2
20220714.0,806054.0100598254,ChiNext,ChiNext Index,16e3409dfe8376ad2b2c0d7cb75754fd7483db51a25d26a22e30f4ab745445d2
20220715.0,817692.6242982106,ChiNext,ChiNext Index,16e3409dfe8376ad2b2c0d7cb75754fd7483db51a25d26a22e30f4ab745445d2
20220718.0,803241.5422151926,ChiNext,ChiNext Index,16e3409dfe8376ad2b2c0d7cb75754fd7483db51a25d26a22e30f4ab745445d2
20220719.0,807415.9888304593,ChiNext,ChiNext Index,16e3409dfe8376ad2b2c0d7cb75754fd7483db51a25d26a22e30f4ab745445d2
20220720.0,803402.3237372265,ChiNext,ChiNext Index,16e3409dfe8376ad2b2c0d7cb75754fd7483db51a25d26a22e30f4ab745445d2
20220721.0,799284.8869696081,ChiNext,ChiNext Index,16e3409dfe8376ad2b2c0d7cb75754fd7483db51a25d26a22e30f4ab745445d2
20220722.0,789833.3432506568,ChiNext,ChiNext Index,16e3409dfe8376ad2b2c0d7cb75754fd7483db51a25d26a22e30f4ab745445d2
20220725.0,792318.9486787812,ChiNext,ChiNext Index,16e3409dfe8376ad2b2c0d7cb75754fd7483db51a25d26a22e30f4ab745445d2
20220726.0,792550.3058257052,ChiNext,ChiNext Index,16e3409dfe8376ad2b2c0d7cb75754fd7483db51a25d26a22e30f4ab745445d2
20220727.0,790112.4209383057,ChiNext,ChiNext Index,16e3409dfe8376ad2b2c0d7cb75754fd7483db51a25d26a22e30f4ab745445d2
20220728.0,779761.1582905714,ChiNext,ChiNext Index,16e3409dfe8376ad2b2c0d7cb75754fd7483db51a25d26a22e30f4ab745445d2
20220729.0,798239.9380201831,ChiNext,ChiNext Index,16e3409dfe8376ad2b2c0d7cb75754fd7483db51a25d26a22e30f4ab745445d2
20220801.0,782146.6225252359,ChiNext,ChiNext Index,16e3409dfe8376ad2b2c0d7cb75754fd7483db51a25d26a22e30f4ab745445d2
20220802.0,767604.1704290542,ChiNext,ChiNext Index,16e3409dfe8376ad2b2c0d7cb75754fd7483db51a25d26a22e30f4ab745445d2
20220803.0,771096.0019019161,ChiNext,ChiNext Index,16e3409dfe8376ad2b2c0d7cb75754fd7483db51a25d26a22e30f4ab745445d2
20220804.0,783600.8658348852,ChiNext,ChiNext Index,16e3409dfe8376ad2b2c0d7cb75754fd7483db51a25d26a22e30f4ab745445d2
20220805.0,781289.243117429,ChiNext,ChiNext Index,16e3409dfe8376ad2b2c0d7cb75754fd7483db51a25d26a22e30f4ab745445d2
20220808.0,786870.7737626743,ChiNext,ChiNext Index,16e3409dfe8376ad2b2c0d7cb75754fd7483db51a25d26a22e30f4ab745445d2
20220809.0,776296.0172713285,ChiNext,ChiNext Index,16e3409dfe8376ad2b2c0d7cb75754fd7483db51a25d26a22e30f4ab745445d2
20220810.0,794664.7338622963,ChiNext,ChiNext Index,16e3409dfe8376ad2b2c0d7cb75754fd7483db51a25d26a22e30f4ab745445d2
20220811.0,785711.2459109193,ChiNext,ChiNext Index,16e3409dfe8376ad2b2c0d7cb75754fd7483db51a25d26a22e30f4ab745445d2
20220812.0,793817.4289106827,ChiNext,ChiNext Index,16e3409dfe8376ad2b2c0d7cb75754fd7483db51a25d26a22e30f4ab745445d2
20220815.0,797554.7214610357,ChiNext,ChiNext Index,16e3409dfe8376ad2b2c0d7cb75754fd7483db51a25d26a22e30f4ab745445d2
20220816.0,811137.8757148637,ChiNext,ChiNext Index,16e3409dfe8376ad2b2c0d7cb75754fd7483db51a25d26a22e30f4ab745445d2
20220817.0,810527.8999742712,ChiNext,ChiNext Index,16e3409dfe8376ad2b2c0d7cb75754fd7483db51a25d26a22e30f4ab745445d2
20220818.0,798379.7079412941,ChiNext,ChiNext Index,16e3409dfe8376ad2b2c0d7cb75754fd7483db51a25d26a22e30f4ab745445d2
20220819.0,811460.3610140579,ChiNext,ChiNext Index,16e3409dfe8376ad2b2c0d7cb75754fd7483db51a25d26a22e30f4ab745445d2
20220822.0,811836.8788584379,ChiNext,ChiNext Index,16e3409dfe8376ad2b2c0d7cb75754fd7483db51a25d26a22e30f4ab745445d2
20220823.0,782269.7795299516,ChiNext,ChiNext Index,16e3409dfe8376ad2b2c0d7cb75754fd7483db51a25d26a22e30f4ab745445d2
20220824.0,778839.5265594478,ChiNext,ChiNext Index,16e3409dfe8376ad2b2c0d7cb75754fd7483db51a25d26a22e30f4ab745445d2
20220825.0,770952.997412297,ChiNext,ChiNext Index,16e3409dfe8376ad2b2c0d7cb75754fd7483db51a25d26a22e30f4ab745445d2
20220826.0,768095.8458959912,ChiNext,ChiNext Index,16e3409dfe8376ad2b2c0d7cb75754fd7483db51a25d26a22e30f4ab745445d2
20220829.0,762733.7688363767,ChiNext,ChiNext Index,16e3409dfe8376ad2b2c0d7cb75754fd7483db51a25d26a22e30f4ab745445d2
20220830.0,750549.859443954,ChiNext,ChiNext Index,16e3409dfe8376ad2b2c0d7cb75754fd7483db51a25d26a22e30f4ab745445d2
20220831.0,739874.0384770117,ChiNext,ChiNext Index,16e3409dfe8376ad2b2c0d7cb75754fd7483db51a25d26a22e30f4ab745445d2
20220901.0,739631.3595700519,ChiNext,ChiNext Index,16e3409dfe8376ad2b2c0d7cb75754fd7483db51a25d26a22e30f4ab745445d2
20220902.0,741143.9057331444,ChiNext,ChiNext Index,16e3409dfe8376ad2b2c0d7cb75754fd7483db51a25d26a22e30f4ab745445d2
20220905.0,741853.9215066957,ChiNext,ChiNext Index,16e3409dfe8376ad2b2c0d7cb75754fd7483db51a25d26a22e30f4ab745445d2
20220906.0,750661.9529816897,ChiNext,ChiNext Index,16e3409dfe8376ad2b2c0d7cb75754fd7483db51a25d26a22e30f4ab745445d2
20220907.0,736706.3966267096,ChiNext,ChiNext Index,16e3409dfe8376ad2b2c0d7cb75754fd7483db51a25d26a22e30f4ab745445d2
20220908.0,744067.5669411052,ChiNext,ChiNext Index,16e3409dfe8376ad2b2c0d7cb75754fd7483db51a25d26a22e30f4ab745445d2
20220909.0,744771.4550585194,ChiNext,ChiNext Index,16e3409dfe8376ad2b2c0d7cb75754fd7483db51a25d26a22e30f4ab745445d2
20220913.0,731105.643432245,ChiNext,ChiNext Index,16e3409dfe8376ad2b2c0d7cb75754fd7483db51a25d26a22e30f4ab745445d2
20220914.0,707852.828527562,ChiNext,ChiNext Index,16e3409dfe8376ad2b2c0d7cb75754fd7483db51a25d26a22e30f4ab745445d2
20220915.0,691269.2527856821,ChiNext,ChiNext Index,16e3409dfe8376ad2b2c0d7cb75754fd7483db51a25d26a22e30f4ab745445d2
20220916.0,686299.0268321799,ChiNext,ChiNext Index,16e3409dfe8376ad2b2c0d7cb75754fd7483db51a25d26a22e30f4ab745445d2
20220919.0,691125.0816125179,ChiNext,ChiNext Index,16e3409dfe8376ad2b2c0d7cb75754fd7483db51a25d26a22e30f4ab745445d2
20220920.0,680792.0704758939,ChiNext,ChiNext Index,16e3409dfe8376ad2b2c0d7cb75754fd7483db51a25d26a22e30f4ab745445d2
20220921.0,677260.1209050384,ChiNext,ChiNext Index,16e3409dfe8376ad2b2c0d7cb75754fd7483db51a25d26a22e30f4ab745445d2
20220922.0,672729.9282394416,ChiNext,ChiNext Index,16e3409dfe8376ad2b2c0d7cb75754fd7483db51a25d26a22e30f4ab745445d2
20220923.0,678320.9864579682,ChiNext,ChiNext Index,16e3409dfe8376ad2b2c0d7cb75754fd7483db51a25d26a22e30f4ab745445d2
20220926.0,693412.9500984112,ChiNext,ChiNext Index,16e3409dfe8376ad2b2c0d7cb75754fd7483db51a25d26a22e30f4ab745445d2
20220927.0,675610.9592825501,ChiNext,ChiNext Index,16e3409dfe8376ad2b2c0d7cb75754fd7483db51a25d26a22e30f4ab745445d2
20220928.0,681224.6112111558,ChiNext,ChiNext Index,16e3409dfe8376ad2b2c0d7cb75754fd7483db51a25d26a22e30f4ab745445d2
20220929.0,668369.2215205143,ChiNext,ChiNext Index,16e3409dfe8376ad2b2c0d7cb75754fd7483db51a25d26a22e30f4ab745445d2
20220930.0,652974.0048866931,ChiNext,ChiNext Index,16e3409dfe8376ad2b2c0d7cb75754fd7483db51a25d26a22e30f4ab745445d2
20221010.0,660462.9635081341,ChiNext,ChiNext Index,16e3409dfe8376ad2b2c0d7cb75754fd7483db51a25d26a22e30f4ab745445d2
20221011.0,684233.6862868404,ChiNext,ChiNext Index,16e3409dfe8376ad2b2c0d7cb75754fd7483db51a25d26a22e30f4ab745445d2
20221012.0,686390.3906832825,ChiNext,ChiNext Index,16e3409dfe8376ad2b2c0d7cb75754fd7483db51a25d26a22e30f4ab745445d2
20221013.0,710781.9595916505,ChiNext,ChiNext Index,16e3409dfe8376ad2b2c0d7cb75754fd7483db51a25d26a22e30f4ab745445d2
20221014.0,711016.5174157472,ChiNext,ChiNext Index,16e3409dfe8376ad2b2c0d7cb75754fd7483db51a25d26a22e30f4ab745445d2
20221017.0,714492.6772270281,ChiNext,ChiNext Index,16e3409dfe8376ad2b2c0d7cb75754fd7483db51a25d26a22e30f4ab745445d2
20221018.0,708369.475233105,ChiNext,ChiNext Index,16e3409dfe8376ad2b2c0d7cb75754fd7483db51a25d26a22e30f4ab745445d2
20221019.0,701291.4475125829,ChiNext,ChiNext Index,16e3409dfe8376ad2b2c0d7cb75754fd7483db51a25d26a22e30f4ab745445d2
20221020.0,699376.2204212099,ChiNext,ChiNext Index,16e3409dfe8376ad2b2c0d7cb75754fd7483db51a25d26a22e30f4ab745445d2
20221021.0,682347.8080648928,ChiNext,ChiNext Index,16e3409dfe8376ad2b2c0d7cb75754fd7483db51a25d26a22e30f4ab745445d2
20221024.0,675839.5748258444,ChiNext,ChiNext Index,16e3409dfe8376ad2b2c0d7cb75754fd7483db51a25d26a22e30f4ab745445d2
20221025.0,692870.0560941346,ChiNext,ChiNext Index,16e3409dfe8376ad2b2c0d7cb75754fd7483db51a25d26a22e30f4ab745445d2
20221026.0,682467.9980372479,ChiNext,ChiNext Index,16e3409dfe8376ad2b2c0d7cb75754fd7483db51a25d26a22e30f4ab745445d2
20221027.0,657139.5632425047,ChiNext,ChiNext Index,16e3409dfe8376ad2b2c0d7cb75754fd7483db51a25d26a22e30f4ab745445d2
20221028.0,661393.2277731824,ChiNext,ChiNext Index,16e3409dfe8376ad2b2c0d7cb75754fd7483db51a25d26a22e30f4ab745445d2
20221031.0,682584.9282793461,ChiNext,ChiNext Index,16e3409dfe8376ad2b2c0d7cb75754fd7483db51a25d26a22e30f4ab745445d2
20221101.0,693741.7787258766,ChiNext,ChiNext Index,16e3409dfe8376ad2b2c0d7cb75754fd7483db51a25d26a22e30f4ab745445d2
20221102.0,693800.0528230354,ChiNext,ChiNext Index,16e3409dfe8376ad2b2c0d7cb75754fd7483db51a25d26a22e30f4ab745445d2
20221103.0,715747.0299541347,ChiNext,ChiNext Index,16e3409dfe8376ad2b2c0d7cb75754fd7483db51a25d26a22e30f4ab745445d2
20221104.0,716760.5277443308,ChiNext,ChiNext Index,16e3409dfe8376ad2b2c0d7cb75754fd7483db51a25d26a22e30f4ab745445d2
20221107.0,710251.6254081611,ChiNext,ChiNext Index,16e3409dfe8376ad2b2c0d7cb75754fd7483db51a25d26a22e30f4ab745445d2
20221108.0,700596.4651137963,ChiNext,ChiNext Index,16e3409dfe8376ad2b2c0d7cb75754fd7483db51a25d26a22e30f4ab745445d2
20221109.0,688271.5718742501,ChiNext,ChiNext Index,16e3409dfe8376ad2b2c0d7cb75754fd7483db51a25d26a22e30f4ab745445d2
20221110.0,702343.2841056655,ChiNext,ChiNext Index,16e3409dfe8376ad2b2c0d7cb75754fd7483db51a25d26a22e30f4ab745445d2
20221111.0,693550.6485400235,ChiNext,ChiNext Index,16e3409dfe8376ad2b2c0d7cb75754fd7483db51a25d26a22e30f4ab745445d2
20221114.0,710055.7668675181,ChiNext,ChiNext Index,16e3409dfe8376ad2b2c0d7cb75754fd7483db51a25d26a22e30f4ab745445d2
20221115.0,701638.0557399886,ChiNext,ChiNext Index,16e3409dfe8376ad2b2c0d7cb75754fd7483db51a25d26a22e30f4ab745445d2
20221116.0,696661.3370282365,ChiNext,ChiNext Index,16e3409dfe8376ad2b2c0d7cb75754fd7483db51a25d26a22e30f4ab745445d2
20221117.0,697799.6817683715,ChiNext,ChiNext Index,16e3409dfe8376ad2b2c0d7cb75754fd7483db51a25d26a22e30f4ab745445d2
20221118.0,697080.2503656467,ChiNext,ChiNext Index,16e3409dfe8376ad2b2c0d7cb75754fd7483db51a25d26a22e30f4ab745445d2
20221121.0,684307.6489912476,ChiNext,ChiNext Index,16e3409dfe8376ad2b2c0d7cb75754fd7483db51a25d26a22e30f4ab745445d2
20221122.0,683368.0943922659,ChiNext,ChiNext Index,16e3409dfe8376ad2b2c0d7cb75754fd7483db51a25d26a22e30f4ab745445d2
20221123.0,681963.0895443619,ChiNext,ChiNext Index,16e3409dfe8376ad2b2c0d7cb75754fd7483db51a25d26a22e30f4ab745445d2
20221124.0,674323.0572144516,ChiNext,ChiNext Index,16e3409dfe8376ad2b2c0d7cb75754fd7483db51a25d26a22e30f4ab745445d2
20221125.0,671240.052298685,ChiNext,ChiNext Index,16e3409dfe8376ad2b2c0d7cb75754fd7483db51a25d26a22e30f4ab745445d2
20221128.0,683209.6046434103,ChiNext,ChiNext Index,16e3409dfe8376ad2b2c0d7cb75754fd7483db51a25d26a22e30f4ab745445d2
20221129.0,684821.2963136099,ChiNext,ChiNext Index,16e3409dfe8376ad2b2c0d7cb75754fd7483db51a25d26a22e30f4ab745445d2
20221130.0,695294.9528975089,ChiNext,ChiNext Index,16e3409dfe8376ad2b2c0d7cb75754fd7483db51a25d26a22e30f4ab745445d2
20221201.0,695919.3278340902,ChiNext,ChiNext Index,16e3409dfe8376ad2b2c0d7cb75754fd7483db51a25d26a22e30f4ab745445d2
20221202.0,694105.0661118331,ChiNext,ChiNext Index,16e3409dfe8376ad2b2c0d7cb75754fd7483db51a25d26a22e30f4ab745445d2
20221205.0,698827.7569408199,ChiNext,ChiNext Index,16e3409dfe8376ad2b2c0d7cb75754fd7483db51a25d26a22e30f4ab745445d2
20221206.0,704890.786922803,ChiNext,ChiNext Index,16e3409dfe8376ad2b2c0d7cb75754fd7483db51a25d26a22e30f4ab745445d2
20221207.0,704238.7628186159,ChiNext,ChiNext Index,16e3409dfe8376ad2b2c0d7cb75754fd7483db51a25d26a22e30f4ab745445d2
20221208.0,706813.4598378572,ChiNext,ChiNext Index,16e3409dfe8376ad2b2c0d7cb75754fd7483db51a25d26a22e30f4ab745445d2
20221209.0,701234.5809328523,ChiNext,ChiNext Index,16e3409dfe8376ad2b2c0d7cb75754fd7483db51a25d26a22e30f4ab745445d2
20221212.0,693842.1664017756,ChiNext,ChiNext Index,16e3409dfe8376ad2b2c0d7cb75754fd7483db51a25d26a22e30f4ab745445d2
20221213.0,691469.226042543,ChiNext,ChiNext Index,16e3409dfe8376ad2b2c0d7cb75754fd7483db51a25d26a22e30f4ab745445d2
20221214.0,700534.3874844993,ChiNext,ChiNext Index,16e3409dfe8376ad2b2c0d7cb75754fd7483db51a25d26a22e30f4ab745445d2
20221215.0,693117.8299985128,ChiNext,ChiNext Index,16e3409dfe8376ad2b2c0d7cb75754fd7483db51a25d26a22e30f4ab745445d2
20221216.0,685225.9901818095,ChiNext,ChiNext Index,16e3409dfe8376ad2b2c0d7cb75754fd7483db51a25d26a22e30f4ab745445d2
20221219.0,674744.0882468177,ChiNext,ChiNext Index,16e3409dfe8376ad2b2c0d7cb75754fd7483db51a25d26a22e30f4ab745445d2
20221220.0,672671.9494077046,ChiNext,ChiNext Index,16e3409dfe8376ad2b2c0d7cb75754fd7483db51a25d26a22e30f4ab745445d2
20221221.0,670224.0958461589,ChiNext,ChiNext Index,16e3409dfe8376ad2b2c0d7cb75754fd7483db51a25d26a22e30f4ab745445d2
20221222.0,667557.2744747893,ChiNext,ChiNext Index,16e3409dfe8376ad2b2c0d7cb75754fd7483db51a25d26a22e30f4ab745445d2
20221223.0,680762.2250470547,ChiNext,ChiNext Index,16e3409dfe8376ad2b2c0d7cb75754fd7483db51a25d26a22e30f4ab745445d2
20221226.0,688964.7287624719,ChiNext,ChiNext Index,16e3409dfe8376ad2b2c0d7cb75754fd7483db51a25d26a22e30f4ab745445d2
20221227.0,682761.9791828757,ChiNext,ChiNext Index,16e3409dfe8376ad2b2c0d7cb75754fd7483db51a25d26a22e30f4ab745445d2
20221228.0,686010.560731127,ChiNext,ChiNext Index,16e3409dfe8376ad2b2c0d7cb75754fd7483db51a25d26a22e30f4ab745445d2
20221229.0,685247.0310525221,ChiNext,ChiNext Index,16e3409dfe8376ad2b2c0d7cb75754fd7483db51a25d26a22e30f4ab745445d2
20221230.0,688066.8225066266,ChiNext,ChiNext Index,16e3409dfe8376ad2b2c0d7cb75754fd7483db51a25d26a22e30f4ab745445d2
20230103.0,681846.6984825992,ChiNext,ChiNext Index,16e3409dfe8376ad2b2c0d7cb75754fd7483db51a25d26a22e30f4ab745445d2
20230104.0,700632.2569314787,ChiNext,ChiNext Index,16e3409dfe8376ad2b2c0d7cb75754fd7483db51a25d26a22e30f4ab745445d2
20230105.0,707255.3335279743,ChiNext,ChiNext Index,16e3409dfe8376ad2b2c0d7cb75754fd7483db51a25d26a22e30f4ab745445d2
20230106.0,712576.7230124598,ChiNext,ChiNext Index,16e3409dfe8376ad2b2c0d7cb75754fd7483db51a25d26a22e30f4ab745445d2
20230109.0,722398.8802943646,ChiNext,ChiNext Index,16e3409dfe8376ad2b2c0d7cb75754fd7483db51a25d26a22e30f4ab745445d2
20230110.0,714213.3787321944,ChiNext,ChiNext Index,16e3409dfe8376ad2b2c0d7cb75754fd7483db51a25d26a22e30f4ab745445d2
20230111.0,717870.1511182499,ChiNext,ChiNext Index,16e3409dfe8376ad2b2c0d7cb75754fd7483db51a25d26a22e30f4ab745445d2
20230112.0,727982.787954632,ChiNext,ChiNext Index,16e3409dfe8376ad2b2c0d7cb75754fd7483db51a25d26a22e30f4ab745445d2
20230113.0,741530.5478437106,ChiNext,ChiNext Index,16e3409dfe8376ad2b2c0d7cb75754fd7483db51a25d26a22e30f4ab745445d2
20230116.0,743292.4243450833,ChiNext,ChiNext Index,16e3409dfe8376ad2b2c0d7cb75754fd7483db51a25d26a22e30f4ab745445d2
20230117.0,742808.5408042521,ChiNext,ChiNext Index,16e3409dfe8376ad2b2c0d7cb75754fd7483db51a25d26a22e30f4ab745445d2
20230118.0,750850.1859718731,ChiNext,ChiNext Index,16e3409dfe8376ad2b2c0d7cb75754fd7483db51a25d26a22e30f4ab745445d2
20230119.0,755091.7389716996,ChiNext,ChiNext Index,16e3409dfe8376ad2b2c0d7cb75754fd7483db51a25d26a22e30f4ab745445d2
20230120.0,763245.2193840006,ChiNext,ChiNext Index,16e3409dfe8376ad2b2c0d7cb75754fd7483db51a25d26a22e30f4ab745445d2
20230130.0,753596.2735281314,ChiNext,ChiNext Index,16e3409dfe8376ad2b2c0d7cb75754fd7483db51a25d26a22e30f4ab745445d2
20230131.0,763188.0467552416,ChiNext,ChiNext Index,16e3409dfe8376ad2b2c0d7cb75754fd7483db51a25d26a22e30f4ab745445d2
20230201.0,759867.4153090114,ChiNext,ChiNext Index,16e3409dfe8376ad2b2c0d7cb75754fd7483db51a25d26a22e30f4ab745445d2
20230202.0,753383.466752275,ChiNext,ChiNext Index,16e3409dfe8376ad2b2c0d7cb75754fd7483db51a25d26a22e30f4ab745445d2
20230203.0,742865.4803017041,ChiNext,ChiNext Index,16e3409dfe8376ad2b2c0d7cb75754fd7483db51a25d26a22e30f4ab745445d2
20230206.0,741078.1457589081,ChiNext,ChiNext Index,16e3409dfe8376ad2b2c0d7cb75754fd7483db51a25d26a22e30f4ab745445d2
20230207.0,737547.6499209383,ChiNext,ChiNext Index,16e3409dfe8376ad2b2c0d7cb75754fd7483db51a25d26a22e30f4ab745445d2
20230208.0,750353.6897192316,ChiNext,ChiNext Index,16e3409dfe8376ad2b2c0d7cb75754fd7483db51a25d26a22e30f4ab745445d2
20230209.0,743177.3067759228,ChiNext,ChiNext Index,16e3409dfe8376ad2b2c0d7cb75754fd7483db51a25d26a22e30f4ab745445d2
20230210.0,751360.432350081,ChiNext,ChiNext Index,16e3409dfe8376ad2b2c0d7cb75754fd7483db51a25d26a22e30f4ab745445d2
20230213.0,749016.9389397444,ChiNext,ChiNext Index,16e3409dfe8376ad2b2c0d7cb75754fd7483db51a25d26a22e30f4ab745445d2
20230214.0,743773.0712633858,ChiNext,ChiNext Index,16e3409dfe8376ad2b2c0d7cb75754fd7483db51a25d26a22e30f4ab745445d2
20230215.0,733641.3946855936,ChiNext,ChiNext Index,16e3409dfe8376ad2b2c0d7cb75754fd7483db51a25d26a22e30f4ab745445d2
20230216.0,715202.0516327325,ChiNext,ChiNext Index,16e3409dfe8376ad2b2c0d7cb75754fd7483db51a25d26a22e30f4ab745445d2
20230217.0,724383.1003879666,ChiNext,ChiNext Index,16e3409dfe8376ad2b2c0d7cb75754fd7483db51a25d26a22e30f4ab745445d2
20230220.0,721174.8079349011,ChiNext,ChiNext Index,16e3409dfe8376ad2b2c0d7cb75754fd7483db51a25d26a22e30f4ab745445d2
20230221.0,715945.569504808,ChiNext,ChiNext Index,16e3409dfe8376ad2b2c0d7cb75754fd7483db51a25d26a22e30f4ab745445d2
20230222.0,717576.4934808235,ChiNext,ChiNext Index,16e3409dfe8376ad2b2c0d7cb75754fd7483db51a25d26a22e30f4ab745445d2
20230223.0,709241.1249471256,ChiNext,ChiNext Index,16e3409dfe8376ad2b2c0d7cb75754fd7483db51a25d26a22e30f4ab745445d2
20230224.0,703651.5954332264,ChiNext,ChiNext Index,16e3409dfe8376ad2b2c0d7cb75754fd7483db51a25d26a22e30f4ab745445d2
20230227.0,709267.4390015196,ChiNext,ChiNext Index,16e3409dfe8376ad2b2c0d7cb75754fd7483db51a25d26a22e30f4ab745445d2
20230228.0,713623.759360041,ChiNext,ChiNext Index,16e3409dfe8376ad2b2c0d7cb75754fd7483db51a25d26a22e30f4ab745445d2
20230301.0,706222.0539815254,ChiNext,ChiNext Index,16e3409dfe8376ad2b2c0d7cb75754fd7483db51a25d26a22e30f4ab745445d2
20230302.0,707342.8281182882,ChiNext,ChiNext Index,16e3409dfe8376ad2b2c0d7cb75754fd7483db51a25d26a22e30f4ab745445d2
20211207.0,1000000.0,ChiNext,Baseline portfolio,16e3409dfe8376ad2b2c0d7cb75754fd7483db51a25d26a22e30f4ab745445d2
20211208.0,960326.2535392956,ChiNext,Baseline portfolio,16e3409dfe8376ad2b2c0d7cb75754fd7483db51a25d26a22e30f4ab745445d2
20211209.0,959360.9481213776,ChiNext,Baseline portfolio,16e3409dfe8376ad2b2c0d7cb75754fd7483db51a25d26a22e30f4ab745445d2
20211210.0,962434.1399392827,ChiNext,Baseline portfolio,16e3409dfe8376ad2b2c0d7cb75754fd7483db51a25d26a22e30f4ab745445d2
20211213.0,956133.4304264581,ChiNext,Baseline portfolio,16e3409dfe8376ad2b2c0d7cb75754fd7483db51a25d26a22e30f4ab745445d2
20211214.0,957389.7124181711,ChiNext,Baseline portfolio,16e3409dfe8376ad2b2c0d7cb75754fd7483db51a25d26a22e30f4ab745445d2
20211215.0,972371.2334587307,ChiNext,Baseline portfolio,16e3409dfe8376ad2b2c0d7cb75754fd7483db51a25d26a22e30f4ab745445d2
20211216.0,954669.1237483963,ChiNext,Baseline portfolio,16e3409dfe8376ad2b2c0d7cb75754fd7483db51a25d26a22e30f4ab745445d2
20211217.0,927733.0259122584,ChiNext,Baseline portfolio,16e3409dfe8376ad2b2c0d7cb75754fd7483db51a25d26a22e30f4ab745445d2
20211220.0,939519.0057608199,ChiNext,Baseline portfolio,16e3409dfe8376ad2b2c0d7cb75754fd7483db51a25d26a22e30f4ab745445d2
20211221.0,934537.2153513252,ChiNext,Baseline portfolio,16e3409dfe8376ad2b2c0d7cb75754fd7483db51a25d26a22e30f4ab745445d2
20211222.0,915515.1069071498,ChiNext,Baseline portfolio,16e3409dfe8376ad2b2c0d7cb75754fd7483db51a25d26a22e30f4ab745445d2
20211223.0,903828.4458440085,ChiNext,Baseline portfolio,16e3409dfe8376ad2b2c0d7cb75754fd7483db51a25d26a22e30f4ab745445d2
20211224.0,917477.4392450463,ChiNext,Baseline portfolio,16e3409dfe8376ad2b2c0d7cb75754fd7483db51a25d26a22e30f4ab745445d2
20211227.0,932795.5111636904,ChiNext,Baseline portfolio,16e3409dfe8376ad2b2c0d7cb75754fd7483db51a25d26a22e30f4ab745445d2
20211228.0,922923.4295916627,ChiNext,Baseline portfolio,16e3409dfe8376ad2b2c0d7cb75754fd7483db51a25d26a22e30f4ab745445d2
20211229.0,937387.8800286313,ChiNext,Baseline portfolio,16e3409dfe8376ad2b2c0d7cb75754fd7483db51a25d26a22e30f4ab745445d2
20211230.0,931816.4434088311,ChiNext,Baseline portfolio,16e3409dfe8376ad2b2c0d7cb75754fd7483db51a25d26a22e30f4ab745445d2
20211231.0,897652.2173485256,ChiNext,Baseline portfolio,16e3409dfe8376ad2b2c0d7cb75754fd7483db51a25d26a22e30f4ab745445d2
20220104.0,877417.2626448375,ChiNext,Baseline portfolio,16e3409dfe8376ad2b2c0d7cb75754fd7483db51a25d26a22e30f4ab745445d2
20220105.0,875583.5917574568,ChiNext,Baseline portfolio,16e3409dfe8376ad2b2c0d7cb75754fd7483db51a25d26a22e30f4ab745445d2
20220106.0,860007.9132456641,ChiNext,Baseline portfolio,16e3409dfe8376ad2b2c0d7cb75754fd7483db51a25d26a22e30f4ab745445d2
20220107.0,881874.1014310181,ChiNext,Baseline portfolio,16e3409dfe8376ad2b2c0d7cb75754fd7483db51a25d26a22e30f4ab745445d2
20220110.0,858904.8318286581,ChiNext,Baseline portfolio,16e3409dfe8376ad2b2c0d7cb75754fd7483db51a25d26a22e30f4ab745445d2
20220111.0,871190.5246561845,ChiNext,Baseline portfolio,16e3409dfe8376ad2b2c0d7cb75754fd7483db51a25d26a22e30f4ab745445d2
20220112.0,860617.3347581049,ChiNext,Baseline portfolio,16e3409dfe8376ad2b2c0d7cb75754fd7483db51a25d26a22e30f4ab745445d2
20220113.0,873931.35871579,ChiNext,Baseline portfolio,16e3409dfe8376ad2b2c0d7cb75754fd7483db51a25d26a22e30f4ab745445d2
20220114.0,889339.5035160738,ChiNext,Baseline portfolio,16e3409dfe8376ad2b2c0d7cb75754fd7483db51a25d26a22e30f4ab745445d2
20220117.0,883471.8893003247,ChiNext,Baseline portfolio,16e3409dfe8376ad2b2c0d7cb75754fd7483db51a25d26a22e30f4ab745445d2
20220118.0,875417.8925297539,ChiNext,Baseline portfolio,16e3409dfe8376ad2b2c0d7cb75754fd7483db51a25d26a22e30f4ab745445d2
20220119.0,857705.6267001663,ChiNext,Baseline portfolio,16e3409dfe8376ad2b2c0d7cb75754fd7483db51a25d26a22e30f4ab745445d2
20220120.0,853182.2623564026,ChiNext,Baseline portfolio,16e3409dfe8376ad2b2c0d7cb75754fd7483db51a25d26a22e30f4ab745445d2
20220121.0,858243.4823624598,ChiNext,Baseline portfolio,16e3409dfe8376ad2b2c0d7cb75754fd7483db51a25d26a22e30f4ab745445d2
20220124.0,840869.706315322,ChiNext,Baseline portfolio,16e3409dfe8376ad2b2c0d7cb75754fd7483db51a25d26a22e30f4ab745445d2
20220125.0,845595.1204400704,ChiNext,Baseline portfolio,16e3409dfe8376ad2b2c0d7cb75754fd7483db51a25d26a22e30f4ab745445d2
20220126.0,829333.287992561,ChiNext,Baseline portfolio,16e3409dfe8376ad2b2c0d7cb75754fd7483db51a25d26a22e30f4ab745445d2
20220127.0,826901.2009341484,ChiNext,Baseline portfolio,16e3409dfe8376ad2b2c0d7cb75754fd7483db51a25d26a22e30f4ab745445d2
20220128.0,827998.9549508465,ChiNext,Baseline portfolio,16e3409dfe8376ad2b2c0d7cb75754fd7483db51a25d26a22e30f4ab745445d2
20220207.0,823375.246450806,ChiNext,Baseline portfolio,16e3409dfe8376ad2b2c0d7cb75754fd7483db51a25d26a22e30f4ab745445d2
20220208.0,842802.2199474802,ChiNext,Baseline portfolio,16e3409dfe8376ad2b2c0d7cb75754fd7483db51a25d26a22e30f4ab745445d2
20220209.0,832235.1889106104,ChiNext,Baseline portfolio,16e3409dfe8376ad2b2c0d7cb75754fd7483db51a25d26a22e30f4ab745445d2
20220210.0,812768.6086958135,ChiNext,Baseline portfolio,16e3409dfe8376ad2b2c0d7cb75754fd7483db51a25d26a22e30f4ab745445d2
20220216.0,811831.3765012762,ChiNext,Baseline portfolio,16e3409dfe8376ad2b2c0d7cb75754fd7483db51a25d26a22e30f4ab745445d2
20220217.0,809569.6064990174,ChiNext,Baseline portfolio,16e3409dfe8376ad2b2c0d7cb75754fd7483db51a25d26a22e30f4ab745445d2
20220218.0,804987.2475645469,ChiNext,Baseline portfolio,16e3409dfe8376ad2b2c0d7cb75754fd7483db51a25d26a22e30f4ab745445d2
20220221.0,802751.3005714116,ChiNext,Baseline portfolio,16e3409dfe8376ad2b2c0d7cb75754fd7483db51a25d26a22e30f4ab745445d2
20220222.0,842753.7789572773,ChiNext,Baseline portfolio,16e3409dfe8376ad2b2c0d7cb75754fd7483db51a25d26a22e30f4ab745445d2
20220223.0,829575.0159270419,ChiNext,Baseline portfolio,16e3409dfe8376ad2b2c0d7cb75754fd7483db51a25d26a22e30f4ab745445d2
20220224.0,838287.8379187773,ChiNext,Baseline portfolio,16e3409dfe8376ad2b2c0d7cb75754fd7483db51a25d26a22e30f4ab745445d2
20220225.0,842314.3907112835,ChiNext,Baseline portfolio,16e3409dfe8376ad2b2c0d7cb75754fd7483db51a25d26a22e30f4ab745445d2
20220228.0,842584.9476007447,ChiNext,Baseline portfolio,16e3409dfe8376ad2b2c0d7cb75754fd7483db51a25d26a22e30f4ab745445d2
20220301.0,835494.741271679,ChiNext,Baseline portfolio,16e3409dfe8376ad2b2c0d7cb75754fd7483db51a25d26a22e30f4ab745445d2
20220302.0,819853.8113283052,ChiNext,Baseline portfolio,16e3409dfe8376ad2b2c0d7cb75754fd7483db51a25d26a22e30f4ab745445d2
20220303.0,812602.8489627407,ChiNext,Baseline portfolio,16e3409dfe8376ad2b2c0d7cb75754fd7483db51a25d26a22e30f4ab745445d2
20220304.0,784325.406781076,ChiNext,Baseline portfolio,16e3409dfe8376ad2b2c0d7cb75754fd7483db51a25d26a22e30f4ab745445d2
20220307.0,759905.8635503347,ChiNext,Baseline portfolio,16e3409dfe8376ad2b2c0d7cb75754fd7483db51a25d26a22e30f4ab745445d2
20220308.0,761974.9920639973,ChiNext,Baseline portfolio,16e3409dfe8376ad2b2c0d7cb75754fd7483db51a25d26a22e30f4ab745445d2
20220309.0,779658.3337890304,ChiNext,Baseline portfolio,16e3409dfe8376ad2b2c0d7cb75754fd7483db51a25d26a22e30f4ab745445d2
20220310.0,783624.542233115,ChiNext,Baseline portfolio,16e3409dfe8376ad2b2c0d7cb75754fd7483db51a25d26a22e30f4ab745445d2
20220311.0,774485.7922934191,ChiNext,Baseline portfolio,16e3409dfe8376ad2b2c0d7cb75754fd7483db51a25d26a22e30f4ab745445d2
20220314.0,755198.3924884698,ChiNext,Baseline portfolio,16e3409dfe8376ad2b2c0d7cb75754fd7483db51a25d26a22e30f4ab745445d2
20220315.0,773540.331466045,ChiNext,Baseline portfolio,16e3409dfe8376ad2b2c0d7cb75754fd7483db51a25d26a22e30f4ab745445d2
20220316.0,780152.6542756188,ChiNext,Baseline portfolio,16e3409dfe8376ad2b2c0d7cb75754fd7483db51a25d26a22e30f4ab745445d2
20220317.0,790349.9743683597,ChiNext,Baseline portfolio,16e3409dfe8376ad2b2c0d7cb75754fd7483db51a25d26a22e30f4ab745445d2
20220318.0,796069.4522113465,ChiNext,Baseline portfolio,16e3409dfe8376ad2b2c0d7cb75754fd7483db51a25d26a22e30f4ab745445d2
20220321.0,785465.8042999736,ChiNext,Baseline portfolio,16e3409dfe8376ad2b2c0d7cb75754fd7483db51a25d26a22e30f4ab745445d2
20220322.0,788366.7951001396,ChiNext,Baseline portfolio,16e3409dfe8376ad2b2c0d7cb75754fd7483db51a25d26a22e30f4ab745445d2
20220323.0,795017.9702624879,ChiNext,Baseline portfolio,16e3409dfe8376ad2b2c0d7cb75754fd7483db51a25d26a22e30f4ab745445d2
20220324.0,791972.9991254073,ChiNext,Baseline portfolio,16e3409dfe8376ad2b2c0d7cb75754fd7483db51a25d26a22e30f4ab745445d2
20220325.0,790656.4755468136,ChiNext,Baseline portfolio,16e3409dfe8376ad2b2c0d7cb75754fd7483db51a25d26a22e30f4ab745445d2
20220328.0,783011.535875044,ChiNext,Baseline portfolio,16e3409dfe8376ad2b2c0d7cb75754fd7483db51a25d26a22e30f4ab745445d2
20220329.0,796146.7112265273,ChiNext,Baseline portfolio,16e3409dfe8376ad2b2c0d7cb75754fd7483db51a25d26a22e30f4ab745445d2
20220330.0,789021.4567710812,ChiNext,Baseline portfolio,16e3409dfe8376ad2b2c0d7cb75754fd7483db51a25d26a22e30f4ab745445d2
20220331.0,791301.7719622521,ChiNext,Baseline portfolio,16e3409dfe8376ad2b2c0d7cb75754fd7483db51a25d26a22e30f4ab745445d2
20220401.0,778875.0399443668,ChiNext,Baseline portfolio,16e3409dfe8376ad2b2c0d7cb75754fd7483db51a25d26a22e30f4ab745445d2
20220406.0,766852.3546926348,ChiNext,Baseline portfolio,16e3409dfe8376ad2b2c0d7cb75754fd7483db51a25d26a22e30f4ab745445d2
20220407.0,747601.9519701313,ChiNext,Baseline portfolio,16e3409dfe8376ad2b2c0d7cb75754fd7483db51a25d26a22e30f4ab745445d2
20220408.0,726224.7523819502,ChiNext,Baseline portfolio,16e3409dfe8376ad2b2c0d7cb75754fd7483db51a25d26a22e30f4ab745445d2
20220411.0,732942.9642746756,ChiNext,Baseline portfolio,16e3409dfe8376ad2b2c0d7cb75754fd7483db51a25d26a22e30f4ab745445d2
20220412.0,721694.9850085296,ChiNext,Baseline portfolio,16e3409dfe8376ad2b2c0d7cb75754fd7483db51a25d26a22e30f4ab745445d2
20220413.0,724233.9168421839,ChiNext,Baseline portfolio,16e3409dfe8376ad2b2c0d7cb75754fd7483db51a25d26a22e30f4ab745445d2
20220414.0,713516.6154471603,ChiNext,Baseline portfolio,16e3409dfe8376ad2b2c0d7cb75754fd7483db51a25d26a22e30f4ab745445d2
20220415.0,715246.4223271144,ChiNext,Baseline portfolio,16e3409dfe8376ad2b2c0d7cb75754fd7483db51a25d26a22e30f4ab745445d2
20220418.0,711522.9367405024,ChiNext,Baseline portfolio,16e3409dfe8376ad2b2c0d7cb75754fd7483db51a25d26a22e30f4ab745445d2
20220419.0,702293.4404553538,ChiNext,Baseline portfolio,16e3409dfe8376ad2b2c0d7cb75754fd7483db51a25d26a22e30f4ab745445d2
20220420.0,694567.544597481,ChiNext,Baseline portfolio,16e3409dfe8376ad2b2c0d7cb75754fd7483db51a25d26a22e30f4ab745445d2
20220421.0,687145.5095417527,ChiNext,Baseline portfolio,16e3409dfe8376ad2b2c0d7cb75754fd7483db51a25d26a22e30f4ab745445d2
20220422.0,675697.380558442,ChiNext,Baseline portfolio,16e3409dfe8376ad2b2c0d7cb75754fd7483db51a25d26a22e30f4ab745445d2
20220425.0,669578.4343516718,ChiNext,Baseline portfolio,16e3409dfe8376ad2b2c0d7cb75754fd7483db51a25d26a22e30f4ab745445d2
20220426.0,678816.9276878672,ChiNext,Baseline portfolio,16e3409dfe8376ad2b2c0d7cb75754fd7483db51a25d26a22e30f4ab745445d2
20220427.0,675555.5332310278,ChiNext,Baseline portfolio,16e3409dfe8376ad2b2c0d7cb75754fd7483db51a25d26a22e30f4ab745445d2
20220428.0,686209.4021615781,ChiNext,Baseline portfolio,16e3409dfe8376ad2b2c0d7cb75754fd7483db51a25d26a22e30f4ab745445d2
20220429.0,688807.7607113954,ChiNext,Baseline portfolio,16e3409dfe8376ad2b2c0d7cb75754fd7483db51a25d26a22e30f4ab745445d2
20220505.0,687948.424790219,ChiNext,Baseline portfolio,16e3409dfe8376ad2b2c0d7cb75754fd7483db51a25d26a22e30f4ab745445d2
20220506.0,690106.7032834387,ChiNext,Baseline portfolio,16e3409dfe8376ad2b2c0d7cb75754fd7483db51a25d26a22e30f4ab745445d2
20220509.0,703319.2901821902,ChiNext,Baseline portfolio,16e3409dfe8376ad2b2c0d7cb75754fd7483db51a25d26a22e30f4ab745445d2
20220510.0,718227.3022718967,ChiNext,Baseline portfolio,16e3409dfe8376ad2b2c0d7cb75754fd7483db51a25d26a22e30f4ab745445d2
20220511.0,719357.9834089623,ChiNext,Baseline portfolio,16e3409dfe8376ad2b2c0d7cb75754fd7483db51a25d26a22e30f4ab745445d2
20220512.0,716865.0870866657,ChiNext,Baseline portfolio,16e3409dfe8376ad2b2c0d7cb75754fd7483db51a25d26a22e30f4ab745445d2
20220513.0,709572.2829150638,ChiNext,Baseline portfolio,16e3409dfe8376ad2b2c0d7cb75754fd7483db51a25d26a22e30f4ab745445d2
20220516.0,719139.75185692,ChiNext,Baseline portfolio,16e3409dfe8376ad2b2c0d7cb75754fd7483db51a25d26a22e30f4ab745445d2
20220517.0,719322.5643456222,ChiNext,Baseline portfolio,16e3409dfe8376ad2b2c0d7cb75754fd7483db51a25d26a22e30f4ab745445d2
20220518.0,721066.502352511,ChiNext,Baseline portfolio,16e3409dfe8376ad2b2c0d7cb75754fd7483db51a25d26a22e30f4ab745445d2
20220519.0,736840.9089980216,ChiNext,Baseline portfolio,16e3409dfe8376ad2b2c0d7cb75754fd7483db51a25d26a22e30f4ab745445d2
20220520.0,742773.9292268155,ChiNext,Baseline portfolio,16e3409dfe8376ad2b2c0d7cb75754fd7483db51a25d26a22e30f4ab745445d2
20220523.0,713015.31791061,ChiNext,Baseline portfolio,16e3409dfe8376ad2b2c0d7cb75754fd7483db51a25d26a22e30f4ab745445d2
20220524.0,719320.2210311656,ChiNext,Baseline portfolio,16e3409dfe8376ad2b2c0d7cb75754fd7483db51a25d26a22e30f4ab745445d2
20220525.0,719128.8159990982,ChiNext,Baseline portfolio,16e3409dfe8376ad2b2c0d7cb75754fd7483db51a25d26a22e30f4ab745445d2
20220526.0,706652.3257305343,ChiNext,Baseline portfolio,16e3409dfe8376ad2b2c0d7cb75754fd7483db51a25d26a22e30f4ab745445d2
20220527.0,720573.8191217382,ChiNext,Baseline portfolio,16e3409dfe8376ad2b2c0d7cb75754fd7483db51a25d26a22e30f4ab745445d2
20220530.0,731069.5779546876,ChiNext,Baseline portfolio,16e3409dfe8376ad2b2c0d7cb75754fd7483db51a25d26a22e30f4ab745445d2
20220531.0,733037.0011364099,ChiNext,Baseline portfolio,16e3409dfe8376ad2b2c0d7cb75754fd7483db51a25d26a22e30f4ab745445d2
20220601.0,761081.8967808418,ChiNext,Baseline portfolio,16e3409dfe8376ad2b2c0d7cb75754fd7483db51a25d26a22e30f4ab745445d2
20220602.0,780647.6720378171,ChiNext,Baseline portfolio,16e3409dfe8376ad2b2c0d7cb75754fd7483db51a25d26a22e30f4ab745445d2
20220606.0,773741.287270896,ChiNext,Baseline portfolio,16e3409dfe8376ad2b2c0d7cb75754fd7483db51a25d26a22e30f4ab745445d2
20220607.0,767678.3211211183,ChiNext,Baseline portfolio,16e3409dfe8376ad2b2c0d7cb75754fd7483db51a25d26a22e30f4ab745445d2
20220608.0,746801.172658853,ChiNext,Baseline portfolio,16e3409dfe8376ad2b2c0d7cb75754fd7483db51a25d26a22e30f4ab745445d2
20220609.0,763029.855189606,ChiNext,Baseline portfolio,16e3409dfe8376ad2b2c0d7cb75754fd7483db51a25d26a22e30f4ab745445d2
20220610.0,772736.771835391,ChiNext,Baseline portfolio,16e3409dfe8376ad2b2c0d7cb75754fd7483db51a25d26a22e30f4ab745445d2
20220613.0,787086.2531872514,ChiNext,Baseline portfolio,16e3409dfe8376ad2b2c0d7cb75754fd7483db51a25d26a22e30f4ab745445d2
20220614.0,778731.7561023466,ChiNext,Baseline portfolio,16e3409dfe8376ad2b2c0d7cb75754fd7483db51a25d26a22e30f4ab745445d2
20220615.0,795388.2269260323,ChiNext,Baseline portfolio,16e3409dfe8376ad2b2c0d7cb75754fd7483db51a25d26a22e30f4ab745445d2
20220616.0,812036.1099882289,ChiNext,Baseline portfolio,16e3409dfe8376ad2b2c0d7cb75754fd7483db51a25d26a22e30f4ab745445d2
20220617.0,820801.8490989441,ChiNext,Baseline portfolio,16e3409dfe8376ad2b2c0d7cb75754fd7483db51a25d26a22e30f4ab745445d2
20220620.0,813284.6452431063,ChiNext,Baseline portfolio,16e3409dfe8376ad2b2c0d7cb75754fd7483db51a25d26a22e30f4ab745445d2
20220621.0,817951.5805366386,ChiNext,Baseline portfolio,16e3409dfe8376ad2b2c0d7cb75754fd7483db51a25d26a22e30f4ab745445d2
20220622.0,855257.7157306941,ChiNext,Baseline portfolio,16e3409dfe8376ad2b2c0d7cb75754fd7483db51a25d26a22e30f4ab745445d2
20220623.0,856966.4101398181,ChiNext,Baseline portfolio,16e3409dfe8376ad2b2c0d7cb75754fd7483db51a25d26a22e30f4ab745445d2
20220624.0,865291.1380943526,ChiNext,Baseline portfolio,16e3409dfe8376ad2b2c0d7cb75754fd7483db51a25d26a22e30f4ab745445d2
20220627.0,867961.1283670985,ChiNext,Baseline portfolio,16e3409dfe8376ad2b2c0d7cb75754fd7483db51a25d26a22e30f4ab745445d2
20220628.0,855717.9336337042,ChiNext,Baseline portfolio,16e3409dfe8376ad2b2c0d7cb75754fd7483db51a25d26a22e30f4ab745445d2
20220629.0,866238.5480729699,ChiNext,Baseline portfolio,16e3409dfe8376ad2b2c0d7cb75754fd7483db51a25d26a22e30f4ab745445d2
20220630.0,876468.2885048033,ChiNext,Baseline portfolio,16e3409dfe8376ad2b2c0d7cb75754fd7483db51a25d26a22e30f4ab745445d2
20220701.0,893768.0025624813,ChiNext,Baseline portfolio,16e3409dfe8376ad2b2c0d7cb75754fd7483db51a25d26a22e30f4ab745445d2
20220704.0,878728.2681336231,ChiNext,Baseline portfolio,16e3409dfe8376ad2b2c0d7cb75754fd7483db51a25d26a22e30f4ab745445d2
20220705.0,882247.7410279147,ChiNext,Baseline portfolio,16e3409dfe8376ad2b2c0d7cb75754fd7483db51a25d26a22e30f4ab745445d2
20220706.0,897758.1654732145,ChiNext,Baseline portfolio,16e3409dfe8376ad2b2c0d7cb75754fd7483db51a25d26a22e30f4ab745445d2
20220707.0,897306.5070307947,ChiNext,Baseline portfolio,16e3409dfe8376ad2b2c0d7cb75754fd7483db51a25d26a22e30f4ab745445d2
20220708.0,910206.0517301536,ChiNext,Baseline portfolio,16e3409dfe8376ad2b2c0d7cb75754fd7483db51a25d26a22e30f4ab745445d2
20220711.0,880593.0026735407,ChiNext,Baseline portfolio,16e3409dfe8376ad2b2c0d7cb75754fd7483db51a25d26a22e30f4ab745445d2
20220712.0,888312.641983307,ChiNext,Baseline portfolio,16e3409dfe8376ad2b2c0d7cb75754fd7483db51a25d26a22e30f4ab745445d2
20220713.0,908438.7866582745,ChiNext,Baseline portfolio,16e3409dfe8376ad2b2c0d7cb75754fd7483db51a25d26a22e30f4ab745445d2
20220714.0,901496.2103110534,ChiNext,Baseline portfolio,16e3409dfe8376ad2b2c0d7cb75754fd7483db51a25d26a22e30f4ab745445d2
20220715.0,915855.858712169,ChiNext,Baseline portfolio,16e3409dfe8376ad2b2c0d7cb75754fd7483db51a25d26a22e30f4ab745445d2
20220718.0,915616.099934739,ChiNext,Baseline portfolio,16e3409dfe8376ad2b2c0d7cb75754fd7483db51a25d26a22e30f4ab745445d2
20220719.0,933523.0877593736,ChiNext,Baseline portfolio,16e3409dfe8376ad2b2c0d7cb75754fd7483db51a25d26a22e30f4ab745445d2
20220720.0,930176.4725612724,ChiNext,Baseline portfolio,16e3409dfe8376ad2b2c0d7cb75754fd7483db51a25d26a22e30f4ab745445d2
20220721.0,912716.547991325,ChiNext,Baseline portfolio,16e3409dfe8376ad2b2c0d7cb75754fd7483db51a25d26a22e30f4ab745445d2
20220722.0,907203.851937264,ChiNext,Baseline portfolio,16e3409dfe8376ad2b2c0d7cb75754fd7483db51a25d26a22e30f4ab745445d2
20220725.0,905738.1596862114,ChiNext,Baseline portfolio,16e3409dfe8376ad2b2c0d7cb75754fd7483db51a25d26a22e30f4ab745445d2
20220726.0,913942.1480022834,ChiNext,Baseline portfolio,16e3409dfe8376ad2b2c0d7cb75754fd7483db51a25d26a22e30f4ab745445d2
20220727.0,925155.5311757212,ChiNext,Baseline portfolio,16e3409dfe8376ad2b2c0d7cb75754fd7483db51a25d26a22e30f4ab745445d2
20220728.0,914248.2198853728,ChiNext,Baseline portfolio,16e3409dfe8376ad2b2c0d7cb75754fd7483db51a25d26a22e30f4ab745445d2
20220729.0,917798.0834563356,ChiNext,Baseline portfolio,16e3409dfe8376ad2b2c0d7cb75754fd7483db51a25d26a22e30f4ab745445d2
20220801.0,900202.4341169593,ChiNext,Baseline portfolio,16e3409dfe8376ad2b2c0d7cb75754fd7483db51a25d26a22e30f4ab745445d2
20220802.0,882778.0409356453,ChiNext,Baseline portfolio,16e3409dfe8376ad2b2c0d7cb75754fd7483db51a25d26a22e30f4ab745445d2
20220803.0,887678.1284056543,ChiNext,Baseline portfolio,16e3409dfe8376ad2b2c0d7cb75754fd7483db51a25d26a22e30f4ab745445d2
20220804.0,903622.6478528979,ChiNext,Baseline portfolio,16e3409dfe8376ad2b2c0d7cb75754fd7483db51a25d26a22e30f4ab745445d2
20220805.0,910323.8035743684,ChiNext,Baseline portfolio,16e3409dfe8376ad2b2c0d7cb75754fd7483db51a25d26a22e30f4ab745445d2
20220808.0,918208.1274758046,ChiNext,Baseline portfolio,16e3409dfe8376ad2b2c0d7cb75754fd7483db51a25d26a22e30f4ab745445d2
20220809.0,916187.6101480981,ChiNext,Baseline portfolio,16e3409dfe8376ad2b2c0d7cb75754fd7483db51a25d26a22e30f4ab745445d2
20220810.0,923091.8622958789,ChiNext,Baseline portfolio,16e3409dfe8376ad2b2c0d7cb75754fd7483db51a25d26a22e30f4ab745445d2
20220811.0,906858.7833668139,ChiNext,Baseline portfolio,16e3409dfe8376ad2b2c0d7cb75754fd7483db51a25d26a22e30f4ab745445d2
20220812.0,908559.7942769737,ChiNext,Baseline portfolio,16e3409dfe8376ad2b2c0d7cb75754fd7483db51a25d26a22e30f4ab745445d2
20220815.0,900608.7822341669,ChiNext,Baseline portfolio,16e3409dfe8376ad2b2c0d7cb75754fd7483db51a25d26a22e30f4ab745445d2
20220816.0,898182.4064923988,ChiNext,Baseline portfolio,16e3409dfe8376ad2b2c0d7cb75754fd7483db51a25d26a22e30f4ab745445d2
20220817.0,895061.6067066205,ChiNext,Baseline portfolio,16e3409dfe8376ad2b2c0d7cb75754fd7483db51a25d26a22e30f4ab745445d2
20220818.0,882537.8379316868,ChiNext,Baseline portfolio,16e3409dfe8376ad2b2c0d7cb75754fd7483db51a25d26a22e30f4ab745445d2
20220819.0,885910.433648055,ChiNext,Baseline portfolio,16e3409dfe8376ad2b2c0d7cb75754fd7483db51a25d26a22e30f4ab745445d2
20220822.0,881487.5904875712,ChiNext,Baseline portfolio,16e3409dfe8376ad2b2c0d7cb75754fd7483db51a25d26a22e30f4ab745445d2
20220823.0,858225.7840535647,ChiNext,Baseline portfolio,16e3409dfe8376ad2b2c0d7cb75754fd7483db51a25d26a22e30f4ab745445d2
20220824.0,854863.3491407376,ChiNext,Baseline portfolio,16e3409dfe8376ad2b2c0d7cb75754fd7483db51a25d26a22e30f4ab745445d2
20220825.0,852046.666719394,ChiNext,Baseline portfolio,16e3409dfe8376ad2b2c0d7cb75754fd7483db51a25d26a22e30f4ab745445d2
20220826.0,853100.0959652959,ChiNext,Baseline portfolio,16e3409dfe8376ad2b2c0d7cb75754fd7483db51a25d26a22e30f4ab745445d2
20220829.0,852828.9433907034,ChiNext,Baseline portfolio,16e3409dfe8376ad2b2c0d7cb75754fd7483db51a25d26a22e30f4ab745445d2
20220830.0,846878.1072578953,ChiNext,Baseline portfolio,16e3409dfe8376ad2b2c0d7cb75754fd7483db51a25d26a22e30f4ab745445d2
20220831.0,847454.5091353043,ChiNext,Baseline portfolio,16e3409dfe8376ad2b2c0d7cb75754fd7483db51a25d26a22e30f4ab745445d2
20220901.0,850288.7547043551,ChiNext,Baseline portfolio,16e3409dfe8376ad2b2c0d7cb75754fd7483db51a25d26a22e30f4ab745445d2
20220902.0,849238.5121397036,ChiNext,Baseline portfolio,16e3409dfe8376ad2b2c0d7cb75754fd7483db51a25d26a22e30f4ab745445d2
20220905.0,856456.036407285,ChiNext,Baseline portfolio,16e3409dfe8376ad2b2c0d7cb75754fd7483db51a25d26a22e30f4ab745445d2
20220906.0,867668.7450434283,ChiNext,Baseline portfolio,16e3409dfe8376ad2b2c0d7cb75754fd7483db51a25d26a22e30f4ab745445d2
20220907.0,858614.0634128586,ChiNext,Baseline portfolio,16e3409dfe8376ad2b2c0d7cb75754fd7483db51a25d26a22e30f4ab745445d2
20220908.0,864762.4748568941,ChiNext,Baseline portfolio,16e3409dfe8376ad2b2c0d7cb75754fd7483db51a25d26a22e30f4ab745445d2
20220909.0,856491.7131063974,ChiNext,Baseline portfolio,16e3409dfe8376ad2b2c0d7cb75754fd7483db51a25d26a22e30f4ab745445d2
20220913.0,861603.8962983158,ChiNext,Baseline portfolio,16e3409dfe8376ad2b2c0d7cb75754fd7483db51a25d26a22e30f4ab745445d2
20220914.0,831715.0712760661,ChiNext,Baseline portfolio,16e3409dfe8376ad2b2c0d7cb75754fd7483db51a25d26a22e30f4ab745445d2
20220915.0,824855.8945560348,ChiNext,Baseline portfolio,16e3409dfe8376ad2b2c0d7cb75754fd7483db51a25d26a22e30f4ab745445d2
20220916.0,810954.8378297049,ChiNext,Baseline portfolio,16e3409dfe8376ad2b2c0d7cb75754fd7483db51a25d26a22e30f4ab745445d2
20220919.0,823718.3640158185,ChiNext,Baseline portfolio,16e3409dfe8376ad2b2c0d7cb75754fd7483db51a25d26a22e30f4ab745445d2
20220920.0,803617.7021536472,ChiNext,Baseline portfolio,16e3409dfe8376ad2b2c0d7cb75754fd7483db51a25d26a22e30f4ab745445d2
20220921.0,816870.183463801,ChiNext,Baseline portfolio,16e3409dfe8376ad2b2c0d7cb75754fd7483db51a25d26a22e30f4ab745445d2
20220922.0,794880.8285939018,ChiNext,Baseline portfolio,16e3409dfe8376ad2b2c0d7cb75754fd7483db51a25d26a22e30f4ab745445d2
20220923.0,795031.9515898371,ChiNext,Baseline portfolio,16e3409dfe8376ad2b2c0d7cb75754fd7483db51a25d26a22e30f4ab745445d2
20220926.0,816742.5954956703,ChiNext,Baseline portfolio,16e3409dfe8376ad2b2c0d7cb75754fd7483db51a25d26a22e30f4ab745445d2
20220927.0,794160.9271045073,ChiNext,Baseline portfolio,16e3409dfe8376ad2b2c0d7cb75754fd7483db51a25d26a22e30f4ab745445d2
20220928.0,803678.5353269116,ChiNext,Baseline portfolio,16e3409dfe8376ad2b2c0d7cb75754fd7483db51a25d26a22e30f4ab745445d2
20220930.0,784231.3702121152,ChiNext,Baseline portfolio,16e3409dfe8376ad2b2c0d7cb75754fd7483db51a25d26a22e30f4ab745445d2
20221010.0,797426.8366282582,ChiNext,Baseline portfolio,16e3409dfe8376ad2b2c0d7cb75754fd7483db51a25d26a22e30f4ab745445d2
20221011.0,814262.75174328,ChiNext,Baseline portfolio,16e3409dfe8376ad2b2c0d7cb75754fd7483db51a25d26a22e30f4ab745445d2
20221012.0,825754.1093742788,ChiNext,Baseline portfolio,16e3409dfe8376ad2b2c0d7cb75754fd7483db51a25d26a22e30f4ab745445d2
20221013.0,842712.9526655775,ChiNext,Baseline portfolio,16e3409dfe8376ad2b2c0d7cb75754fd7483db51a25d26a22e30f4ab745445d2
20221014.0,851370.5688738885,ChiNext,Baseline portfolio,16e3409dfe8376ad2b2c0d7cb75754fd7483db51a25d26a22e30f4ab745445d2
20221017.0,867364.8134890357,ChiNext,Baseline portfolio,16e3409dfe8376ad2b2c0d7cb75754fd7483db51a25d26a22e30f4ab745445d2
20221018.0,871496.453570941,ChiNext,Baseline portfolio,16e3409dfe8376ad2b2c0d7cb75754fd7483db51a25d26a22e30f4ab745445d2
20221019.0,859906.511611652,ChiNext,Baseline portfolio,16e3409dfe8376ad2b2c0d7cb75754fd7483db51a25d26a22e30f4ab745445d2
20221020.0,857421.836602994,ChiNext,Baseline portfolio,16e3409dfe8376ad2b2c0d7cb75754fd7483db51a25d26a22e30f4ab745445d2
20221021.0,853658.1415866951,ChiNext,Baseline portfolio,16e3409dfe8376ad2b2c0d7cb75754fd7483db51a25d26a22e30f4ab745445d2
20221024.0,850521.0142314334,ChiNext,Baseline portfolio,16e3409dfe8376ad2b2c0d7cb75754fd7483db51a25d26a22e30f4ab745445d2
20221025.0,867892.4348630408,ChiNext,Baseline portfolio,16e3409dfe8376ad2b2c0d7cb75754fd7483db51a25d26a22e30f4ab745445d2
20221026.0,864521.6628956548,ChiNext,Baseline portfolio,16e3409dfe8376ad2b2c0d7cb75754fd7483db51a25d26a22e30f4ab745445d2
20221027.0,848760.7773463159,ChiNext,Baseline portfolio,16e3409dfe8376ad2b2c0d7cb75754fd7483db51a25d26a22e30f4ab745445d2
20221028.0,852094.0230044399,ChiNext,Baseline portfolio,16e3409dfe8376ad2b2c0d7cb75754fd7483db51a25d26a22e30f4ab745445d2
20221031.0,870063.578164337,ChiNext,Baseline portfolio,16e3409dfe8376ad2b2c0d7cb75754fd7483db51a25d26a22e30f4ab745445d2
20221101.0,884192.9820624001,ChiNext,Baseline portfolio,16e3409dfe8376ad2b2c0d7cb75754fd7483db51a25d26a22e30f4ab745445d2
20221102.0,885474.0174844238,ChiNext,Baseline portfolio,16e3409dfe8376ad2b2c0d7cb75754fd7483db51a25d26a22e30f4ab745445d2
20221103.0,902413.353161058,ChiNext,Baseline portfolio,16e3409dfe8376ad2b2c0d7cb75754fd7483db51a25d26a22e30f4ab745445d2
20221104.0,896414.0112387452,ChiNext,Baseline portfolio,16e3409dfe8376ad2b2c0d7cb75754fd7483db51a25d26a22e30f4ab745445d2
20221107.0,891388.849115636,ChiNext,Baseline portfolio,16e3409dfe8376ad2b2c0d7cb75754fd7483db51a25d26a22e30f4ab745445d2
20221108.0,894300.9496777703,ChiNext,Baseline portfolio,16e3409dfe8376ad2b2c0d7cb75754fd7483db51a25d26a22e30f4ab745445d2
20221109.0,876596.6562114975,ChiNext,Baseline portfolio,16e3409dfe8376ad2b2c0d7cb75754fd7483db51a25d26a22e30f4ab745445d2
20221110.0,872025.6404726193,ChiNext,Baseline portfolio,16e3409dfe8376ad2b2c0d7cb75754fd7483db51a25d26a22e30f4ab745445d2
20221111.0,866881.1403862746,ChiNext,Baseline portfolio,16e3409dfe8376ad2b2c0d7cb75754fd7483db51a25d26a22e30f4ab745445d2
20221114.0,888696.1092138346,ChiNext,Baseline portfolio,16e3409dfe8376ad2b2c0d7cb75754fd7483db51a25d26a22e30f4ab745445d2
20221115.0,871879.8019376964,ChiNext,Baseline portfolio,16e3409dfe8376ad2b2c0d7cb75754fd7483db51a25d26a22e30f4ab745445d2
20221116.0,875876.6604508315,ChiNext,Baseline portfolio,16e3409dfe8376ad2b2c0d7cb75754fd7483db51a25d26a22e30f4ab745445d2
20221117.0,874152.1857530616,ChiNext,Baseline portfolio,16e3409dfe8376ad2b2c0d7cb75754fd7483db51a25d26a22e30f4ab745445d2
20221118.0,892304.1274243329,ChiNext,Baseline portfolio,16e3409dfe8376ad2b2c0d7cb75754fd7483db51a25d26a22e30f4ab745445d2
20221121.0,880380.9901953051,ChiNext,Baseline portfolio,16e3409dfe8376ad2b2c0d7cb75754fd7483db51a25d26a22e30f4ab745445d2
20221122.0,879349.3786981571,ChiNext,Baseline portfolio,16e3409dfe8376ad2b2c0d7cb75754fd7483db51a25d26a22e30f4ab745445d2
20221123.0,897114.1534306507,ChiNext,Baseline portfolio,16e3409dfe8376ad2b2c0d7cb75754fd7483db51a25d26a22e30f4ab745445d2
20221124.0,858458.3908033979,ChiNext,Baseline portfolio,16e3409dfe8376ad2b2c0d7cb75754fd7483db51a25d26a22e30f4ab745445d2
20221125.0,858545.8471205194,ChiNext,Baseline portfolio,16e3409dfe8376ad2b2c0d7cb75754fd7483db51a25d26a22e30f4ab745445d2
20221128.0,872870.208203861,ChiNext,Baseline portfolio,16e3409dfe8376ad2b2c0d7cb75754fd7483db51a25d26a22e30f4ab745445d2
20221129.0,861727.3164222926,ChiNext,Baseline portfolio,16e3409dfe8376ad2b2c0d7cb75754fd7483db51a25d26a22e30f4ab745445d2
20221130.0,868507.6245866915,ChiNext,Baseline portfolio,16e3409dfe8376ad2b2c0d7cb75754fd7483db51a25d26a22e30f4ab745445d2
20221201.0,878230.6627909313,ChiNext,Baseline portfolio,16e3409dfe8376ad2b2c0d7cb75754fd7483db51a25d26a22e30f4ab745445d2
20221202.0,877429.0741715189,ChiNext,Baseline portfolio,16e3409dfe8376ad2b2c0d7cb75754fd7483db51a25d26a22e30f4ab745445d2
20221205.0,873111.9643416518,ChiNext,Baseline portfolio,16e3409dfe8376ad2b2c0d7cb75754fd7483db51a25d26a22e30f4ab745445d2
20221206.0,884084.6694463813,ChiNext,Baseline portfolio,16e3409dfe8376ad2b2c0d7cb75754fd7483db51a25d26a22e30f4ab745445d2
20221207.0,890231.7428434186,ChiNext,Baseline portfolio,16e3409dfe8376ad2b2c0d7cb75754fd7483db51a25d26a22e30f4ab745445d2
20221208.0,894631.8054390352,ChiNext,Baseline portfolio,16e3409dfe8376ad2b2c0d7cb75754fd7483db51a25d26a22e30f4ab745445d2
20221209.0,900293.7820029019,ChiNext,Baseline portfolio,16e3409dfe8376ad2b2c0d7cb75754fd7483db51a25d26a22e30f4ab745445d2
20221212.0,904403.0050401117,ChiNext,Baseline portfolio,16e3409dfe8376ad2b2c0d7cb75754fd7483db51a25d26a22e30f4ab745445d2
20221213.0,900243.5436128291,ChiNext,Baseline portfolio,16e3409dfe8376ad2b2c0d7cb75754fd7483db51a25d26a22e30f4ab745445d2
20221214.0,921309.1246344384,ChiNext,Baseline portfolio,16e3409dfe8376ad2b2c0d7cb75754fd7483db51a25d26a22e30f4ab745445d2
20221215.0,925339.4958037874,ChiNext,Baseline portfolio,16e3409dfe8376ad2b2c0d7cb75754fd7483db51a25d26a22e30f4ab745445d2
20221216.0,927669.0756389186,ChiNext,Baseline portfolio,16e3409dfe8376ad2b2c0d7cb75754fd7483db51a25d26a22e30f4ab745445d2
20221219.0,919658.6059441403,ChiNext,Baseline portfolio,16e3409dfe8376ad2b2c0d7cb75754fd7483db51a25d26a22e30f4ab745445d2
20221220.0,901612.6099578185,ChiNext,Baseline portfolio,16e3409dfe8376ad2b2c0d7cb75754fd7483db51a25d26a22e30f4ab745445d2
20221221.0,885434.5490503501,ChiNext,Baseline portfolio,16e3409dfe8376ad2b2c0d7cb75754fd7483db51a25d26a22e30f4ab745445d2
20221222.0,874989.5045505271,ChiNext,Baseline portfolio,16e3409dfe8376ad2b2c0d7cb75754fd7483db51a25d26a22e30f4ab745445d2
20221223.0,900435.3032844411,ChiNext,Baseline portfolio,16e3409dfe8376ad2b2c0d7cb75754fd7483db51a25d26a22e30f4ab745445d2
20221226.0,905118.9549432588,ChiNext,Baseline portfolio,16e3409dfe8376ad2b2c0d7cb75754fd7483db51a25d26a22e30f4ab745445d2
20221227.0,892781.3132778635,ChiNext,Baseline portfolio,16e3409dfe8376ad2b2c0d7cb75754fd7483db51a25d26a22e30f4ab745445d2
20221228.0,899077.5900891534,ChiNext,Baseline portfolio,16e3409dfe8376ad2b2c0d7cb75754fd7483db51a25d26a22e30f4ab745445d2
20221229.0,888632.2227639003,ChiNext,Baseline portfolio,16e3409dfe8376ad2b2c0d7cb75754fd7483db51a25d26a22e30f4ab745445d2
20221230.0,917518.7435291787,ChiNext,Baseline portfolio,16e3409dfe8376ad2b2c0d7cb75754fd7483db51a25d26a22e30f4ab745445d2
20230103.0,910044.7693945124,ChiNext,Baseline portfolio,16e3409dfe8376ad2b2c0d7cb75754fd7483db51a25d26a22e30f4ab745445d2
20230104.0,920968.11138767,ChiNext,Baseline portfolio,16e3409dfe8376ad2b2c0d7cb75754fd7483db51a25d26a22e30f4ab745445d2
20230105.0,906620.1724348181,ChiNext,Baseline portfolio,16e3409dfe8376ad2b2c0d7cb75754fd7483db51a25d26a22e30f4ab745445d2
20230106.0,924727.6214816866,ChiNext,Baseline portfolio,16e3409dfe8376ad2b2c0d7cb75754fd7483db51a25d26a22e30f4ab745445d2
20230109.0,932710.0536707708,ChiNext,Baseline portfolio,16e3409dfe8376ad2b2c0d7cb75754fd7483db51a25d26a22e30f4ab745445d2
20230110.0,906934.1636902284,ChiNext,Baseline portfolio,16e3409dfe8376ad2b2c0d7cb75754fd7483db51a25d26a22e30f4ab745445d2
20230111.0,914631.8273517383,ChiNext,Baseline portfolio,16e3409dfe8376ad2b2c0d7cb75754fd7483db51a25d26a22e30f4ab745445d2
20230112.0,922118.2867696647,ChiNext,Baseline portfolio,16e3409dfe8376ad2b2c0d7cb75754fd7483db51a25d26a22e30f4ab745445d2
20230113.0,920640.7138987021,ChiNext,Baseline portfolio,16e3409dfe8376ad2b2c0d7cb75754fd7483db51a25d26a22e30f4ab745445d2
20230116.0,918041.9162945909,ChiNext,Baseline portfolio,16e3409dfe8376ad2b2c0d7cb75754fd7483db51a25d26a22e30f4ab745445d2
20230117.0,909487.8185299681,ChiNext,Baseline portfolio,16e3409dfe8376ad2b2c0d7cb75754fd7483db51a25d26a22e30f4ab745445d2
20230118.0,914211.1562470163,ChiNext,Baseline portfolio,16e3409dfe8376ad2b2c0d7cb75754fd7483db51a25d26a22e30f4ab745445d2
20230119.0,910113.3667730977,ChiNext,Baseline portfolio,16e3409dfe8376ad2b2c0d7cb75754fd7483db51a25d26a22e30f4ab745445d2
20230120.0,918554.7943639336,ChiNext,Baseline portfolio,16e3409dfe8376ad2b2c0d7cb75754fd7483db51a25d26a22e30f4ab745445d2
20230130.0,912032.7813828386,ChiNext,Baseline portfolio,16e3409dfe8376ad2b2c0d7cb75754fd7483db51a25d26a22e30f4ab745445d2
20230131.0,920248.164909604,ChiNext,Baseline portfolio,16e3409dfe8376ad2b2c0d7cb75754fd7483db51a25d26a22e30f4ab745445d2
20230201.0,927754.3424423318,ChiNext,Baseline portfolio,16e3409dfe8376ad2b2c0d7cb75754fd7483db51a25d26a22e30f4ab745445d2
20230202.0,921117.2443424418,ChiNext,Baseline portfolio,16e3409dfe8376ad2b2c0d7cb75754fd7483db51a25d26a22e30f4ab745445d2
20230203.0,920784.3713125973,ChiNext,Baseline portfolio,16e3409dfe8376ad2b2c0d7cb75754fd7483db51a25d26a22e30f4ab745445d2
20230206.0,920209.0171539951,ChiNext,Baseline portfolio,16e3409dfe8376ad2b2c0d7cb75754fd7483db51a25d26a22e30f4ab745445d2
20230207.0,913541.3538877522,ChiNext,Baseline portfolio,16e3409dfe8376ad2b2c0d7cb75754fd7483db51a25d26a22e30f4ab745445d2
20230208.0,936163.561072516,ChiNext,Baseline portfolio,16e3409dfe8376ad2b2c0d7cb75754fd7483db51a25d26a22e30f4ab745445d2
20230209.0,918988.1476871386,ChiNext,Baseline portfolio,16e3409dfe8376ad2b2c0d7cb75754fd7483db51a25d26a22e30f4ab745445d2
20230210.0,938274.7917604888,ChiNext,Baseline portfolio,16e3409dfe8376ad2b2c0d7cb75754fd7483db51a25d26a22e30f4ab745445d2
20230213.0,929722.5696623604,ChiNext,Baseline portfolio,16e3409dfe8376ad2b2c0d7cb75754fd7483db51a25d26a22e30f4ab745445d2
20230214.0,932913.6460459417,ChiNext,Baseline portfolio,16e3409dfe8376ad2b2c0d7cb75754fd7483db51a25d26a22e30f4ab745445d2
20230215.0,906271.1674044622,ChiNext,Baseline portfolio,16e3409dfe8376ad2b2c0d7cb75754fd7483db51a25d26a22e30f4ab745445d2
20230216.0,882251.4109714144,ChiNext,Baseline portfolio,16e3409dfe8376ad2b2c0d7cb75754fd7483db51a25d26a22e30f4ab745445d2
20230217.0,873929.2684504092,ChiNext,Baseline portfolio,16e3409dfe8376ad2b2c0d7cb75754fd7483db51a25d26a22e30f4ab745445d2
20230220.0,889014.7044400143,ChiNext,Baseline portfolio,16e3409dfe8376ad2b2c0d7cb75754fd7483db51a25d26a22e30f4ab745445d2
20230221.0,882909.2189216359,ChiNext,Baseline portfolio,16e3409dfe8376ad2b2c0d7cb75754fd7483db51a25d26a22e30f4ab745445d2
20230222.0,886880.6159940327,ChiNext,Baseline portfolio,16e3409dfe8376ad2b2c0d7cb75754fd7483db51a25d26a22e30f4ab745445d2
20230223.0,901200.2320900548,ChiNext,Baseline portfolio,16e3409dfe8376ad2b2c0d7cb75754fd7483db51a25d26a22e30f4ab745445d2
20230224.0,897026.4614353506,ChiNext,Baseline portfolio,16e3409dfe8376ad2b2c0d7cb75754fd7483db51a25d26a22e30f4ab745445d2
20230227.0,902874.5062624036,ChiNext,Baseline portfolio,16e3409dfe8376ad2b2c0d7cb75754fd7483db51a25d26a22e30f4ab745445d2
20230228.0,914102.4766952007,ChiNext,Baseline portfolio,16e3409dfe8376ad2b2c0d7cb75754fd7483db51a25d26a22e30f4ab745445d2
20230301.0,942267.5000931355,ChiNext,Baseline portfolio,16e3409dfe8376ad2b2c0d7cb75754fd7483db51a25d26a22e30f4ab745445d2
20230302.0,927171.5878913476,ChiNext,Baseline portfolio,16e3409dfe8376ad2b2c0d7cb75754fd7483db51a25d26a22e30f4ab745445d2
20230303.0,934118.0948431151,ChiNext,Baseline portfolio,16e3409dfe8376ad2b2c0d7cb75754fd7483db51a25d26a22e30f4ab745445d2
20211207.0,1000000.0,ChiNext,No ESG,16e3409dfe8376ad2b2c0d7cb75754fd7483db51a25d26a22e30f4ab745445d2
20211208.0,1000000.0,ChiNext,No ESG,16e3409dfe8376ad2b2c0d7cb75754fd7483db51a25d26a22e30f4ab745445d2
20211209.0,1027918.3449285745,ChiNext,No ESG,16e3409dfe8376ad2b2c0d7cb75754fd7483db51a25d26a22e30f4ab745445d2
20211210.0,1031079.8712099218,ChiNext,No ESG,16e3409dfe8376ad2b2c0d7cb75754fd7483db51a25d26a22e30f4ab745445d2
20211213.0,1031079.8712099218,ChiNext,No ESG,16e3409dfe8376ad2b2c0d7cb75754fd7483db51a25d26a22e30f4ab745445d2
20211214.0,1037339.5631664126,ChiNext,No ESG,16e3409dfe8376ad2b2c0d7cb75754fd7483db51a25d26a22e30f4ab745445d2
20211215.0,1048028.9431512777,ChiNext,No ESG,16e3409dfe8376ad2b2c0d7cb75754fd7483db51a25d26a22e30f4ab745445d2
20211216.0,1056353.832461047,ChiNext,No ESG,16e3409dfe8376ad2b2c0d7cb75754fd7483db51a25d26a22e30f4ab745445d2
20211217.0,1112639.0961298048,ChiNext,No ESG,16e3409dfe8376ad2b2c0d7cb75754fd7483db51a25d26a22e30f4ab745445d2
20211220.0,1164091.8325225513,ChiNext,No ESG,16e3409dfe8376ad2b2c0d7cb75754fd7483db51a25d26a22e30f4ab745445d2
20211221.0,1164091.8325225513,ChiNext,No ESG,16e3409dfe8376ad2b2c0d7cb75754fd7483db51a25d26a22e30f4ab745445d2
20211222.0,1164091.8325225513,ChiNext,No ESG,16e3409dfe8376ad2b2c0d7cb75754fd7483db51a25d26a22e30f4ab745445d2
20211223.0,1154048.0695880463,ChiNext,No ESG,16e3409dfe8376ad2b2c0d7cb75754fd7483db51a25d26a22e30f4ab745445d2
20211224.0,1168948.7314691192,ChiNext,No ESG,16e3409dfe8376ad2b2c0d7cb75754fd7483db51a25d26a22e30f4ab745445d2
20211227.0,1180171.4109489373,ChiNext,No ESG,16e3409dfe8376ad2b2c0d7cb75754fd7483db51a25d26a22e30f4ab745445d2
20211228.0,1168668.7421843086,ChiNext,No ESG,16e3409dfe8376ad2b2c0d7cb75754fd7483db51a25d26a22e30f4ab745445d2
20211229.0,1178185.462593902,ChiNext,No ESG,16e3409dfe8376ad2b2c0d7cb75754fd7483db51a25d26a22e30f4ab745445d2
20211230.0,1203341.7954684217,ChiNext,No ESG,16e3409dfe8376ad2b2c0d7cb75754fd7483db51a25d26a22e30f4ab745445d2
20211231.0,1108058.613495562,ChiNext,No ESG,16e3409dfe8376ad2b2c0d7cb75754fd7483db51a25d26a22e30f4ab745445d2
20220104.0,1108058.613495562,ChiNext,No ESG,16e3409dfe8376ad2b2c0d7cb75754fd7483db51a25d26a22e30f4ab745445d2
20220105.0,1108058.613495562,ChiNext,No ESG,16e3409dfe8376ad2b2c0d7cb75754fd7483db51a25d26a22e30f4ab745445d2
20220106.0,1108058.613495562,ChiNext,No ESG,16e3409dfe8376ad2b2c0d7cb75754fd7483db51a25d26a22e30f4ab745445d2
20220107.0,1147084.6980908772,ChiNext,No ESG,16e3409dfe8376ad2b2c0d7cb75754fd7483db51a25d26a22e30f4ab745445d2
20220110.0,1102155.5275391676,ChiNext,No ESG,16e3409dfe8376ad2b2c0d7cb75754fd7483db51a25d26a22e30f4ab745445d2
20220111.0,1133998.195023357,ChiNext,No ESG,16e3409dfe8376ad2b2c0d7cb75754fd7483db51a25d26a22e30f4ab745445d2
20220112.0,1135992.3448570177,ChiNext,No ESG,16e3409dfe8376ad2b2c0d7cb75754fd7483db51a25d26a22e30f4ab745445d2
20220113.0,1123138.8336219897,ChiNext,No ESG,16e3409dfe8376ad2b2c0d7cb75754fd7483db51a25d26a22e30f4ab745445d2
20220114.0,1128429.2360912277,ChiNext,No ESG,16e3409dfe8376ad2b2c0d7cb75754fd7483db51a25d26a22e30f4ab745445d2
20220117.0,1107432.740800742,ChiNext,No ESG,16e3409dfe8376ad2b2c0d7cb75754fd7483db51a25d26a22e30f4ab745445d2
20220118.0,1107432.740800742,ChiNext,No ESG,16e3409dfe8376ad2b2c0d7cb75754fd7483db51a25d26a22e30f4ab745445d2
20220119.0,1107432.740800742,ChiNext,No ESG,16e3409dfe8376ad2b2c0d7cb75754fd7483db51a25d26a22e30f4ab745445d2
20220120.0,1075161.5254618544,ChiNext,No ESG,16e3409dfe8376ad2b2c0d7cb75754fd7483db51a25d26a22e30f4ab745445d2
20220121.0,1101273.743816751,ChiNext,No ESG,16e3409dfe8376ad2b2c0d7cb75754fd7483db51a25d26a22e30f4ab745445d2
20220124.0,1063890.2583802785,ChiNext,No ESG,16e3409dfe8376ad2b2c0d7cb75754fd7483db51a25d26a22e30f4ab745445d2
20220125.0,1043445.5715470323,ChiNext,No ESG,16e3409dfe8376ad2b2c0d7cb75754fd7483db51a25d26a22e30f4ab745445d2
20220126.0,1043445.5715470323,ChiNext,No ESG,16e3409dfe8376ad2b2c0d7cb75754fd7483db51a25d26a22e30f4ab745445d2
20220127.0,1043445.5715470323,ChiNext,No ESG,16e3409dfe8376ad2b2c0d7cb75754fd7483db51a25d26a22e30f4ab745445d2
20220128.0,1043445.5715470323,ChiNext,No ESG,16e3409dfe8376ad2b2c0d7cb75754fd7483db51a25d26a22e30f4ab745445d2
20220207.0,1017951.3918698297,ChiNext,No ESG,16e3409dfe8376ad2b2c0d7cb75754fd7483db51a25d26a22e30f4ab745445d2
20220208.0,1040409.2755889178,ChiNext,No ESG,16e3409dfe8376ad2b2c0d7cb75754fd7483db51a25d26a22e30f4ab745445d2
20220209.0,1024515.51307275,ChiNext,No ESG,16e3409dfe8376ad2b2c0d7cb75754fd7483db51a25d26a22e30f4ab745445d2
20220210.0,995380.5522525734,ChiNext,No ESG,16e3409dfe8376ad2b2c0d7cb75754fd7483db51a25d26a22e30f4ab745445d2
20220216.0,1055896.2214986442,ChiNext,No ESG,16e3409dfe8376ad2b2c0d7cb75754fd7483db51a25d26a22e30f4ab745445d2
20220217.0,1032688.2731231322,ChiNext,No ESG,16e3409dfe8376ad2b2c0d7cb75754fd7483db51a25d26a22e30f4ab745445d2
20220218.0,1019063.4954376742,ChiNext,No ESG,16e3409dfe8376ad2b2c0d7cb75754fd7483db51a25d26a22e30f4ab745445d2
20220221.0,1037697.6159841258,ChiNext,No ESG,16e3409dfe8376ad2b2c0d7cb75754fd7483db51a25d26a22e30f4ab745445d2
20220222.0,1096632.4153351088,ChiNext,No ESG,16e3409dfe8376ad2b2c0d7cb75754fd7483db51a25d26a22e30f4ab745445d2
20220223.0,1096632.4153351088,ChiNext,No ESG,16e3409dfe8376ad2b2c0d7cb75754fd7483db51a25d26a22e30f4ab745445d2
20220224.0,1108983.4443102842,ChiNext,No ESG,16e3409dfe8376ad2b2c0d7cb75754fd7483db51a25d26a22e30f4ab745445d2
20220225.0,1098913.4829193123,ChiNext,No ESG,16e3409dfe8376ad2b2c0d7cb75754fd7483db51a25d26a22e30f4ab745445d2
20220228.0,1088234.7658691157,ChiNext,No ESG,16e3409dfe8376ad2b2c0d7cb75754fd7483db51a25d26a22e30f4ab745445d2
20220301.0,1079052.3679272488,ChiNext,No ESG,16e3409dfe8376ad2b2c0d7cb75754fd7483db51a25d26a22e30f4ab745445d2
20220302.0,1082031.206485618,ChiNext,No ESG,16e3409dfe8376ad2b2c0d7cb75754fd7483db51a25d26a22e30f4ab745445d2
20220303.0,1059938.4717005622,ChiNext,No ESG,16e3409dfe8376ad2b2c0d7cb75754fd7483db51a25d26a22e30f4ab745445d2
20220304.0,1027997.0579213884,ChiNext,No ESG,16e3409dfe8376ad2b2c0d7cb75754fd7483db51a25d26a22e30f4ab745445d2
20220307.0,956874.2642821117,ChiNext,No ESG,16e3409dfe8376ad2b2c0d7cb75754fd7483db51a25d26a22e30f4ab745445d2
20220308.0,997661.7343831221,ChiNext,No ESG,16e3409dfe8376ad2b2c0d7cb75754fd7483db51a25d26a22e30f4ab745445d2
20220309.0,995723.6940940729,ChiNext,No ESG,16e3409dfe8376ad2b2c0d7cb75754fd7483db51a25d26a22e30f4ab745445d2
20220310.0,997106.26034357,ChiNext,No ESG,16e3409dfe8376ad2b2c0d7cb75754fd7483db51a25d26a22e30f4ab745445d2
20220311.0,923815.0339113018,ChiNext,No ESG,16e3409dfe8376ad2b2c0d7cb75754fd7483db51a25d26a22e30f4ab745445d2
20220314.0,928022.3923470296,ChiNext,No ESG,16e3409dfe8376ad2b2c0d7cb75754fd7483db51a25d26a22e30f4ab745445d2
20220315.0,987444.0774902636,ChiNext,No ESG,16e3409dfe8376ad2b2c0d7cb75754fd7483db51a25d26a22e30f4ab745445d2
20220316.0,990458.6454757099,ChiNext,No ESG,16e3409dfe8376ad2b2c0d7cb75754fd7483db51a25d26a22e30f4ab745445d2
20220317.0,1101065.022012304,ChiNext,No ESG,16e3409dfe8376ad2b2c0d7cb75754fd7483db51a25d26a22e30f4ab745445d2
20220318.0,1134417.0679800604,ChiNext,No ESG,16e3409dfe8376ad2b2c0d7cb75754fd7483db51a25d26a22e30f4ab745445d2
20220321.0,1130507.4562919657,ChiNext,No ESG,16e3409dfe8376ad2b2c0d7cb75754fd7483db51a25d26a22e30f4ab745445d2
20220322.0,1156853.446863555,ChiNext,No ESG,16e3409dfe8376ad2b2c0d7cb75754fd7483db51a25d26a22e30f4ab745445d2
20220323.0,1194184.2529916407,ChiNext,No ESG,16e3409dfe8376ad2b2c0d7cb75754fd7483db51a25d26a22e30f4ab745445d2
20220324.0,1194184.2529916407,ChiNext,No ESG,16e3409dfe8376ad2b2c0d7cb75754fd7483db51a25d26a22e30f4ab745445d2
20220325.0,1195373.5532524975,ChiNext,No ESG,16e3409dfe8376ad2b2c0d7cb75754fd7483db51a25d26a22e30f4ab745445d2
20220328.0,1207032.8923343602,ChiNext,No ESG,16e3409dfe8376ad2b2c0d7cb75754fd7483db51a25d26a22e30f4ab745445d2
20220329.0,1236317.185855228,ChiNext,No ESG,16e3409dfe8376ad2b2c0d7cb75754fd7483db51a25d26a22e30f4ab745445d2
20220330.0,1259529.023049388,ChiNext,No ESG,16e3409dfe8376ad2b2c0d7cb75754fd7483db51a25d26a22e30f4ab745445d2
20220331.0,1312268.3296007994,ChiNext,No ESG,16e3409dfe8376ad2b2c0d7cb75754fd7483db51a25d26a22e30f4ab745445d2
20220401.0,1284584.8575859922,ChiNext,No ESG,16e3409dfe8376ad2b2c0d7cb75754fd7483db51a25d26a22e30f4ab745445d2
20220406.0,1284584.8575859922,ChiNext,No ESG,16e3409dfe8376ad2b2c0d7cb75754fd7483db51a25d26a22e30f4ab745445d2
20220407.0,1284584.8575859922,ChiNext,No ESG,16e3409dfe8376ad2b2c0d7cb75754fd7483db51a25d26a22e30f4ab745445d2
20220408.0,1253157.475395502,ChiNext,No ESG,16e3409dfe8376ad2b2c0d7cb75754fd7483db51a25d26a22e30f4ab745445d2
20220411.0,1257683.7135855057,ChiNext,No ESG,16e3409dfe8376ad2b2c0d7cb75754fd7483db51a25d26a22e30f4ab745445d2
20220412.0,1208020.534250462,ChiNext,No ESG,16e3409dfe8376ad2b2c0d7cb75754fd7483db51a25d26a22e30f4ab745445d2
20220413.0,1208020.534250462,ChiNext,No ESG,16e3409dfe8376ad2b2c0d7cb75754fd7483db51a25d26a22e30f4ab745445d2
20220414.0,1188569.2512924192,ChiNext,No ESG,16e3409dfe8376ad2b2c0d7cb75754fd7483db51a25d26a22e30f4ab745445d2
20220415.0,1212938.4006382532,ChiNext,No ESG,16e3409dfe8376ad2b2c0d7cb75754fd7483db51a25d26a22e30f4ab745445d2
20220418.0,1180928.2999470753,ChiNext,No ESG,16e3409dfe8376ad2b2c0d7cb75754fd7483db51a25d26a22e30f4ab745445d2
20220419.0,1163119.0131417674,ChiNext,No ESG,16e3409dfe8376ad2b2c0d7cb75754fd7483db51a25d26a22e30f4ab745445d2
20220420.0,1129996.7512125312,ChiNext,No ESG,16e3409dfe8376ad2b2c0d7cb75754fd7483db51a25d26a22e30f4ab745445d2
20220421.0,1122786.9117137815,ChiNext,No ESG,16e3409dfe8376ad2b2c0d7cb75754fd7483db51a25d26a22e30f4ab745445d2
20220422.0,1018116.6693423911,ChiNext,No ESG,16e3409dfe8376ad2b2c0d7cb75754fd7483db51a25d26a22e30f4ab745445d2
20220425.0,998142.8734030925,ChiNext,No ESG,16e3409dfe8376ad2b2c0d7cb75754fd7483db51a25d26a22e30f4ab745445d2
20220426.0,1044046.253078551,ChiNext,No ESG,16e3409dfe8376ad2b2c0d7cb75754fd7483db51a25d26a22e30f4ab745445d2
20220427.0,1039591.2455433536,ChiNext,No ESG,16e3409dfe8376ad2b2c0d7cb75754fd7483db51a25d26a22e30f4ab745445d2
20220428.0,1078767.9603695392,ChiNext,No ESG,16e3409dfe8376ad2b2c0d7cb75754fd7483db51a25d26a22e30f4ab745445d2
20220429.0,1066794.5622074131,ChiNext,No ESG,16e3409dfe8376ad2b2c0d7cb75754fd7483db51a25d26a22e30f4ab745445d2
20220505.0,1066794.5622074131,ChiNext,No ESG,16e3409dfe8376ad2b2c0d7cb75754fd7483db51a25d26a22e30f4ab745445d2
20220506.0,1080807.9644750508,ChiNext,No ESG,16e3409dfe8376ad2b2c0d7cb75754fd7483db51a25d26a22e30f4ab745445d2
20220509.0,1084700.4329228404,ChiNext,No ESG,16e3409dfe8376ad2b2c0d7cb75754fd7483db51a25d26a22e30f4ab745445d2
20220510.0,1119519.3962151997,ChiNext,No ESG,16e3409dfe8376ad2b2c0d7cb75754fd7483db51a25d26a22e30f4ab745445d2
20220511.0,1128271.3589676965,ChiNext,No ESG,16e3409dfe8376ad2b2c0d7cb75754fd7483db51a25d26a22e30f4ab745445d2
20220512.0,1119075.7509735108,ChiNext,No ESG,16e3409dfe8376ad2b2c0d7cb75754fd7483db51a25d26a22e30f4ab745445d2
20220513.0,1119075.7509735108,ChiNext,No ESG,16e3409dfe8376ad2b2c0d7cb75754fd7483db51a25d26a22e30f4ab745445d2
20220516.0,1119075.7509735108,ChiNext,No ESG,16e3409dfe8376ad2b2c0d7cb75754fd7483db51a25d26a22e30f4ab745445d2
20220517.0,1110090.043598675,ChiNext,No ESG,16e3409dfe8376ad2b2c0d7cb75754fd7483db51a25d26a22e30f4ab745445d2
20220518.0,1096243.2057129291,ChiNext,No ESG,16e3409dfe8376ad2b2c0d7cb75754fd7483db51a25d26a22e30f4ab745445d2
20220519.0,1168499.62115578,ChiNext,No ESG,16e3409dfe8376ad2b2c0d7cb75754fd7483db51a25d26a22e30f4ab745445d2
20220520.0,1159455.8798775815,ChiNext,No ESG,16e3409dfe8376ad2b2c0d7cb75754fd7483db51a25d26a22e30f4ab745445d2
20220523.0,1159455.8798775815,ChiNext,No ESG,16e3409dfe8376ad2b2c0d7cb75754fd7483db51a25d26a22e30f4ab745445d2
20220524.0,1167396.5788589732,ChiNext,No ESG,16e3409dfe8376ad2b2c0d7cb75754fd7483db51a25d26a22e30f4ab745445d2
20220525.0,1172401.2264116693,ChiNext,No ESG,16e3409dfe8376ad2b2c0d7cb75754fd7483db51a25d26a22e30f4ab745445d2
20220526.0,1130656.0095017997,ChiNext,No ESG,16e3409dfe8376ad2b2c0d7cb75754fd7483db51a25d26a22e30f4ab745445d2
20220527.0,1135937.767791632,ChiNext,No ESG,16e3409dfe8376ad2b2c0d7cb75754fd7483db51a25d26a22e30f4ab745445d2
20220530.0,1158790.0584996163,ChiNext,No ESG,16e3409dfe8376ad2b2c0d7cb75754fd7483db51a25d26a22e30f4ab745445d2
20220531.0,1128734.7068756146,ChiNext,No ESG,16e3409dfe8376ad2b2c0d7cb75754fd7483db51a25d26a22e30f4ab745445d2
20220601.0,1185922.594753431,ChiNext,No ESG,16e3409dfe8376ad2b2c0d7cb75754fd7483db51a25d26a22e30f4ab745445d2
20220602.0,1185922.594753431,ChiNext,No ESG,16e3409dfe8376ad2b2c0d7cb75754fd7483db51a25d26a22e30f4ab745445d2
20220606.0,1178433.661992279,ChiNext,No ESG,16e3409dfe8376ad2b2c0d7cb75754fd7483db51a25d26a22e30f4ab745445d2
20220607.0,1152813.006374783,ChiNext,No ESG,16e3409dfe8376ad2b2c0d7cb75754fd7483db51a25d26a22e30f4ab745445d2
20220608.0,1093198.8133928098,ChiNext,No ESG,16e3409dfe8376ad2b2c0d7cb75754fd7483db51a25d26a22e30f4ab745445d2
20220609.0,1143304.8648313412,ChiNext,No ESG,16e3409dfe8376ad2b2c0d7cb75754fd7483db51a25d26a22e30f4ab745445d2
20220610.0,1178180.4463771686,ChiNext,No ESG,16e3409dfe8376ad2b2c0d7cb75754fd7483db51a25d26a22e30f4ab745445d2
20220613.0,1200126.7743563538,ChiNext,No ESG,16e3409dfe8376ad2b2c0d7cb75754fd7483db51a25d26a22e30f4ab745445d2
20220614.0,1151258.2919564666,ChiNext,No ESG,16e3409dfe8376ad2b2c0d7cb75754fd7483db51a25d26a22e30f4ab745445d2
20220615.0,1154297.2739966025,ChiNext,No ESG,16e3409dfe8376ad2b2c0d7cb75754fd7483db51a25d26a22e30f4ab745445d2
20220616.0,1154297.2739966025,ChiNext,No ESG,16e3409dfe8376ad2b2c0d7cb75754fd7483db51a25d26a22e30f4ab745445d2
20220617.0,1186689.8737205092,ChiNext,No ESG,16e3409dfe8376ad2b2c0d7cb75754fd7483db51a25d26a22e30f4ab745445d2
20220620.0,1176471.4691993375,ChiNext,No ESG,16e3409dfe8376ad2b2c0d7cb75754fd7483db51a25d26a22e30f4ab745445d2
20220621.0,1196960.5655712823,ChiNext,No ESG,16e3409dfe8376ad2b2c0d7cb75754fd7483db51a25d26a22e30f4ab745445d2
20220622.0,1265583.248441811,ChiNext,No ESG,16e3409dfe8376ad2b2c0d7cb75754fd7483db51a25d26a22e30f4ab745445d2
20220623.0,1247554.0102205377,ChiNext,No ESG,16e3409dfe8376ad2b2c0d7cb75754fd7483db51a25d26a22e30f4ab745445d2
20220624.0,1245305.999183005,ChiNext,No ESG,16e3409dfe8376ad2b2c0d7cb75754fd7483db51a25d26a22e30f4ab745445d2
20220627.0,1269357.7157907013,ChiNext,No ESG,16e3409dfe8376ad2b2c0d7cb75754fd7483db51a25d26a22e30f4ab745445d2
20220628.0,1201231.06574433,ChiNext,No ESG,16e3409dfe8376ad2b2c0d7cb75754fd7483db51a25d26a22e30f4ab745445d2
20220629.0,1246685.9311643385,ChiNext,No ESG,16e3409dfe8376ad2b2c0d7cb75754fd7483db51a25d26a22e30f4ab745445d2
20220630.0,1242150.7677891199,ChiNext,No ESG,16e3409dfe8376ad2b2c0d7cb75754fd7483db51a25d26a22e30f4ab745445d2
20220701.0,1242150.7677891199,ChiNext,No ESG,16e3409dfe8376ad2b2c0d7cb75754fd7483db51a25d26a22e30f4ab745445d2
20220704.0,1242150.7677891199,ChiNext,No ESG,16e3409dfe8376ad2b2c0d7cb75754fd7483db51a25d26a22e30f4ab745445d2
20220705.0,1242150.7677891199,ChiNext,No ESG,16e3409dfe8376ad2b2c0d7cb75754fd7483db51a25d26a22e30f4ab745445d2
20220706.0,1247011.5267688588,ChiNext,No ESG,16e3409dfe8376ad2b2c0d7cb75754fd7483db51a25d26a22e30f4ab745445d2
20220707.0,1272767.1371384538,ChiNext,No ESG,16e3409dfe8376ad2b2c0d7cb75754fd7483db51a25d26a22e30f4ab745445d2
20220708.0,1395126.736887092,ChiNext,No ESG,16e3409dfe8376ad2b2c0d7cb75754fd7483db51a25d26a22e30f4ab745445d2
20220711.0,1339052.9997208186,ChiNext,No ESG,16e3409dfe8376ad2b2c0d7cb75754fd7483db51a25d26a22e30f4ab745445d2
20220712.0,1356322.5719395303,ChiNext,No ESG,16e3409dfe8376ad2b2c0d7cb75754fd7483db51a25d26a22e30f4ab745445d2
20220713.0,1393993.6844403963,ChiNext,No ESG,16e3409dfe8376ad2b2c0d7cb75754fd7483db51a25d26a22e30f4ab745445d2
20220714.0,1376851.3256657447,ChiNext,No ESG,16e3409dfe8376ad2b2c0d7cb75754fd7483db51a25d26a22e30f4ab745445d2
20220715.0,1435381.5271749815,ChiNext,No ESG,16e3409dfe8376ad2b2c0d7cb75754fd7483db51a25d26a22e30f4ab745445d2
20220718.0,1415087.2863455545,ChiNext,No ESG,16e3409dfe8376ad2b2c0d7cb75754fd7483db51a25d26a22e30f4ab745445d2
20220719.0,1372283.5978762468,ChiNext,No ESG,16e3409dfe8376ad2b2c0d7cb75754fd7483db51a25d26a22e30f4ab745445d2
20220720.0,1372283.5978762468,ChiNext,No ESG,16e3409dfe8376ad2b2c0d7cb75754fd7483db51a25d26a22e30f4ab745445d2
20220721.0,1316562.2601593148,ChiNext,No ESG,16e3409dfe8376ad2b2c0d7cb75754fd7483db51a25d26a22e30f4ab745445d2
20220722.0,1365326.2989235478,ChiNext,No ESG,16e3409dfe8376ad2b2c0d7cb75754fd7483db51a25d26a22e30f4ab745445d2
20220725.0,1404392.1291155072,ChiNext,No ESG,16e3409dfe8376ad2b2c0d7cb75754fd7483db51a25d26a22e30f4ab745445d2
20220726.0,1380154.5462726387,ChiNext,No ESG,16e3409dfe8376ad2b2c0d7cb75754fd7483db51a25d26a22e30f4ab745445d2
20220727.0,1387172.4547340472,ChiNext,No ESG,16e3409dfe8376ad2b2c0d7cb75754fd7483db51a25d26a22e30f4ab745445d2
20220728.0,1357301.8895920587,ChiNext,No ESG,16e3409dfe8376ad2b2c0d7cb75754fd7483db51a25d26a22e30f4ab745445d2
20220729.0,1372678.931558974,ChiNext,No ESG,16e3409dfe8376ad2b2c0d7cb75754fd7483db51a25d26a22e30f4ab745445d2
20220801.0,1335116.3113214357,ChiNext,No ESG,16e3409dfe8376ad2b2c0d7cb75754fd7483db51a25d26a22e30f4ab745445d2
20220802.0,1267511.437844417,ChiNext,No ESG,16e3409dfe8376ad2b2c0d7cb75754fd7483db51a25d26a22e30f4ab745445d2
20220803.0,1308094.6382616302,ChiNext,No ESG,16e3409dfe8376ad2b2c0d7cb75754fd7483db51a25d26a22e30f4ab745445d2
20220804.0,1320936.9804339008,ChiNext,No ESG,16e3409dfe8376ad2b2c0d7cb75754fd7483db51a25d26a22e30f4ab745445d2
20220805.0,1364616.342660035,ChiNext,No ESG,16e3409dfe8376ad2b2c0d7cb75754fd7483db51a25d26a22e30f4ab745445d2
20220808.0,1373658.0103913054,ChiNext,No ESG,16e3409dfe8376ad2b2c0d7cb75754fd7483db51a25d26a22e30f4ab745445d2
20220809.0,1350640.771556318,ChiNext,No ESG,16e3409dfe8376ad2b2c0d7cb75754fd7483db51a25d26a22e30f4ab745445d2
20220810.0,1375238.9892741642,ChiNext,No ESG,16e3409dfe8376ad2b2c0d7cb75754fd7483db51a25d26a22e30f4ab745445d2
20220811.0,1351295.8339156795,ChiNext,No ESG,16e3409dfe8376ad2b2c0d7cb75754fd7483db51a25d26a22e30f4ab745445d2
20220812.0,1415795.0030989763,ChiNext,No ESG,16e3409dfe8376ad2b2c0d7cb75754fd7483db51a25d26a22e30f4ab745445d2
20220815.0,1377102.421081602,ChiNext,No ESG,16e3409dfe8376ad2b2c0d7cb75754fd7483db51a25d26a22e30f4ab745445d2
20220816.0,1372550.6290312903,ChiNext,No ESG,16e3409dfe8376ad2b2c0d7cb75754fd7483db51a25d26a22e30f4ab745445d2
20220817.0,1440136.229539766,ChiNext,No ESG,16e3409dfe8376ad2b2c0d7cb75754fd7483db51a25d26a22e30f4ab745445d2
20220818.0,1391192.2041228763,ChiNext,No ESG,16e3409dfe8376ad2b2c0d7cb75754fd7483db51a25d26a22e30f4ab745445d2
20220819.0,1421156.6357267192,ChiNext,No ESG,16e3409dfe8376ad2b2c0d7cb75754fd7483db51a25d26a22e30f4ab745445d2
20220822.0,1477572.641839725,ChiNext,No ESG,16e3409dfe8376ad2b2c0d7cb75754fd7483db51a25d26a22e30f4ab745445d2
20220823.0,1573673.5548862321,ChiNext,No ESG,16e3409dfe8376ad2b2c0d7cb75754fd7483db51a25d26a22e30f4ab745445d2
20220824.0,1566276.0701105874,ChiNext,No ESG,16e3409dfe8376ad2b2c0d7cb75754fd7483db51a25d26a22e30f4ab745445d2
20220825.0,1537457.8461148334,ChiNext,No ESG,16e3409dfe8376ad2b2c0d7cb75754fd7483db51a25d26a22e30f4ab745445d2
20220826.0,1667633.9869295298,ChiNext,No ESG,16e3409dfe8376ad2b2c0d7cb75754fd7483db51a25d26a22e30f4ab745445d2
20220829.0,1659649.8104633242,ChiNext,No ESG,16e3409dfe8376ad2b2c0d7cb75754fd7483db51a25d26a22e30f4ab745445d2
20220830.0,1588247.2867077878,ChiNext,No ESG,16e3409dfe8376ad2b2c0d7cb75754fd7483db51a25d26a22e30f4ab745445d2
20220831.0,1591914.3609022605,ChiNext,No ESG,16e3409dfe8376ad2b2c0d7cb75754fd7483db51a25d26a22e30f4ab745445d2
20220901.0,1567063.7236366265,ChiNext,No ESG,16e3409dfe8376ad2b2c0d7cb75754fd7483db51a25d26a22e30f4ab745445d2
20220902.0,1529152.173095996,ChiNext,No ESG,16e3409dfe8376ad2b2c0d7cb75754fd7483db51a25d26a22e30f4ab745445d2
20220905.0,1561610.57264785,ChiNext,No ESG,16e3409dfe8376ad2b2c0d7cb75754fd7483db51a25d26a22e30f4ab745445d2
20220906.0,1603809.4265361668,ChiNext,No ESG,16e3409dfe8376ad2b2c0d7cb75754fd7483db51a25d26a22e30f4ab745445d2
20220907.0,1585958.100428019,ChiNext,No ESG,16e3409dfe8376ad2b2c0d7cb75754fd7483db51a25d26a22e30f4ab745445d2
20220908.0,1521041.9310314308,ChiNext,No ESG,16e3409dfe8376ad2b2c0d7cb75754fd7483db51a25d26a22e30f4ab745445d2
20220909.0,1515809.1855743304,ChiNext,No ESG,16e3409dfe8376ad2b2c0d7cb75754fd7483db51a25d26a22e30f4ab745445d2
20220913.0,1502450.1019088912,ChiNext,No ESG,16e3409dfe8376ad2b2c0d7cb75754fd7483db51a25d26a22e30f4ab745445d2
20220914.0,1481278.4749838123,ChiNext,No ESG,16e3409dfe8376ad2b2c0d7cb75754fd7483db51a25d26a22e30f4ab745445d2
20220915.0,1514390.840466144,ChiNext,No ESG,16e3409dfe8376ad2b2c0d7cb75754fd7483db51a25d26a22e30f4ab745445d2
20220916.0,1471571.495079734,ChiNext,No ESG,16e3409dfe8376ad2b2c0d7cb75754fd7483db51a25d26a22e30f4ab745445d2
20220919.0,1513912.513390211,ChiNext,No ESG,16e3409dfe8376ad2b2c0d7cb75754fd7483db51a25d26a22e30f4ab745445d2
20220920.0,1493298.1088749857,ChiNext,No ESG,16e3409dfe8376ad2b2c0d7cb75754fd7483db51a25d26a22e30f4ab745445d2
20220921.0,1514631.0432590812,ChiNext,No ESG,16e3409dfe8376ad2b2c0d7cb75754fd7483db51a25d26a22e30f4ab745445d2
20220922.0,1476403.2147742321,ChiNext,No ESG,16e3409dfe8376ad2b2c0d7cb75754fd7483db51a25d26a22e30f4ab745445d2
20220923.0,1500155.53214941,ChiNext,No ESG,16e3409dfe8376ad2b2c0d7cb75754fd7483db51a25d26a22e30f4ab745445d2
20220926.0,1543326.5687631734,ChiNext,No ESG,16e3409dfe8376ad2b2c0d7cb75754fd7483db51a25d26a22e30f4ab745445d2
20220927.0,1467314.6981832602,ChiNext,No ESG,16e3409dfe8376ad2b2c0d7cb75754fd7483db51a25d26a22e30f4ab745445d2
20220928.0,1474271.8910267365,ChiNext,No ESG,16e3409dfe8376ad2b2c0d7cb75754fd7483db51a25d26a22e30f4ab745445d2
20220930.0,1434862.4938615635,ChiNext,No ESG,16e3409dfe8376ad2b2c0d7cb75754fd7483db51a25d26a22e30f4ab745445d2
20221010.0,1515575.0644578077,ChiNext,No ESG,16e3409dfe8376ad2b2c0d7cb75754fd7483db51a25d26a22e30f4ab745445d2
20221011.0,1515575.0644578077,ChiNext,No ESG,16e3409dfe8376ad2b2c0d7cb75754fd7483db51a25d26a22e30f4ab745445d2
20221012.0,1515575.0644578077,ChiNext,No ESG,16e3409dfe8376ad2b2c0d7cb75754fd7483db51a25d26a22e30f4ab745445d2
20221013.0,1553269.8427894881,ChiNext,No ESG,16e3409dfe8376ad2b2c0d7cb75754fd7483db51a25d26a22e30f4ab745445d2
20221014.0,1575066.28201198,ChiNext,No ESG,16e3409dfe8376ad2b2c0d7cb75754fd7483db51a25d26a22e30f4ab745445d2
20221017.0,1588965.55462882,ChiNext,No ESG,16e3409dfe8376ad2b2c0d7cb75754fd7483db51a25d26a22e30f4ab745445d2
20221018.0,1585285.4974895138,ChiNext,No ESG,16e3409dfe8376ad2b2c0d7cb75754fd7483db51a25d26a22e30f4ab745445d2
20221019.0,1595290.8633773297,ChiNext,No ESG,16e3409dfe8376ad2b2c0d7cb75754fd7483db51a25d26a22e30f4ab745445d2
20221020.0,1558116.9542769224,ChiNext,No ESG,16e3409dfe8376ad2b2c0d7cb75754fd7483db51a25d26a22e30f4ab745445d2
20221021.0,1530687.452354497,ChiNext,No ESG,16e3409dfe8376ad2b2c0d7cb75754fd7483db51a25d26a22e30f4ab745445d2
20221024.0,1522136.1742035595,ChiNext,No ESG,16e3409dfe8376ad2b2c0d7cb75754fd7483db51a25d26a22e30f4ab745445d2
20221025.0,1554519.6802975817,ChiNext,No ESG,16e3409dfe8376ad2b2c0d7cb75754fd7483db51a25d26a22e30f4ab745445d2
20221026.0,1511597.7925066266,ChiNext,No ESG,16e3409dfe8376ad2b2c0d7cb75754fd7483db51a25d26a22e30f4ab745445d2
20221027.0,1497909.1127502215,ChiNext,No ESG,16e3409dfe8376ad2b2c0d7cb75754fd7483db51a25d26a22e30f4ab745445d2
20221028.0,1502759.6611243184,ChiNext,No ESG,16e3409dfe8376ad2b2c0d7cb75754fd7483db51a25d26a22e30f4ab745445d2
20221031.0,1562282.4132675237,ChiNext,No ESG,16e3409dfe8376ad2b2c0d7cb75754fd7483db51a25d26a22e30f4ab745445d2
20221101.0,1562282.4132675237,ChiNext,No ESG,16e3409dfe8376ad2b2c0d7cb75754fd7483db51a25d26a22e30f4ab745445d2
20221102.0,1562282.4132675237,ChiNext,No ESG,16e3409dfe8376ad2b2c0d7cb75754fd7483db51a25d26a22e30f4ab745445d2
20221103.0,1562282.4132675237,ChiNext,No ESG,16e3409dfe8376ad2b2c0d7cb75754fd7483db51a25d26a22e30f4ab745445d2
20221104.0,1552816.07786456,ChiNext,No ESG,16e3409dfe8376ad2b2c0d7cb75754fd7483db51a25d26a22e30f4ab745445d2
20221107.0,1561452.469310176,ChiNext,No ESG,16e3409dfe8376ad2b2c0d7cb75754fd7483db51a25d26a22e30f4ab745445d2
20221108.0,1537146.136425775,ChiNext,No ESG,16e3409dfe8376ad2b2c0d7cb75754fd7483db51a25d26a22e30f4ab745445d2
20221109.0,1515708.5528380177,ChiNext,No ESG,16e3409dfe8376ad2b2c0d7cb75754fd7483db51a25d26a22e30f4ab745445d2
20221110.0,1506829.520271064,ChiNext,No ESG,16e3409dfe8376ad2b2c0d7cb75754fd7483db51a25d26a22e30f4ab745445d2
20221111.0,1490325.051532211,ChiNext,No ESG,16e3409dfe8376ad2b2c0d7cb75754fd7483db51a25d26a22e30f4ab745445d2
20221114.0,1525079.843758306,ChiNext,No ESG,16e3409dfe8376ad2b2c0d7cb75754fd7483db51a25d26a22e30f4ab745445d2
20221115.0,1489564.4693574065,ChiNext,No ESG,16e3409dfe8376ad2b2c0d7cb75754fd7483db51a25d26a22e30f4ab745445d2
20221116.0,1471673.6970215722,ChiNext,No ESG,16e3409dfe8376ad2b2c0d7cb75754fd7483db51a25d26a22e30f4ab745445d2
20221117.0,1454762.3773322266,ChiNext,No ESG,16e3409dfe8376ad2b2c0d7cb75754fd7483db51a25d26a22e30f4ab745445d2
20221118.0,1514620.8163747569,ChiNext,No ESG,16e3409dfe8376ad2b2c0d7cb75754fd7483db51a25d26a22e30f4ab745445d2
20221121.0,1504164.3025588894,ChiNext,No ESG,16e3409dfe8376ad2b2c0d7cb75754fd7483db51a25d26a22e30f4ab745445d2
20221122.0,1512015.6756399716,ChiNext,No ESG,16e3409dfe8376ad2b2c0d7cb75754fd7483db51a25d26a22e30f4ab745445d2
20221123.0,1528230.7203066,ChiNext,No ESG,16e3409dfe8376ad2b2c0d7cb75754fd7483db51a25d26a22e30f4ab745445d2
20221124.0,1462233.4182321574,ChiNext,No ESG,16e3409dfe8376ad2b2c0d7cb75754fd7483db51a25d26a22e30f4ab745445d2
20221125.0,1468273.102690633,ChiNext,No ESG,16e3409dfe8376ad2b2c0d7cb75754fd7483db51a25d26a22e30f4ab745445d2
20221128.0,1496532.0555446718,ChiNext,No ESG,16e3409dfe8376ad2b2c0d7cb75754fd7483db51a25d26a22e30f4ab745445d2
20221129.0,1457770.729441381,ChiNext,No ESG,16e3409dfe8376ad2b2c0d7cb75754fd7483db51a25d26a22e30f4ab745445d2
20221130.0,1434016.8260856953,ChiNext,No ESG,16e3409dfe8376ad2b2c0d7cb75754fd7483db51a25d26a22e30f4ab745445d2
20221201.0,1429002.156918901,ChiNext,No ESG,16e3409dfe8376ad2b2c0d7cb75754fd7483db51a25d26a22e30f4ab745445d2
20221202.0,1405646.835141061,ChiNext,No ESG,16e3409dfe8376ad2b2c0d7cb75754fd7483db51a25d26a22e30f4ab745445d2
20221205.0,1398745.9562190818,ChiNext,No ESG,16e3409dfe8376ad2b2c0d7cb75754fd7483db51a25d26a22e30f4ab745445d2
20221206.0,1394829.8545971045,ChiNext,No ESG,16e3409dfe8376ad2b2c0d7cb75754fd7483db51a25d26a22e30f4ab745445d2
20221207.0,1404491.295976234,ChiNext,No ESG,16e3409dfe8376ad2b2c0d7cb75754fd7483db51a25d26a22e30f4ab745445d2
20221208.0,1409294.5124901808,ChiNext,No ESG,16e3409dfe8376ad2b2c0d7cb75754fd7483db51a25d26a22e30f4ab745445d2
20221209.0,1401933.919181531,ChiNext,No ESG,16e3409dfe8376ad2b2c0d7cb75754fd7483db51a25d26a22e30f4ab745445d2
20221212.0,1461998.7574375754,ChiNext,No ESG,16e3409dfe8376ad2b2c0d7cb75754fd7483db51a25d26a22e30f4ab745445d2
20221213.0,1465049.0288439095,ChiNext,No ESG,16e3409dfe8376ad2b2c0d7cb75754fd7483db51a25d26a22e30f4ab745445d2
20221214.0,1465049.0288439095,ChiNext,No ESG,16e3409dfe8376ad2b2c0d7cb75754fd7483db51a25d26a22e30f4ab745445d2
20221215.0,1465049.0288439095,ChiNext,No ESG,16e3409dfe8376ad2b2c0d7cb75754fd7483db51a25d26a22e30f4ab745445d2
20221216.0,1465049.0288439095,ChiNext,No ESG,16e3409dfe8376ad2b2c0d7cb75754fd7483db51a25d26a22e30f4ab745445d2
20221219.0,1465049.0288439095,ChiNext,No ESG,16e3409dfe8376ad2b2c0d7cb75754fd7483db51a25d26a22e30f4ab745445d2
20221220.0,1435910.2731052958,ChiNext,No ESG,16e3409dfe8376ad2b2c0d7cb75754fd7483db51a25d26a22e30f4ab745445d2
20221221.0,1410165.0669981192,ChiNext,No ESG,16e3409dfe8376ad2b2c0d7cb75754fd7483db51a25d26a22e30f4ab745445d2
20221222.0,1403784.488645357,ChiNext,No ESG,16e3409dfe8376ad2b2c0d7cb75754fd7483db51a25d26a22e30f4ab745445d2
20221223.0,1402253.8571494876,ChiNext,No ESG,16e3409dfe8376ad2b2c0d7cb75754fd7483db51a25d26a22e30f4ab745445d2
20221226.0,1407881.0291497565,ChiNext,No ESG,16e3409dfe8376ad2b2c0d7cb75754fd7483db51a25d26a22e30f4ab745445d2
20221227.0,1391594.7896612782,ChiNext,No ESG,16e3409dfe8376ad2b2c0d7cb75754fd7483db51a25d26a22e30f4ab745445d2
20221228.0,1382997.0428174515,ChiNext,No ESG,16e3409dfe8376ad2b2c0d7cb75754fd7483db51a25d26a22e30f4ab745445d2
20221229.0,1372472.724711853,ChiNext,No ESG,16e3409dfe8376ad2b2c0d7cb75754fd7483db51a25d26a22e30f4ab745445d2
20221230.0,1415562.299220513,ChiNext,No ESG,16e3409dfe8376ad2b2c0d7cb75754fd7483db51a25d26a22e30f4ab745445d2
20230103.0,1404525.3883037667,ChiNext,No ESG,16e3409dfe8376ad2b2c0d7cb75754fd7483db51a25d26a22e30f4ab745445d2
20230104.0,1407502.862430538,ChiNext,No ESG,16e3409dfe8376ad2b2c0d7cb75754fd7483db51a25d26a22e30f4ab745445d2
20230105.0,1375743.7712950895,ChiNext,No ESG,16e3409dfe8376ad2b2c0d7cb75754fd7483db51a25d26a22e30f4ab745445d2
20230106.0,1432354.467980054,ChiNext,No ESG,16e3409dfe8376ad2b2c0d7cb75754fd7483db51a25d26a22e30f4ab745445d2
20230109.0,1457714.8360856257,ChiNext,No ESG,16e3409dfe8376ad2b2c0d7cb75754fd7483db51a25d26a22e30f4ab745445d2
20230110.0,1417070.9598538463,ChiNext,No ESG,16e3409dfe8376ad2b2c0d7cb75754fd7483db51a25d26a22e30f4ab745445d2
20230111.0,1440334.3329774048,ChiNext,No ESG,16e3409dfe8376ad2b2c0d7cb75754fd7483db51a25d26a22e30f4ab745445d2
20230112.0,1442276.3268027944,ChiNext,No ESG,16e3409dfe8376ad2b2c0d7cb75754fd7483db51a25d26a22e30f4ab745445d2
20230113.0,1451428.893163988,ChiNext,No ESG,16e3409dfe8376ad2b2c0d7cb75754fd7483db51a25d26a22e30f4ab745445d2
20230116.0,1457023.862752163,ChiNext,No ESG,16e3409dfe8376ad2b2c0d7cb75754fd7483db51a25d26a22e30f4ab745445d2
20230117.0,1446922.2534169354,ChiNext,No ESG,16e3409dfe8376ad2b2c0d7cb75754fd7483db51a25d26a22e30f4ab745445d2
20230118.0,1447962.6409472802,ChiNext,No ESG,16e3409dfe8376ad2b2c0d7cb75754fd7483db51a25d26a22e30f4ab745445d2
20230119.0,1453386.0313264732,ChiNext,No ESG,16e3409dfe8376ad2b2c0d7cb75754fd7483db51a25d26a22e30f4ab745445d2
20230120.0,1494441.6184898224,ChiNext,No ESG,16e3409dfe8376ad2b2c0d7cb75754fd7483db51a25d26a22e30f4ab745445d2
20230130.0,1494441.6184898224,ChiNext,No ESG,16e3409dfe8376ad2b2c0d7cb75754fd7483db51a25d26a22e30f4ab745445d2
20230131.0,1543135.9798238706,ChiNext,No ESG,16e3409dfe8376ad2b2c0d7cb75754fd7483db51a25d26a22e30f4ab745445d2
20230201.0,1608777.474149265,ChiNext,No ESG,16e3409dfe8376ad2b2c0d7cb75754fd7483db51a25d26a22e30f4ab745445d2
20230202.0,1577600.2359649963,ChiNext,No ESG,16e3409dfe8376ad2b2c0d7cb75754fd7483db51a25d26a22e30f4ab745445d2
20230203.0,1591250.9643533002,ChiNext,No ESG,16e3409dfe8376ad2b2c0d7cb75754fd7483db51a25d26a22e30f4ab745445d2
20230206.0,1569929.679054602,ChiNext,No ESG,16e3409dfe8376ad2b2c0d7cb75754fd7483db51a25d26a22e30f4ab745445d2
20230207.0,1546612.3392170246,ChiNext,No ESG,16e3409dfe8376ad2b2c0d7cb75754fd7483db51a25d26a22e30f4ab745445d2
20230208.0,1592064.0903462304,ChiNext,No ESG,16e3409dfe8376ad2b2c0d7cb75754fd7483db51a25d26a22e30f4ab745445d2
20230209.0,1562634.025384446,ChiNext,No ESG,16e3409dfe8376ad2b2c0d7cb75754fd7483db51a25d26a22e30f4ab745445d2
20230210.0,1602589.8531849806,ChiNext,No ESG,16e3409dfe8376ad2b2c0d7cb75754fd7483db51a25d26a22e30f4ab745445d2
20230213.0,1661490.7150544438,ChiNext,No ESG,16e3409dfe8376ad2b2c0d7cb75754fd7483db51a25d26a22e30f4ab745445d2
20230214.0,1666356.3395738343,ChiNext,No ESG,16e3409dfe8376ad2b2c0d7cb75754fd7483db51a25d26a22e30f4ab745445d2
20230215.0,1619459.650320424,ChiNext,No ESG,16e3409dfe8376ad2b2c0d7cb75754fd7483db51a25d26a22e30f4ab745445d2
20230216.0,1589676.1949940764,ChiNext,No ESG,16e3409dfe8376ad2b2c0d7cb75754fd7483db51a25d26a22e30f4ab745445d2
20230217.0,1571040.3502968282,ChiNext,No ESG,16e3409dfe8376ad2b2c0d7cb75754fd7483db51a25d26a22e30f4ab745445d2
20230220.0,1616020.018118527,ChiNext,No ESG,16e3409dfe8376ad2b2c0d7cb75754fd7483db51a25d26a22e30f4ab745445d2
20230221.0,1619058.3300526165,ChiNext,No ESG,16e3409dfe8376ad2b2c0d7cb75754fd7483db51a25d26a22e30f4ab745445d2
20230222.0,1630302.8814324862,ChiNext,No ESG,16e3409dfe8376ad2b2c0d7cb75754fd7483db51a25d26a22e30f4ab745445d2
20230223.0,1637294.367704791,ChiNext,No ESG,16e3409dfe8376ad2b2c0d7cb75754fd7483db51a25d26a22e30f4ab745445d2
20230224.0,1666521.0462006133,ChiNext,No ESG,16e3409dfe8376ad2b2c0d7cb75754fd7483db51a25d26a22e30f4ab745445d2
20230227.0,1722521.8231019697,ChiNext,No ESG,16e3409dfe8376ad2b2c0d7cb75754fd7483db51a25d26a22e30f4ab745445d2
20230228.0,1763123.1893387344,ChiNext,No ESG,16e3409dfe8376ad2b2c0d7cb75754fd7483db51a25d26a22e30f4ab745445d2
20230301.0,1777830.7373971527,ChiNext,No ESG,16e3409dfe8376ad2b2c0d7cb75754fd7483db51a25d26a22e30f4ab745445d2
20230302.0,1731489.8043802269,ChiNext,No ESG,16e3409dfe8376ad2b2c0d7cb75754fd7483db51a25d26a22e30f4ab745445d2
20230303.0,1731489.8043802269,ChiNext,No ESG,16e3409dfe8376ad2b2c0d7cb75754fd7483db51a25d26a22e30f4ab745445d2
20211207.0,1000000.0,ChiNext,NS 25%,16e3409dfe8376ad2b2c0d7cb75754fd7483db51a25d26a22e30f4ab745445d2
20211208.0,1000000.0,ChiNext,NS 25%,16e3409dfe8376ad2b2c0d7cb75754fd7483db51a25d26a22e30f4ab745445d2
20211209.0,1027918.3449285745,ChiNext,NS 25%,16e3409dfe8376ad2b2c0d7cb75754fd7483db51a25d26a22e30f4ab745445d2
20211210.0,1031079.8712099218,ChiNext,NS 25%,16e3409dfe8376ad2b2c0d7cb75754fd7483db51a25d26a22e30f4ab745445d2
20211213.0,1031079.8712099218,ChiNext,NS 25%,16e3409dfe8376ad2b2c0d7cb75754fd7483db51a25d26a22e30f4ab745445d2
20211214.0,1037339.5631664126,ChiNext,NS 25%,16e3409dfe8376ad2b2c0d7cb75754fd7483db51a25d26a22e30f4ab745445d2
20211215.0,1048028.9431512777,ChiNext,NS 25%,16e3409dfe8376ad2b2c0d7cb75754fd7483db51a25d26a22e30f4ab745445d2
20211216.0,1056353.832461047,ChiNext,NS 25%,16e3409dfe8376ad2b2c0d7cb75754fd7483db51a25d26a22e30f4ab745445d2
20211217.0,1112639.0961298048,ChiNext,NS 25%,16e3409dfe8376ad2b2c0d7cb75754fd7483db51a25d26a22e30f4ab745445d2
20211220.0,1164091.8325225513,ChiNext,NS 25%,16e3409dfe8376ad2b2c0d7cb75754fd7483db51a25d26a22e30f4ab745445d2
20211221.0,1164091.8325225513,ChiNext,NS 25%,16e3409dfe8376ad2b2c0d7cb75754fd7483db51a25d26a22e30f4ab745445d2
20211222.0,1164091.8325225513,ChiNext,NS 25%,16e3409dfe8376ad2b2c0d7cb75754fd7483db51a25d26a22e30f4ab745445d2
20211223.0,1157553.715126719,ChiNext,NS 25%,16e3409dfe8376ad2b2c0d7cb75754fd7483db51a25d26a22e30f4ab745445d2
20211224.0,1172465.4519718187,ChiNext,NS 25%,16e3409dfe8376ad2b2c0d7cb75754fd7483db51a25d26a22e30f4ab745445d2
20211227.0,1183748.8544148286,ChiNext,NS 25%,16e3409dfe8376ad2b2c0d7cb75754fd7483db51a25d26a22e30f4ab745445d2
20211228.0,1172203.5041334478,ChiNext,NS 25%,16e3409dfe8376ad2b2c0d7cb75754fd7483db51a25d26a22e30f4ab745445d2
20211229.0,1181720.2245430413,ChiNext,NS 25%,16e3409dfe8376ad2b2c0d7cb75754fd7483db51a25d26a22e30f4ab745445d2
20211230.0,1206876.5574175608,ChiNext,NS 25%,16e3409dfe8376ad2b2c0d7cb75754fd7483db51a25d26a22e30f4ab745445d2
20211231.0,1111593.3754447012,ChiNext,NS 25%,16e3409dfe8376ad2b2c0d7cb75754fd7483db51a25d26a22e30f4ab745445d2
20220104.0,1111593.3754447012,ChiNext,NS 25%,16e3409dfe8376ad2b2c0d7cb75754fd7483db51a25d26a22e30f4ab745445d2
20220105.0,1111593.3754447012,ChiNext,NS 25%,16e3409dfe8376ad2b2c0d7cb75754fd7483db51a25d26a22e30f4ab745445d2
20220106.0,1111593.3754447012,ChiNext,NS 25%,16e3409dfe8376ad2b2c0d7cb75754fd7483db51a25d26a22e30f4ab745445d2
20220107.0,1150615.9864270552,ChiNext,NS 25%,16e3409dfe8376ad2b2c0d7cb75754fd7483db51a25d26a22e30f4ab745445d2
20220110.0,1105686.8158753456,ChiNext,NS 25%,16e3409dfe8376ad2b2c0d7cb75754fd7483db51a25d26a22e30f4ab745445d2
20220111.0,1089856.852596491,ChiNext,NS 25%,16e3409dfe8376ad2b2c0d7cb75754fd7483db51a25d26a22e30f4ab745445d2
20220112.0,1091773.1059522748,ChiNext,NS 25%,16e3409dfe8376ad2b2c0d7cb75754fd7483db51a25d26a22e30f4ab745445d2
20220113.0,1079596.095308564,ChiNext,NS 25%,16e3409dfe8376ad2b2c0d7cb75754fd7483db51a25d26a22e30f4ab745445d2
20220114.0,1085354.5203478825,ChiNext,NS 25%,16e3409dfe8376ad2b2c0d7cb75754fd7483db51a25d26a22e30f4ab745445d2
20220117.0,1065198.3728801224,ChiNext,NS 25%,16e3409dfe8376ad2b2c0d7cb75754fd7483db51a25d26a22e30f4ab745445d2
20220118.0,1065198.3728801224,ChiNext,NS 25%,16e3409dfe8376ad2b2c0d7cb75754fd7483db51a25d26a22e30f4ab745445d2
20220119.0,1065198.3728801224,ChiNext,NS 25%,16e3409dfe8376ad2b2c0d7cb75754fd7483db51a25d26a22e30f4ab745445d2
20220120.0,1033585.4714683453,ChiNext,NS 25%,16e3409dfe8376ad2b2c0d7cb75754fd7483db51a25d26a22e30f4ab745445d2
20220121.0,1083584.1160545428,ChiNext,NS 25%,16e3409dfe8376ad2b2c0d7cb75754fd7483db51a25d26a22e30f4ab745445d2
20220124.0,1046865.740498459,ChiNext,NS 25%,16e3409dfe8376ad2b2c0d7cb75754fd7483db51a25d26a22e30f4ab745445d2
20220125.0,1027784.0327874293,ChiNext,NS 25%,16e3409dfe8376ad2b2c0d7cb75754fd7483db51a25d26a22e30f4ab745445d2
20220126.0,1027784.0327874293,ChiNext,NS 25%,16e3409dfe8376ad2b2c0d7cb75754fd7483db51a25d26a22e30f4ab745445d2
20220127.0,1027784.0327874293,ChiNext,NS 25%,16e3409dfe8376ad2b2c0d7cb75754fd7483db51a25d26a22e30f4ab745445d2
20220128.0,1027784.0327874293,ChiNext,NS 25%,16e3409dfe8376ad2b2c0d7cb75754fd7483db51a25d26a22e30f4ab745445d2
20220207.0,1002718.3267182469,ChiNext,NS 25%,16e3409dfe8376ad2b2c0d7cb75754fd7483db51a25d26a22e30f4ab745445d2
20220208.0,1002718.3267182469,ChiNext,NS 25%,16e3409dfe8376ad2b2c0d7cb75754fd7483db51a25d26a22e30f4ab745445d2
20220209.0,987402.5192026669,ChiNext,NS 25%,16e3409dfe8376ad2b2c0d7cb75754fd7483db51a25d26a22e30f4ab745445d2
20220210.0,960245.6460193888,ChiNext,NS 25%,16e3409dfe8376ad2b2c0d7cb75754fd7483db51a25d26a22e30f4ab745445d2
20220216.0,1018628.6044550256,ChiNext,NS 25%,16e3409dfe8376ad2b2c0d7cb75754fd7483db51a25d26a22e30f4ab745445d2
20220217.0,996202.9464741935,ChiNext,NS 25%,16e3409dfe8376ad2b2c0d7cb75754fd7483db51a25d26a22e30f4ab745445d2
20220218.0,983063.0363220262,ChiNext,NS 25%,16e3409dfe8376ad2b2c0d7cb75754fd7483db51a25d26a22e30f4ab745445d2
20220221.0,972057.7324543062,ChiNext,NS 25%,16e3409dfe8376ad2b2c0d7cb75754fd7483db51a25d26a22e30f4ab745445d2
20220222.0,1024095.8052379598,ChiNext,NS 25%,16e3409dfe8376ad2b2c0d7cb75754fd7483db51a25d26a22e30f4ab745445d2
20220223.0,1024095.8052379598,ChiNext,NS 25%,16e3409dfe8376ad2b2c0d7cb75754fd7483db51a25d26a22e30f4ab745445d2
20220224.0,1035734.2748491832,ChiNext,NS 25%,16e3409dfe8376ad2b2c0d7cb75754fd7483db51a25d26a22e30f4ab745445d2
20220225.0,1026328.2669565168,ChiNext,NS 25%,16e3409dfe8376ad2b2c0d7cb75754fd7483db51a25d26a22e30f4ab745445d2
20220228.0,1016361.4643763334,ChiNext,NS 25%,16e3409dfe8376ad2b2c0d7cb75754fd7483db51a25d26a22e30f4ab745445d2
20220301.0,1008025.3940925747,ChiNext,NS 25%,16e3409dfe8376ad2b2c0d7cb75754fd7483db51a25d26a22e30f4ab745445d2
20220302.0,995824.7983166442,ChiNext,NS 25%,16e3409dfe8376ad2b2c0d7cb75754fd7483db51a25d26a22e30f4ab745445d2
20220303.0,975518.4182546333,ChiNext,NS 25%,16e3409dfe8376ad2b2c0d7cb75754fd7483db51a25d26a22e30f4ab745445d2
20220304.0,946085.2628245095,ChiNext,NS 25%,16e3409dfe8376ad2b2c0d7cb75754fd7483db51a25d26a22e30f4ab745445d2
20220307.0,946085.2628245095,ChiNext,NS 25%,16e3409dfe8376ad2b2c0d7cb75754fd7483db51a25d26a22e30f4ab745445d2
20220308.0,963145.7724782858,ChiNext,NS 25%,16e3409dfe8376ad2b2c0d7cb75754fd7483db51a25d26a22e30f4ab745445d2
20220309.0,960651.3242098546,ChiNext,NS 25%,16e3409dfe8376ad2b2c0d7cb75754fd7483db51a25d26a22e30f4ab745445d2
20220310.0,962000.2532401325,ChiNext,NS 25%,16e3409dfe8376ad2b2c0d7cb75754fd7483db51a25d26a22e30f4ab745445d2
20220311.0,891537.9530848571,ChiNext,NS 25%,16e3409dfe8376ad2b2c0d7cb75754fd7483db51a25d26a22e30f4ab745445d2
20220314.0,895853.430267537,ChiNext,NS 25%,16e3409dfe8376ad2b2c0d7cb75754fd7483db51a25d26a22e30f4ab745445d2
20220315.0,953258.5423855482,ChiNext,NS 25%,16e3409dfe8376ad2b2c0d7cb75754fd7483db51a25d26a22e30f4ab745445d2
20220316.0,956194.8099038401,ChiNext,NS 25%,16e3409dfe8376ad2b2c0d7cb75754fd7483db51a25d26a22e30f4ab745445d2
20220317.0,1063051.8177442783,ChiNext,NS 25%,16e3409dfe8376ad2b2c0d7cb75754fd7483db51a25d26a22e30f4ab745445d2
20220318.0,1095250.3725842477,ChiNext,NS 25%,16e3409dfe8376ad2b2c0d7cb75754fd7483db51a25d26a22e30f4ab745445d2
20220321.0,1091469.8518481187,ChiNext,NS 25%,16e3409dfe8376ad2b2c0d7cb75754fd7483db51a25d26a22e30f4ab745445d2
20220322.0,1117379.4390084064,ChiNext,NS 25%,16e3409dfe8376ad2b2c0d7cb75754fd7483db51a25d26a22e30f4ab745445d2
20220323.0,1155809.2645140337,ChiNext,NS 25%,16e3409dfe8376ad2b2c0d7cb75754fd7483db51a25d26a22e30f4ab745445d2
20220324.0,1155809.2645140337,ChiNext,NS 25%,16e3409dfe8376ad2b2c0d7cb75754fd7483db51a25d26a22e30f4ab745445d2
20220325.0,1156914.905444569,ChiNext,NS 25%,16e3409dfe8376ad2b2c0d7cb75754fd7483db51a25d26a22e30f4ab745445d2
20220328.0,1167552.7443385017,ChiNext,NS 25%,16e3409dfe8376ad2b2c0d7cb75754fd7483db51a25d26a22e30f4ab745445d2
20220329.0,1195799.7746451139,ChiNext,NS 25%,16e3409dfe8376ad2b2c0d7cb75754fd7483db51a25d26a22e30f4ab745445d2
20220330.0,1195799.7746451139,ChiNext,NS 25%,16e3409dfe8376ad2b2c0d7cb75754fd7483db51a25d26a22e30f4ab745445d2
20220331.0,1245825.1072394033,ChiNext,NS 25%,16e3409dfe8376ad2b2c0d7cb75754fd7483db51a25d26a22e30f4ab745445d2
20220401.0,1210349.3362944496,ChiNext,NS 25%,16e3409dfe8376ad2b2c0d7cb75754fd7483db51a25d26a22e30f4ab745445d2
20220406.0,1210349.3362944496,ChiNext,NS 25%,16e3409dfe8376ad2b2c0d7cb75754fd7483db51a25d26a22e30f4ab745445d2
20220407.0,1210349.3362944496,ChiNext,NS 25%,16e3409dfe8376ad2b2c0d7cb75754fd7483db51a25d26a22e30f4ab745445d2
20220408.0,1180741.8025158811,ChiNext,NS 25%,16e3409dfe8376ad2b2c0d7cb75754fd7483db51a25d26a22e30f4ab745445d2
20220411.0,1185035.247493182,ChiNext,NS 25%,16e3409dfe8376ad2b2c0d7cb75754fd7483db51a25d26a22e30f4ab745445d2
20220412.0,1138074.9681438361,ChiNext,NS 25%,16e3409dfe8376ad2b2c0d7cb75754fd7483db51a25d26a22e30f4ab745445d2
20220413.0,1138074.9681438361,ChiNext,NS 25%,16e3409dfe8376ad2b2c0d7cb75754fd7483db51a25d26a22e30f4ab745445d2
20220414.0,1129301.4928134452,ChiNext,NS 25%,16e3409dfe8376ad2b2c0d7cb75754fd7483db51a25d26a22e30f4ab745445d2
20220415.0,1152385.5291412994,ChiNext,NS 25%,16e3409dfe8376ad2b2c0d7cb75754fd7483db51a25d26a22e30f4ab745445d2
20220418.0,1122031.1233134584,ChiNext,NS 25%,16e3409dfe8376ad2b2c0d7cb75754fd7483db51a25d26a22e30f4ab745445d2
20220419.0,1105057.6514123706,ChiNext,NS 25%,16e3409dfe8376ad2b2c0d7cb75754fd7483db51a25d26a22e30f4ab745445d2
20220420.0,1073758.396654457,ChiNext,NS 25%,16e3409dfe8376ad2b2c0d7cb75754fd7483db51a25d26a22e30f4ab745445d2
20220421.0,1067461.9995424878,ChiNext,NS 25%,16e3409dfe8376ad2b2c0d7cb75754fd7483db51a25d26a22e30f4ab745445d2
20220422.0,967866.6780133467,ChiNext,NS 25%,16e3409dfe8376ad2b2c0d7cb75754fd7483db51a25d26a22e30f4ab745445d2
20220425.0,948878.1365822647,ChiNext,NS 25%,16e3409dfe8376ad2b2c0d7cb75754fd7483db51a25d26a22e30f4ab745445d2
20220426.0,991896.3464347612,ChiNext,NS 25%,16e3409dfe8376ad2b2c0d7cb75754fd7483db51a25d26a22e30f4ab745445d2
20220427.0,987646.8672035162,ChiNext,NS 25%,16e3409dfe8376ad2b2c0d7cb75754fd7483db51a25d26a22e30f4ab745445d2
20220428.0,1024879.346212715,ChiNext,NS 25%,16e3409dfe8376ad2b2c0d7cb75754fd7483db51a25d26a22e30f4ab745445d2
20220429.0,1013500.7295519778,ChiNext,NS 25%,16e3409dfe8376ad2b2c0d7cb75754fd7483db51a25d26a22e30f4ab745445d2
20220505.0,1013500.7295519778,ChiNext,NS 25%,16e3409dfe8376ad2b2c0d7cb75754fd7483db51a25d26a22e30f4ab745445d2
20220506.0,1026717.9922357723,ChiNext,NS 25%,16e3409dfe8376ad2b2c0d7cb75754fd7483db51a25d26a22e30f4ab745445d2
20220509.0,1030406.5694791537,ChiNext,NS 25%,16e3409dfe8376ad2b2c0d7cb75754fd7483db51a25d26a22e30f4ab745445d2
20220510.0,1030406.5694791537,ChiNext,NS 25%,16e3409dfe8376ad2b2c0d7cb75754fd7483db51a25d26a22e30f4ab745445d2
20220511.0,1030406.5694791537,ChiNext,NS 25%,16e3409dfe8376ad2b2c0d7cb75754fd7483db51a25d26a22e30f4ab745445d2
20220512.0,1018945.4634688342,ChiNext,NS 25%,16e3409dfe8376ad2b2c0d7cb75754fd7483db51a25d26a22e30f4ab745445d2
20220513.0,1018945.4634688342,ChiNext,NS 25%,16e3409dfe8376ad2b2c0d7cb75754fd7483db51a25d26a22e30f4ab745445d2
20220516.0,1018945.4634688342,ChiNext,NS 25%,16e3409dfe8376ad2b2c0d7cb75754fd7483db51a25d26a22e30f4ab745445d2
20220517.0,1010755.9580132874,ChiNext,NS 25%,16e3409dfe8376ad2b2c0d7cb75754fd7483db51a25d26a22e30f4ab745445d2
20220518.0,999233.9520587244,ChiNext,NS 25%,16e3409dfe8376ad2b2c0d7cb75754fd7483db51a25d26a22e30f4ab745445d2
20220519.0,1065128.0808303799,ChiNext,NS 25%,16e3409dfe8376ad2b2c0d7cb75754fd7483db51a25d26a22e30f4ab745445d2
20220520.0,1049836.9188444265,ChiNext,NS 25%,16e3409dfe8376ad2b2c0d7cb75754fd7483db51a25d26a22e30f4ab745445d2
20220523.0,1049836.9188444265,ChiNext,NS 25%,16e3409dfe8376ad2b2c0d7cb75754fd7483db51a25d26a22e30f4ab745445d2
20220524.0,1049836.9188444265,ChiNext,NS 25%,16e3409dfe8376ad2b2c0d7cb75754fd7483db51a25d26a22e30f4ab745445d2
20220525.0,1049836.9188444265,ChiNext,NS 25%,16e3409dfe8376ad2b2c0d7cb75754fd7483db51a25d26a22e30f4ab745445d2
20220526.0,1058474.848824144,ChiNext,NS 25%,16e3409dfe8376ad2b2c0d7cb75754fd7483db51a25d26a22e30f4ab745445d2
20220527.0,1063441.7677487726,ChiNext,NS 25%,16e3409dfe8376ad2b2c0d7cb75754fd7483db51a25d26a22e30f4ab745445d2
20220530.0,1084468.4949365787,ChiNext,NS 25%,16e3409dfe8376ad2b2c0d7cb75754fd7483db51a25d26a22e30f4ab745445d2
20220531.0,1084468.4949365787,ChiNext,NS 25%,16e3409dfe8376ad2b2c0d7cb75754fd7483db51a25d26a22e30f4ab745445d2
20220601.0,1139465.2759991528,ChiNext,NS 25%,16e3409dfe8376ad2b2c0d7cb75754fd7483db51a25d26a22e30f4ab745445d2
20220602.0,1139465.2759991528,ChiNext,NS 25%,16e3409dfe8376ad2b2c0d7cb75754fd7483db51a25d26a22e30f4ab745445d2
20220606.0,1118729.5406994512,ChiNext,NS 25%,16e3409dfe8376ad2b2c0d7cb75754fd7483db51a25d26a22e30f4ab745445d2
20220607.0,1094343.3819161488,ChiNext,NS 25%,16e3409dfe8376ad2b2c0d7cb75754fd7483db51a25d26a22e30f4ab745445d2
20220608.0,1048843.3257791586,ChiNext,NS 25%,16e3409dfe8376ad2b2c0d7cb75754fd7483db51a25d26a22e30f4ab745445d2
20220609.0,1097071.5297427592,ChiNext,NS 25%,16e3409dfe8376ad2b2c0d7cb75754fd7483db51a25d26a22e30f4ab745445d2
20220610.0,1097071.5297427592,ChiNext,NS 25%,16e3409dfe8376ad2b2c0d7cb75754fd7483db51a25d26a22e30f4ab745445d2
20220613.0,1117526.5666423193,ChiNext,NS 25%,16e3409dfe8376ad2b2c0d7cb75754fd7483db51a25d26a22e30f4ab745445d2
20220614.0,1071985.9588160755,ChiNext,NS 25%,16e3409dfe8376ad2b2c0d7cb75754fd7483db51a25d26a22e30f4ab745445d2
20220615.0,1074842.6019338034,ChiNext,NS 25%,16e3409dfe8376ad2b2c0d7cb75754fd7483db51a25d26a22e30f4ab745445d2
20220616.0,1074842.6019338034,ChiNext,NS 25%,16e3409dfe8376ad2b2c0d7cb75754fd7483db51a25d26a22e30f4ab745445d2
20220617.0,1117487.6554274594,ChiNext,NS 25%,16e3409dfe8376ad2b2c0d7cb75754fd7483db51a25d26a22e30f4ab745445d2
20220620.0,1107492.9323244777,ChiNext,NS 25%,16e3409dfe8376ad2b2c0d7cb75754fd7483db51a25d26a22e30f4ab745445d2
20220621.0,1126442.5066571708,ChiNext,NS 25%,16e3409dfe8376ad2b2c0d7cb75754fd7483db51a25d26a22e30f4ab745445d2
20220622.0,1149680.9585060875,ChiNext,NS 25%,16e3409dfe8376ad2b2c0d7cb75754fd7483db51a25d26a22e30f4ab745445d2
20220623.0,1133294.6696338705,ChiNext,NS 25%,16e3409dfe8376ad2b2c0d7cb75754fd7483db51a25d26a22e30f4ab745445d2
20220624.0,1131200.2370555885,ChiNext,NS 25%,16e3409dfe8376ad2b2c0d7cb75754fd7483db51a25d26a22e30f4ab745445d2
20220627.0,1152521.0785616434,ChiNext,NS 25%,16e3409dfe8376ad2b2c0d7cb75754fd7483db51a25d26a22e30f4ab745445d2
20220628.0,1090741.78773305,ChiNext,NS 25%,16e3409dfe8376ad2b2c0d7cb75754fd7483db51a25d26a22e30f4ab745445d2
20220629.0,1131574.1244662781,ChiNext,NS 25%,16e3409dfe8376ad2b2c0d7cb75754fd7483db51a25d26a22e30f4ab745445d2
20220630.0,1127457.9592149574,ChiNext,NS 25%,16e3409dfe8376ad2b2c0d7cb75754fd7483db51a25d26a22e30f4ab745445d2
20220701.0,1127457.9592149574,ChiNext,NS 25%,16e3409dfe8376ad2b2c0d7cb75754fd7483db51a25d26a22e30f4ab745445d2
20220704.0,1127457.9592149574,ChiNext,NS 25%,16e3409dfe8376ad2b2c0d7cb75754fd7483db51a25d26a22e30f4ab745445d2
20220705.0,1127457.9592149574,ChiNext,NS 25%,16e3409dfe8376ad2b2c0d7cb75754fd7483db51a25d26a22e30f4ab745445d2
20220706.0,1131942.1627673537,ChiNext,NS 25%,16e3409dfe8376ad2b2c0d7cb75754fd7483db51a25d26a22e30f4ab745445d2
20220707.0,1155278.6698612922,ChiNext,NS 25%,16e3409dfe8376ad2b2c0d7cb75754fd7483db51a25d26a22e30f4ab745445d2
20220708.0,1155278.6698612922,ChiNext,NS 25%,16e3409dfe8376ad2b2c0d7cb75754fd7483db51a25d26a22e30f4ab745445d2
20220711.0,1108857.6887017325,ChiNext,NS 25%,16e3409dfe8376ad2b2c0d7cb75754fd7483db51a25d26a22e30f4ab745445d2
20220712.0,1154445.0092025953,ChiNext,NS 25%,16e3409dfe8376ad2b2c0d7cb75754fd7483db51a25d26a22e30f4ab745445d2
20220713.0,1186535.7174672587,ChiNext,NS 25%,16e3409dfe8376ad2b2c0d7cb75754fd7483db51a25d26a22e30f4ab745445d2
20220714.0,1172065.7651309269,ChiNext,NS 25%,16e3409dfe8376ad2b2c0d7cb75754fd7483db51a25d26a22e30f4ab745445d2
20220715.0,1221041.6944842949,ChiNext,NS 25%,16e3409dfe8376ad2b2c0d7cb75754fd7483db51a25d26a22e30f4ab745445d2
20220718.0,1194372.245480943,ChiNext,NS 25%,16e3409dfe8376ad2b2c0d7cb75754fd7483db51a25d26a22e30f4ab745445d2
20220719.0,1158280.3779846334,ChiNext,NS 25%,16e3409dfe8376ad2b2c0d7cb75754fd7483db51a25d26a22e30f4ab745445d2
20220720.0,1158280.3779846334,ChiNext,NS 25%,16e3409dfe8376ad2b2c0d7cb75754fd7483db51a25d26a22e30f4ab745445d2
20220721.0,1111508.3177357723,ChiNext,NS 25%,16e3409dfe8376ad2b2c0d7cb75754fd7483db51a25d26a22e30f4ab745445d2
20220722.0,1120374.1271480522,ChiNext,NS 25%,16e3409dfe8376ad2b2c0d7cb75754fd7483db51a25d26a22e30f4ab745445d2
20220725.0,1152079.9435127869,ChiNext,NS 25%,16e3409dfe8376ad2b2c0d7cb75754fd7483db51a25d26a22e30f4ab745445d2
20220726.0,1131956.1338481212,ChiNext,NS 25%,16e3409dfe8376ad2b2c0d7cb75754fd7483db51a25d26a22e30f4ab745445d2
20220727.0,1137720.921470403,ChiNext,NS 25%,16e3409dfe8376ad2b2c0d7cb75754fd7483db51a25d26a22e30f4ab745445d2
20220728.0,1113160.3174372376,ChiNext,NS 25%,16e3409dfe8376ad2b2c0d7cb75754fd7483db51a25d26a22e30f4ab745445d2
20220729.0,1125775.0813325888,ChiNext,NS 25%,16e3409dfe8376ad2b2c0d7cb75754fd7483db51a25d26a22e30f4ab745445d2
20220801.0,1090288.971537731,ChiNext,NS 25%,16e3409dfe8376ad2b2c0d7cb75754fd7483db51a25d26a22e30f4ab745445d2
20220802.0,1035065.2231451661,ChiNext,NS 25%,16e3409dfe8376ad2b2c0d7cb75754fd7483db51a25d26a22e30f4ab745445d2
20220803.0,1068245.624789207,ChiNext,NS 25%,16e3409dfe8376ad2b2c0d7cb75754fd7483db51a25d26a22e30f4ab745445d2
20220804.0,1078737.187404517,ChiNext,NS 25%,16e3409dfe8376ad2b2c0d7cb75754fd7483db51a25d26a22e30f4ab745445d2
20220805.0,1097153.5436356738,ChiNext,NS 25%,16e3409dfe8376ad2b2c0d7cb75754fd7483db51a25d26a22e30f4ab745445d2
20220808.0,1104556.947400159,ChiNext,NS 25%,16e3409dfe8376ad2b2c0d7cb75754fd7483db51a25d26a22e30f4ab745445d2
20220809.0,1086208.204481984,ChiNext,NS 25%,16e3409dfe8376ad2b2c0d7cb75754fd7483db51a25d26a22e30f4ab745445d2
20220810.0,1102522.4826129754,ChiNext,NS 25%,16e3409dfe8376ad2b2c0d7cb75754fd7483db51a25d26a22e30f4ab745445d2
20220811.0,1083482.6943976458,ChiNext,NS 25%,16e3409dfe8376ad2b2c0d7cb75754fd7483db51a25d26a22e30f4ab745445d2
20220812.0,1103961.6044827136,ChiNext,NS 25%,16e3409dfe8376ad2b2c0d7cb75754fd7483db51a25d26a22e30f4ab745445d2
20220815.0,1073836.9563894228,ChiNext,NS 25%,16e3409dfe8376ad2b2c0d7cb75754fd7483db51a25d26a22e30f4ab745445d2
20220816.0,1030071.2257225639,ChiNext,NS 25%,16e3409dfe8376ad2b2c0d7cb75754fd7483db51a25d26a22e30f4ab745445d2
20220817.0,1080393.3505777824,ChiNext,NS 25%,16e3409dfe8376ad2b2c0d7cb75754fd7483db51a25d26a22e30f4ab745445d2
20220818.0,1043743.3220665567,ChiNext,NS 25%,16e3409dfe8376ad2b2c0d7cb75754fd7483db51a25d26a22e30f4ab745445d2
20220819.0,1066177.4253092245,ChiNext,NS 25%,16e3409dfe8376ad2b2c0d7cb75754fd7483db51a25d26a22e30f4ab745445d2
20220822.0,1108421.2946208958,ChiNext,NS 25%,16e3409dfe8376ad2b2c0d7cb75754fd7483db51a25d26a22e30f4ab745445d2
20220823.0,1180587.5836294033,ChiNext,NS 25%,16e3409dfe8376ad2b2c0d7cb75754fd7483db51a25d26a22e30f4ab745445d2
20220824.0,1175039.4700476697,ChiNext,NS 25%,16e3409dfe8376ad2b2c0d7cb75754fd7483db51a25d26a22e30f4ab745445d2
20220825.0,1152466.451866125,ChiNext,NS 25%,16e3409dfe8376ad2b2c0d7cb75754fd7483db51a25d26a22e30f4ab745445d2
20220826.0,1121851.471068633,ChiNext,NS 25%,16e3409dfe8376ad2b2c0d7cb75754fd7483db51a25d26a22e30f4ab745445d2
20220829.0,1121259.1255133988,ChiNext,NS 25%,16e3409dfe8376ad2b2c0d7cb75754fd7483db51a25d26a22e30f4ab745445d2
20220830.0,1101313.893204153,ChiNext,NS 25%,16e3409dfe8376ad2b2c0d7cb75754fd7483db51a25d26a22e30f4ab745445d2
20220831.0,1103866.3070848847,ChiNext,NS 25%,16e3409dfe8376ad2b2c0d7cb75754fd7483db51a25d26a22e30f4ab745445d2
20220901.0,1085056.2407711498,ChiNext,NS 25%,16e3409dfe8376ad2b2c0d7cb75754fd7483db51a25d26a22e30f4ab745445d2
20220902.0,1057016.3743791305,ChiNext,NS 25%,16e3409dfe8376ad2b2c0d7cb75754fd7483db51a25d26a22e30f4ab745445d2
20220905.0,1079585.3243787293,ChiNext,NS 25%,16e3409dfe8376ad2b2c0d7cb75754fd7483db51a25d26a22e30f4ab745445d2
20220906.0,1110330.028217552,ChiNext,NS 25%,16e3409dfe8376ad2b2c0d7cb75754fd7483db51a25d26a22e30f4ab745445d2
20220907.0,1097504.899462593,ChiNext,NS 25%,16e3409dfe8376ad2b2c0d7cb75754fd7483db51a25d26a22e30f4ab745445d2
20220908.0,1052807.8088393246,ChiNext,NS 25%,16e3409dfe8376ad2b2c0d7cb75754fd7483db51a25d26a22e30f4ab745445d2
20220909.0,1049334.4479995049,ChiNext,NS 25%,16e3409dfe8376ad2b2c0d7cb75754fd7483db51a25d26a22e30f4ab745445d2
20220913.0,1040129.2737973151,ChiNext,NS 25%,16e3409dfe8376ad2b2c0d7cb75754fd7483db51a25d26a22e30f4ab745445d2
20220914.0,1038518.8752638814,ChiNext,NS 25%,16e3409dfe8376ad2b2c0d7cb75754fd7483db51a25d26a22e30f4ab745445d2
20220915.0,1061207.5058460566,ChiNext,NS 25%,16e3409dfe8376ad2b2c0d7cb75754fd7483db51a25d26a22e30f4ab745445d2
20220916.0,1046618.6450727468,ChiNext,NS 25%,16e3409dfe8376ad2b2c0d7cb75754fd7483db51a25d26a22e30f4ab745445d2
20220919.0,1032988.5565660901,ChiNext,NS 25%,16e3409dfe8376ad2b2c0d7cb75754fd7483db51a25d26a22e30f4ab745445d2
20220920.0,1018955.0470473851,ChiNext,NS 25%,16e3409dfe8376ad2b2c0d7cb75754fd7483db51a25d26a22e30f4ab745445d2
20220921.0,1033414.8423786178,ChiNext,NS 25%,16e3409dfe8376ad2b2c0d7cb75754fd7483db51a25d26a22e30f4ab745445d2
20220922.0,1018121.6751367985,ChiNext,NS 25%,16e3409dfe8376ad2b2c0d7cb75754fd7483db51a25d26a22e30f4ab745445d2
20220923.0,1034641.2617102562,ChiNext,NS 25%,16e3409dfe8376ad2b2c0d7cb75754fd7483db51a25d26a22e30f4ab745445d2
20220926.0,1064296.4993764467,ChiNext,NS 25%,16e3409dfe8376ad2b2c0d7cb75754fd7483db51a25d26a22e30f4ab745445d2
20220927.0,1012244.6209788863,ChiNext,NS 25%,16e3409dfe8376ad2b2c0d7cb75754fd7483db51a25d26a22e30f4ab745445d2
20220928.0,1017015.2940224699,ChiNext,NS 25%,16e3409dfe8376ad2b2c0d7cb75754fd7483db51a25d26a22e30f4ab745445d2
20220930.0,997247.4474491664,ChiNext,NS 25%,16e3409dfe8376ad2b2c0d7cb75754fd7483db51a25d26a22e30f4ab745445d2
20221010.0,1053350.1000238706,ChiNext,NS 25%,16e3409dfe8376ad2b2c0d7cb75754fd7483db51a25d26a22e30f4ab745445d2
20221011.0,1053350.1000238706,ChiNext,NS 25%,16e3409dfe8376ad2b2c0d7cb75754fd7483db51a25d26a22e30f4ab745445d2
20221012.0,1053350.1000238706,ChiNext,NS 25%,16e3409dfe8376ad2b2c0d7cb75754fd7483db51a25d26a22e30f4ab745445d2
20221013.0,1079550.1988511023,ChiNext,NS 25%,16e3409dfe8376ad2b2c0d7cb75754fd7483db51a25d26a22e30f4ab745445d2
20221014.0,1094626.993704318,ChiNext,NS 25%,16e3409dfe8376ad2b2c0d7cb75754fd7483db51a25d26a22e30f4ab745445d2
20221017.0,1104252.1723309685,ChiNext,NS 25%,16e3409dfe8376ad2b2c0d7cb75754fd7483db51a25d26a22e30f4ab745445d2
20221018.0,1113757.5282343435,ChiNext,NS 25%,16e3409dfe8376ad2b2c0d7cb75754fd7483db51a25d26a22e30f4ab745445d2
20221019.0,1101542.318369651,ChiNext,NS 25%,16e3409dfe8376ad2b2c0d7cb75754fd7483db51a25d26a22e30f4ab745445d2
20221020.0,1073174.6745332344,ChiNext,NS 25%,16e3409dfe8376ad2b2c0d7cb75754fd7483db51a25d26a22e30f4ab745445d2
20221021.0,1054340.7925056852,ChiNext,NS 25%,16e3409dfe8376ad2b2c0d7cb75754fd7483db51a25d26a22e30f4ab745445d2
20221024.0,1048461.8661006615,ChiNext,NS 25%,16e3409dfe8376ad2b2c0d7cb75754fd7483db51a25d26a22e30f4ab745445d2
20221025.0,1070777.6564679388,ChiNext,NS 25%,16e3409dfe8376ad2b2c0d7cb75754fd7483db51a25d26a22e30f4ab745445d2
20221026.0,1008900.6606837973,ChiNext,NS 25%,16e3409dfe8376ad2b2c0d7cb75754fd7483db51a25d26a22e30f4ab745445d2
20221027.0,999768.1380471017,ChiNext,NS 25%,16e3409dfe8376ad2b2c0d7cb75754fd7483db51a25d26a22e30f4ab745445d2
20221028.0,1002961.1092854631,ChiNext,NS 25%,16e3409dfe8376ad2b2c0d7cb75754fd7483db51a25d26a22e30f4ab745445d2
20221031.0,1042627.8478186459,ChiNext,NS 25%,16e3409dfe8376ad2b2c0d7cb75754fd7483db51a25d26a22e30f4ab745445d2
20221101.0,1042627.8478186459,ChiNext,NS 25%,16e3409dfe8376ad2b2c0d7cb75754fd7483db51a25d26a22e30f4ab745445d2
20221102.0,1042627.8478186459,ChiNext,NS 25%,16e3409dfe8376ad2b2c0d7cb75754fd7483db51a25d26a22e30f4ab745445d2
20221103.0,1042627.8478186459,ChiNext,NS 25%,16e3409dfe8376ad2b2c0d7cb75754fd7483db51a25d26a22e30f4ab745445d2
20221104.0,1042627.8478186459,ChiNext,NS 25%,16e3409dfe8376ad2b2c0d7cb75754fd7483db51a25d26a22e30f4ab745445d2
20221107.0,1048504.8182008945,ChiNext,NS 25%,16e3409dfe8376ad2b2c0d7cb75754fd7483db51a25d26a22e30f4ab745445d2
20221108.0,1048504.8182008945,ChiNext,NS 25%,16e3409dfe8376ad2b2c0d7cb75754fd7483db51a25d26a22e30f4ab745445d2
20221109.0,1033870.5826820727,ChiNext,NS 25%,16e3409dfe8376ad2b2c0d7cb75754fd7483db51a25d26a22e30f4ab745445d2
20221110.0,1027818.2225885428,ChiNext,NS 25%,16e3409dfe8376ad2b2c0d7cb75754fd7483db51a25d26a22e30f4ab745445d2
20221111.0,1032597.8403716136,ChiNext,NS 25%,16e3409dfe8376ad2b2c0d7cb75754fd7483db51a25d26a22e30f4ab745445d2
20221114.0,1056315.3026041249,ChiNext,NS 25%,16e3409dfe8376ad2b2c0d7cb75754fd7483db51a25d26a22e30f4ab745445d2
20221115.0,1048417.0053247992,ChiNext,NS 25%,16e3409dfe8376ad2b2c0d7cb75754fd7483db51a25d26a22e30f4ab745445d2
20221116.0,1035882.3788070597,ChiNext,NS 25%,16e3409dfe8376ad2b2c0d7cb75754fd7483db51a25d26a22e30f4ab745445d2
20221117.0,1005202.4908291808,ChiNext,NS 25%,16e3409dfe8376ad2b2c0d7cb75754fd7483db51a25d26a22e30f4ab745445d2
20221118.0,1046551.7921926519,ChiNext,NS 25%,16e3409dfe8376ad2b2c0d7cb75754fd7483db51a25d26a22e30f4ab745445d2
20221121.0,1044877.9687323631,ChiNext,NS 25%,16e3409dfe8376ad2b2c0d7cb75754fd7483db51a25d26a22e30f4ab745445d2
20221122.0,1060435.3679897634,ChiNext,NS 25%,16e3409dfe8376ad2b2c0d7cb75754fd7483db51a25d26a22e30f4ab745445d2
20221123.0,1068377.4163151924,ChiNext,NS 25%,16e3409dfe8376ad2b2c0d7cb75754fd7483db51a25d26a22e30f4ab745445d2
20221124.0,1022255.0901346874,ChiNext,NS 25%,16e3409dfe8376ad2b2c0d7cb75754fd7483db51a25d26a22e30f4ab745445d2
20221125.0,1026447.8255482294,ChiNext,NS 25%,16e3409dfe8376ad2b2c0d7cb75754fd7483db51a25d26a22e30f4ab745445d2
20221128.0,1046092.592470454,ChiNext,NS 25%,16e3409dfe8376ad2b2c0d7cb75754fd7483db51a25d26a22e30f4ab745445d2
20221129.0,1019204.0152165112,ChiNext,NS 25%,16e3409dfe8376ad2b2c0d7cb75754fd7483db51a25d26a22e30f4ab745445d2
20221130.0,1003341.3048844906,ChiNext,NS 25%,16e3409dfe8376ad2b2c0d7cb75754fd7483db51a25d26a22e30f4ab745445d2
20221201.0,999803.1570684644,ChiNext,NS 25%,16e3409dfe8376ad2b2c0d7cb75754fd7483db51a25d26a22e30f4ab745445d2
20221202.0,1002494.5852475977,ChiNext,NS 25%,16e3409dfe8376ad2b2c0d7cb75754fd7483db51a25d26a22e30f4ab745445d2
20221205.0,997599.9868554807,ChiNext,NS 25%,16e3409dfe8376ad2b2c0d7cb75754fd7483db51a25d26a22e30f4ab745445d2
20221206.0,994809.2867982617,ChiNext,NS 25%,16e3409dfe8376ad2b2c0d7cb75754fd7483db51a25d26a22e30f4ab745445d2
20221207.0,981927.4954204967,ChiNext,NS 25%,16e3409dfe8376ad2b2c0d7cb75754fd7483db51a25d26a22e30f4ab745445d2
20221208.0,985269.789334263,ChiNext,NS 25%,16e3409dfe8376ad2b2c0d7cb75754fd7483db51a25d26a22e30f4ab745445d2
20221209.0,980316.2656816071,ChiNext,NS 25%,16e3409dfe8376ad2b2c0d7cb75754fd7483db51a25d26a22e30f4ab745445d2
20221212.0,1022383.7476170774,ChiNext,NS 25%,16e3409dfe8376ad2b2c0d7cb75754fd7483db51a25d26a22e30f4ab745445d2
20221213.0,1024526.8819464215,ChiNext,NS 25%,16e3409dfe8376ad2b2c0d7cb75754fd7483db51a25d26a22e30f4ab745445d2
20221214.0,1024526.8819464215,ChiNext,NS 25%,16e3409dfe8376ad2b2c0d7cb75754fd7483db51a25d26a22e30f4ab745445d2
20221215.0,1024526.8819464215,ChiNext,NS 25%,16e3409dfe8376ad2b2c0d7cb75754fd7483db51a25d26a22e30f4ab745445d2
20221216.0,1024526.8819464215,ChiNext,NS 25%,16e3409dfe8376ad2b2c0d7cb75754fd7483db51a25d26a22e30f4ab745445d2
20221219.0,1024526.8819464215,ChiNext,NS 25%,16e3409dfe8376ad2b2c0d7cb75754fd7483db51a25d26a22e30f4ab745445d2
20221220.0,1004146.3717380146,ChiNext,NS 25%,16e3409dfe8376ad2b2c0d7cb75754fd7483db51a25d26a22e30f4ab745445d2
20221221.0,986132.8166385534,ChiNext,NS 25%,16e3409dfe8376ad2b2c0d7cb75754fd7483db51a25d26a22e30f4ab745445d2
20221222.0,981674.4813037236,ChiNext,NS 25%,16e3409dfe8376ad2b2c0d7cb75754fd7483db51a25d26a22e30f4ab745445d2
20221223.0,980702.0112198114,ChiNext,NS 25%,16e3409dfe8376ad2b2c0d7cb75754fd7483db51a25d26a22e30f4ab745445d2
20221226.0,994508.8861289328,ChiNext,NS 25%,16e3409dfe8376ad2b2c0d7cb75754fd7483db51a25d26a22e30f4ab745445d2
20221227.0,982974.8923136893,ChiNext,NS 25%,16e3409dfe8376ad2b2c0d7cb75754fd7483db51a25d26a22e30f4ab745445d2
20221228.0,973191.0481392255,ChiNext,NS 25%,16e3409dfe8376ad2b2c0d7cb75754fd7483db51a25d26a22e30f4ab745445d2
20221229.0,974248.8993220096,ChiNext,NS 25%,16e3409dfe8376ad2b2c0d7cb75754fd7483db51a25d26a22e30f4ab745445d2
20221230.0,1007064.0122735656,ChiNext,NS 25%,16e3409dfe8376ad2b2c0d7cb75754fd7483db51a25d26a22e30f4ab745445d2
20230103.0,968311.3799798132,ChiNext,NS 25%,16e3409dfe8376ad2b2c0d7cb75754fd7483db51a25d26a22e30f4ab745445d2
20230104.0,970400.543326947,ChiNext,NS 25%,16e3409dfe8376ad2b2c0d7cb75754fd7483db51a25d26a22e30f4ab745445d2
20230105.0,948406.8481509576,ChiNext,NS 25%,16e3409dfe8376ad2b2c0d7cb75754fd7483db51a25d26a22e30f4ab745445d2
20230106.0,975662.3339256438,ChiNext,NS 25%,16e3409dfe8376ad2b2c0d7cb75754fd7483db51a25d26a22e30f4ab745445d2
20230109.0,992790.1289364876,ChiNext,NS 25%,16e3409dfe8376ad2b2c0d7cb75754fd7483db51a25d26a22e30f4ab745445d2
20230110.0,965182.169862823,ChiNext,NS 25%,16e3409dfe8376ad2b2c0d7cb75754fd7483db51a25d26a22e30f4ab745445d2
20230111.0,962140.2239111852,ChiNext,NS 25%,16e3409dfe8376ad2b2c0d7cb75754fd7483db51a25d26a22e30f4ab745445d2
20230112.0,963342.8891696339,ChiNext,NS 25%,16e3409dfe8376ad2b2c0d7cb75754fd7483db51a25d26a22e30f4ab745445d2
20230113.0,969656.9353522168,ChiNext,NS 25%,16e3409dfe8376ad2b2c0d7cb75754fd7483db51a25d26a22e30f4ab745445d2
20230116.0,973359.0564601874,ChiNext,NS 25%,16e3409dfe8376ad2b2c0d7cb75754fd7483db51a25d26a22e30f4ab745445d2
20230117.0,978417.0334760032,ChiNext,NS 25%,16e3409dfe8376ad2b2c0d7cb75754fd7483db51a25d26a22e30f4ab745445d2
20230118.0,979123.7278486991,ChiNext,NS 25%,16e3409dfe8376ad2b2c0d7cb75754fd7483db51a25d26a22e30f4ab745445d2
20230119.0,982772.9094871294,ChiNext,NS 25%,16e3409dfe8376ad2b2c0d7cb75754fd7483db51a25d26a22e30f4ab745445d2
20230120.0,1010978.6770039522,ChiNext,NS 25%,16e3409dfe8376ad2b2c0d7cb75754fd7483db51a25d26a22e30f4ab745445d2
20230130.0,1010978.6770039522,ChiNext,NS 25%,16e3409dfe8376ad2b2c0d7cb75754fd7483db51a25d26a22e30f4ab745445d2
20230131.0,1044020.6468088243,ChiNext,NS 25%,16e3409dfe8376ad2b2c0d7cb75754fd7483db51a25d26a22e30f4ab745445d2
20230201.0,1088607.3221996583,ChiNext,NS 25%,16e3409dfe8376ad2b2c0d7cb75754fd7483db51a25d26a22e30f4ab745445d2
20230202.0,1067502.7301979994,ChiNext,NS 25%,16e3409dfe8376ad2b2c0d7cb75754fd7483db51a25d26a22e30f4ab745445d2
20230203.0,1076721.1349993825,ChiNext,NS 25%,16e3409dfe8376ad2b2c0d7cb75754fd7483db51a25d26a22e30f4ab745445d2
20230206.0,1062322.3449275342,ChiNext,NS 25%,16e3409dfe8376ad2b2c0d7cb75754fd7483db51a25d26a22e30f4ab745445d2
20230207.0,1046580.288424985,ChiNext,NS 25%,16e3409dfe8376ad2b2c0d7cb75754fd7483db51a25d26a22e30f4ab745445d2
20230208.0,1077326.1487451508,ChiNext,NS 25%,16e3409dfe8376ad2b2c0d7cb75754fd7483db51a25d26a22e30f4ab745445d2
20230209.0,1057428.2995143514,ChiNext,NS 25%,16e3409dfe8376ad2b2c0d7cb75754fd7483db51a25d26a22e30f4ab745445d2
20230210.0,1084430.0128238427,ChiNext,NS 25%,16e3409dfe8376ad2b2c0d7cb75754fd7483db51a25d26a22e30f4ab745445d2
20230213.0,1124321.5171936068,ChiNext,NS 25%,16e3409dfe8376ad2b2c0d7cb75754fd7483db51a25d26a22e30f4ab745445d2
20230214.0,1103647.7341954743,ChiNext,NS 25%,16e3409dfe8376ad2b2c0d7cb75754fd7483db51a25d26a22e30f4ab745445d2
20230215.0,1072655.1395584377,ChiNext,NS 25%,16e3409dfe8376ad2b2c0d7cb75754fd7483db51a25d26a22e30f4ab745445d2
20230216.0,1052976.7851463868,ChiNext,NS 25%,16e3409dfe8376ad2b2c0d7cb75754fd7483db51a25d26a22e30f4ab745445d2
20230217.0,1040663.8163285622,ChiNext,NS 25%,16e3409dfe8376ad2b2c0d7cb75754fd7483db51a25d26a22e30f4ab745445d2
20230220.0,1070465.6159444167,ChiNext,NS 25%,16e3409dfe8376ad2b2c0d7cb75754fd7483db51a25d26a22e30f4ab745445d2
20230221.0,1072480.3004438449,ChiNext,NS 25%,16e3409dfe8376ad2b2c0d7cb75754fd7483db51a25d26a22e30f4ab745445d2
20230222.0,1075477.8572051383,ChiNext,NS 25%,16e3409dfe8376ad2b2c0d7cb75754fd7483db51a25d26a22e30f4ab745445d2
20230223.0,1080040.8857159275,ChiNext,NS 25%,16e3409dfe8376ad2b2c0d7cb75754fd7483db51a25d26a22e30f4ab745445d2
20230224.0,1099330.789846823,ChiNext,NS 25%,16e3409dfe8376ad2b2c0d7cb75754fd7483db51a25d26a22e30f4ab745445d2
20230227.0,1136242.3849377432,ChiNext,NS 25%,16e3409dfe8376ad2b2c0d7cb75754fd7483db51a25d26a22e30f4ab745445d2
20230228.0,1163141.2202437348,ChiNext,NS 25%,16e3409dfe8376ad2b2c0d7cb75754fd7483db51a25d26a22e30f4ab745445d2
20230301.0,1172865.7015191528,ChiNext,NS 25%,16e3409dfe8376ad2b2c0d7cb75754fd7483db51a25d26a22e30f4ab745445d2
20230302.0,1142362.7387095888,ChiNext,NS 25%,16e3409dfe8376ad2b2c0d7cb75754fd7483db51a25d26a22e30f4ab745445d2
20230303.0,1142362.7387095888,ChiNext,NS 25%,16e3409dfe8376ad2b2c0d7cb75754fd7483db51a25d26a22e30f4ab745445d2
20211207.0,1000000.0,ChiNext,NS 50%,16e3409dfe8376ad2b2c0d7cb75754fd7483db51a25d26a22e30f4ab745445d2
20211208.0,1000000.0,ChiNext,NS 50%,16e3409dfe8376ad2b2c0d7cb75754fd7483db51a25d26a22e30f4ab745445d2
20211209.0,1051048.9449498423,ChiNext,NS 50%,16e3409dfe8376ad2b2c0d7cb75754fd7483db51a25d26a22e30f4ab745445d2
20211210.0,1042034.4898316344,ChiNext,NS 50%,16e3409dfe8376ad2b2c0d7cb75754fd7483db51a25d26a22e30f4ab745445d2
20211213.0,1042034.4898316344,ChiNext,NS 50%,16e3409dfe8376ad2b2c0d7cb75754fd7483db51a25d26a22e30f4ab745445d2
20211214.0,1048255.3218989996,ChiNext,NS 50%,16e3409dfe8376ad2b2c0d7cb75754fd7483db51a25d26a22e30f4ab745445d2
20211215.0,1059054.7937255017,ChiNext,NS 50%,16e3409dfe8376ad2b2c0d7cb75754fd7483db51a25d26a22e30f4ab745445d2
20211216.0,1067461.845724249,ChiNext,NS 50%,16e3409dfe8376ad2b2c0d7cb75754fd7483db51a25d26a22e30f4ab745445d2
20211217.0,1124255.373134423,ChiNext,NS 50%,16e3409dfe8376ad2b2c0d7cb75754fd7483db51a25d26a22e30f4ab745445d2
20211220.0,1176211.8656747248,ChiNext,NS 50%,16e3409dfe8376ad2b2c0d7cb75754fd7483db51a25d26a22e30f4ab745445d2
20211221.0,1176211.8656747248,ChiNext,NS 50%,16e3409dfe8376ad2b2c0d7cb75754fd7483db51a25d26a22e30f4ab745445d2
20211222.0,1176211.8656747248,ChiNext,NS 50%,16e3409dfe8376ad2b2c0d7cb75754fd7483db51a25d26a22e30f4ab745445d2
20211223.0,1169636.2978511557,ChiNext,NS 50%,16e3409dfe8376ad2b2c0d7cb75754fd7483db51a25d26a22e30f4ab745445d2
20211224.0,1184745.3047097037,ChiNext,NS 50%,16e3409dfe8376ad2b2c0d7cb75754fd7483db51a25d26a22e30f4ab745445d2
20211227.0,1195236.6320335139,ChiNext,NS 50%,16e3409dfe8376ad2b2c0d7cb75754fd7483db51a25d26a22e30f4ab745445d2
20211228.0,1183585.1018977384,ChiNext,NS 50%,16e3409dfe8376ad2b2c0d7cb75754fd7483db51a25d26a22e30f4ab745445d2
20211229.0,1193212.5702164886,ChiNext,NS 50%,16e3409dfe8376ad2b2c0d7cb75754fd7483db51a25d26a22e30f4ab745445d2
20211230.0,1193212.5702164886,ChiNext,NS 50%,16e3409dfe8376ad2b2c0d7cb75754fd7483db51a25d26a22e30f4ab745445d2
20211231.0,1098454.3223887426,ChiNext,NS 50%,16e3409dfe8376ad2b2c0d7cb75754fd7483db51a25d26a22e30f4ab745445d2
20220104.0,1098454.3223887426,ChiNext,NS 50%,16e3409dfe8376ad2b2c0d7cb75754fd7483db51a25d26a22e30f4ab745445d2
20220105.0,1098454.3223887426,ChiNext,NS 50%,16e3409dfe8376ad2b2c0d7cb75754fd7483db51a25d26a22e30f4ab745445d2
20220106.0,1098454.3223887426,ChiNext,NS 50%,16e3409dfe8376ad2b2c0d7cb75754fd7483db51a25d26a22e30f4ab745445d2
20220107.0,1112327.3765208363,ChiNext,NS 50%,16e3409dfe8376ad2b2c0d7cb75754fd7483db51a25d26a22e30f4ab745445d2
20220110.0,1068675.498792997,ChiNext,NS 50%,16e3409dfe8376ad2b2c0d7cb75754fd7483db51a25d26a22e30f4ab745445d2
20220111.0,1053387.738810925,ChiNext,NS 50%,16e3409dfe8376ad2b2c0d7cb75754fd7483db51a25d26a22e30f4ab745445d2
20220112.0,1055238.7679471117,ChiNext,NS 50%,16e3409dfe8376ad2b2c0d7cb75754fd7483db51a25d26a22e30f4ab745445d2
20220113.0,1043465.2297024132,ChiNext,NS 50%,16e3409dfe8376ad2b2c0d7cb75754fd7483db51a25d26a22e30f4ab745445d2
20220114.0,1048180.2517251186,ChiNext,NS 50%,16e3409dfe8376ad2b2c0d7cb75754fd7483db51a25d26a22e30f4ab745445d2
20220117.0,1028664.0688371749,ChiNext,NS 50%,16e3409dfe8376ad2b2c0d7cb75754fd7483db51a25d26a22e30f4ab745445d2
20220118.0,1028664.0688371749,ChiNext,NS 50%,16e3409dfe8376ad2b2c0d7cb75754fd7483db51a25d26a22e30f4ab745445d2
20220119.0,1028664.0688371749,ChiNext,NS 50%,16e3409dfe8376ad2b2c0d7cb75754fd7483db51a25d26a22e30f4ab745445d2
20220120.0,999845.4534800265,ChiNext,NS 50%,16e3409dfe8376ad2b2c0d7cb75754fd7483db51a25d26a22e30f4ab745445d2
20220121.0,1047656.2150502036,ChiNext,NS 50%,16e3409dfe8376ad2b2c0d7cb75754fd7483db51a25d26a22e30f4ab745445d2
20220124.0,1019578.7745009795,ChiNext,NS 50%,16e3409dfe8376ad2b2c0d7cb75754fd7483db51a25d26a22e30f4ab745445d2
20220125.0,1000602.1917418792,ChiNext,NS 50%,16e3409dfe8376ad2b2c0d7cb75754fd7483db51a25d26a22e30f4ab745445d2
20220126.0,1000602.1917418792,ChiNext,NS 50%,16e3409dfe8376ad2b2c0d7cb75754fd7483db51a25d26a22e30f4ab745445d2
20220127.0,1000602.1917418792,ChiNext,NS 50%,16e3409dfe8376ad2b2c0d7cb75754fd7483db51a25d26a22e30f4ab745445d2
20220128.0,1000602.1917418792,ChiNext,NS 50%,16e3409dfe8376ad2b2c0d7cb75754fd7483db51a25d26a22e30f4ab745445d2
20220207.0,976100.6907318735,ChiNext,NS 50%,16e3409dfe8376ad2b2c0d7cb75754fd7483db51a25d26a22e30f4ab745445d2
20220208.0,976100.6907318735,ChiNext,NS 50%,16e3409dfe8376ad2b2c0d7cb75754fd7483db51a25d26a22e30f4ab745445d2
20220209.0,961188.5782530267,ChiNext,NS 50%,16e3409dfe8376ad2b2c0d7cb75754fd7483db51a25d26a22e30f4ab745445d2
20220210.0,934755.9402909941,ChiNext,NS 50%,16e3409dfe8376ad2b2c0d7cb75754fd7483db51a25d26a22e30f4ab745445d2
20220216.0,991580.0278952817,ChiNext,NS 50%,16e3409dfe8376ad2b2c0d7cb75754fd7483db51a25d26a22e30f4ab745445d2
20220217.0,969796.5710919857,ChiNext,NS 50%,16e3409dfe8376ad2b2c0d7cb75754fd7483db51a25d26a22e30f4ab745445d2
20220218.0,956970.149488644,ChiNext,NS 50%,16e3409dfe8376ad2b2c0d7cb75754fd7483db51a25d26a22e30f4ab745445d2
20220221.0,946265.4194463476,ChiNext,NS 50%,16e3409dfe8376ad2b2c0d7cb75754fd7483db51a25d26a22e30f4ab745445d2
20220222.0,969962.4152641568,ChiNext,NS 50%,16e3409dfe8376ad2b2c0d7cb75754fd7483db51a25d26a22e30f4ab745445d2
20220223.0,969962.4152641568,ChiNext,NS 50%,16e3409dfe8376ad2b2c0d7cb75754fd7483db51a25d26a22e30f4ab745445d2
20220224.0,981064.3437260935,ChiNext,NS 50%,16e3409dfe8376ad2b2c0d7cb75754fd7483db51a25d26a22e30f4ab745445d2
20220225.0,981064.3437260935,ChiNext,NS 50%,16e3409dfe8376ad2b2c0d7cb75754fd7483db51a25d26a22e30f4ab745445d2
20220228.0,981064.3437260935,ChiNext,NS 50%,16e3409dfe8376ad2b2c0d7cb75754fd7483db51a25d26a22e30f4ab745445d2
20220301.0,972930.6108264754,ChiNext,NS 50%,16e3409dfe8376ad2b2c0d7cb75754fd7483db51a25d26a22e30f4ab745445d2
20220302.0,961416.0156507061,ChiNext,NS 50%,16e3409dfe8376ad2b2c0d7cb75754fd7483db51a25d26a22e30f4ab745445d2
20220303.0,941701.6808728046,ChiNext,NS 50%,16e3409dfe8376ad2b2c0d7cb75754fd7483db51a25d26a22e30f4ab745445d2
20220304.0,909866.9809144931,ChiNext,NS 50%,16e3409dfe8376ad2b2c0d7cb75754fd7483db51a25d26a22e30f4ab745445d2
20220307.0,909866.9809144931,ChiNext,NS 50%,16e3409dfe8376ad2b2c0d7cb75754fd7483db51a25d26a22e30f4ab745445d2
20220308.0,926833.5008015038,ChiNext,NS 50%,16e3409dfe8376ad2b2c0d7cb75754fd7483db51a25d26a22e30f4ab745445d2
20220309.0,883018.3131711239,ChiNext,NS 50%,16e3409dfe8376ad2b2c0d7cb75754fd7483db51a25d26a22e30f4ab745445d2
20220310.0,884244.186566408,ChiNext,NS 50%,16e3409dfe8376ad2b2c0d7cb75754fd7483db51a25d26a22e30f4ab745445d2
20220311.0,818709.3292639989,ChiNext,NS 50%,16e3409dfe8376ad2b2c0d7cb75754fd7483db51a25d26a22e30f4ab745445d2
20220314.0,823317.3198791418,ChiNext,NS 50%,16e3409dfe8376ad2b2c0d7cb75754fd7483db51a25d26a22e30f4ab745445d2
20220315.0,875994.1564253512,ChiNext,NS 50%,16e3409dfe8376ad2b2c0d7cb75754fd7483db51a25d26a22e30f4ab745445d2
20220316.0,875994.1564253512,ChiNext,NS 50%,16e3409dfe8376ad2b2c0d7cb75754fd7483db51a25d26a22e30f4ab745445d2
20220317.0,973872.8640811187,ChiNext,NS 50%,16e3409dfe8376ad2b2c0d7cb75754fd7483db51a25d26a22e30f4ab745445d2
20220318.0,1003370.6550123871,ChiNext,NS 50%,16e3409dfe8376ad2b2c0d7cb75754fd7483db51a25d26a22e30f4ab745445d2
20220321.0,999904.4013833071,ChiNext,NS 50%,16e3409dfe8376ad2b2c0d7cb75754fd7483db51a25d26a22e30f4ab745445d2
20220322.0,1023008.5809637208,ChiNext,NS 50%,16e3409dfe8376ad2b2c0d7cb75754fd7483db51a25d26a22e30f4ab745445d2
20220323.0,1057875.0459525269,ChiNext,NS 50%,16e3409dfe8376ad2b2c0d7cb75754fd7483db51a25d26a22e30f4ab745445d2
20220324.0,1057875.0459525269,ChiNext,NS 50%,16e3409dfe8376ad2b2c0d7cb75754fd7483db51a25d26a22e30f4ab745445d2
20220325.0,1058672.4584867873,ChiNext,NS 50%,16e3409dfe8376ad2b2c0d7cb75754fd7483db51a25d26a22e30f4ab745445d2
20220328.0,1069317.1244731634,ChiNext,NS 50%,16e3409dfe8376ad2b2c0d7cb75754fd7483db51a25d26a22e30f4ab745445d2
20220329.0,1093071.9167022093,ChiNext,NS 50%,16e3409dfe8376ad2b2c0d7cb75754fd7483db51a25d26a22e30f4ab745445d2
20220330.0,1093071.9167022093,ChiNext,NS 50%,16e3409dfe8376ad2b2c0d7cb75754fd7483db51a25d26a22e30f4ab745445d2
20220331.0,1178400.498063376,ChiNext,NS 50%,16e3409dfe8376ad2b2c0d7cb75754fd7483db51a25d26a22e30f4ab745445d2
20220401.0,1145046.566194122,ChiNext,NS 50%,16e3409dfe8376ad2b2c0d7cb75754fd7483db51a25d26a22e30f4ab745445d2
20220406.0,1145046.566194122,ChiNext,NS 50%,16e3409dfe8376ad2b2c0d7cb75754fd7483db51a25d26a22e30f4ab745445d2
20220407.0,1145046.566194122,ChiNext,NS 50%,16e3409dfe8376ad2b2c0d7cb75754fd7483db51a25d26a22e30f4ab745445d2
20220408.0,1116994.3174083815,ChiNext,NS 50%,16e3409dfe8376ad2b2c0d7cb75754fd7483db51a25d26a22e30f4ab745445d2
20220411.0,1119335.7343811733,ChiNext,NS 50%,16e3409dfe8376ad2b2c0d7cb75754fd7483db51a25d26a22e30f4ab745445d2
20220412.0,1081454.5277872826,ChiNext,NS 50%,16e3409dfe8376ad2b2c0d7cb75754fd7483db51a25d26a22e30f4ab745445d2
20220413.0,1081454.5277872826,ChiNext,NS 50%,16e3409dfe8376ad2b2c0d7cb75754fd7483db51a25d26a22e30f4ab745445d2
20220414.0,1059126.0911711834,ChiNext,NS 50%,16e3409dfe8376ad2b2c0d7cb75754fd7483db51a25d26a22e30f4ab745445d2
20220415.0,1097789.203803049,ChiNext,NS 50%,16e3409dfe8376ad2b2c0d7cb75754fd7483db51a25d26a22e30f4ab745445d2
20220418.0,1069248.5997887335,ChiNext,NS 50%,16e3409dfe8376ad2b2c0d7cb75754fd7483db51a25d26a22e30f4ab745445d2
20220419.0,1053071.9698811031,ChiNext,NS 50%,16e3409dfe8376ad2b2c0d7cb75754fd7483db51a25d26a22e30f4ab745445d2
20220420.0,1014208.3519326348,ChiNext,NS 50%,16e3409dfe8376ad2b2c0d7cb75754fd7483db51a25d26a22e30f4ab745445d2
20220421.0,1012271.6033201112,ChiNext,NS 50%,16e3409dfe8376ad2b2c0d7cb75754fd7483db51a25d26a22e30f4ab745445d2
20220422.0,917641.0642025763,ChiNext,NS 50%,16e3409dfe8376ad2b2c0d7cb75754fd7483db51a25d26a22e30f4ab745445d2
20220425.0,899647.8858550588,ChiNext,NS 50%,16e3409dfe8376ad2b2c0d7cb75754fd7483db51a25d26a22e30f4ab745445d2
20220426.0,941381.6457464007,ChiNext,NS 50%,16e3409dfe8376ad2b2c0d7cb75754fd7483db51a25d26a22e30f4ab745445d2
20220427.0,937474.7050069565,ChiNext,NS 50%,16e3409dfe8376ad2b2c0d7cb75754fd7483db51a25d26a22e30f4ab745445d2
20220428.0,970599.246334804,ChiNext,NS 50%,16e3409dfe8376ad2b2c0d7cb75754fd7483db51a25d26a22e30f4ab745445d2
20220429.0,959811.8079703331,ChiNext,NS 50%,16e3409dfe8376ad2b2c0d7cb75754fd7483db51a25d26a22e30f4ab745445d2
20220505.0,959811.8079703331,ChiNext,NS 50%,16e3409dfe8376ad2b2c0d7cb75754fd7483db51a25d26a22e30f4ab745445d2
20220506.0,978776.4944790555,ChiNext,NS 50%,16e3409dfe8376ad2b2c0d7cb75754fd7483db51a25d26a22e30f4ab745445d2
20220509.0,982297.2830279778,ChiNext,NS 50%,16e3409dfe8376ad2b2c0d7cb75754fd7483db51a25d26a22e30f4ab745445d2
20220510.0,982297.2830279778,ChiNext,NS 50%,16e3409dfe8376ad2b2c0d7cb75754fd7483db51a25d26a22e30f4ab745445d2
20220511.0,982297.2830279778,ChiNext,NS 50%,16e3409dfe8376ad2b2c0d7cb75754fd7483db51a25d26a22e30f4ab745445d2
20220512.0,981998.3701056059,ChiNext,NS 50%,16e3409dfe8376ad2b2c0d7cb75754fd7483db51a25d26a22e30f4ab745445d2
20220513.0,981998.3701056059,ChiNext,NS 50%,16e3409dfe8376ad2b2c0d7cb75754fd7483db51a25d26a22e30f4ab745445d2
20220516.0,981998.3701056059,ChiNext,NS 50%,16e3409dfe8376ad2b2c0d7cb75754fd7483db51a25d26a22e30f4ab745445d2
20220517.0,974080.2152721088,ChiNext,NS 50%,16e3409dfe8376ad2b2c0d7cb75754fd7483db51a25d26a22e30f4ab745445d2
20220518.0,976405.9468798982,ChiNext,NS 50%,16e3409dfe8376ad2b2c0d7cb75754fd7483db51a25d26a22e30f4ab745445d2
20220519.0,1069920.745881506,ChiNext,NS 50%,16e3409dfe8376ad2b2c0d7cb75754fd7483db51a25d26a22e30f4ab745445d2
20220520.0,1054581.5258039094,ChiNext,NS 50%,16e3409dfe8376ad2b2c0d7cb75754fd7483db51a25d26a22e30f4ab745445d2
20220523.0,1054581.5258039094,ChiNext,NS 50%,16e3409dfe8376ad2b2c0d7cb75754fd7483db51a25d26a22e30f4ab745445d2
20220524.0,1054581.5258039094,ChiNext,NS 50%,16e3409dfe8376ad2b2c0d7cb75754fd7483db51a25d26a22e30f4ab745445d2
20220525.0,1054581.5258039094,ChiNext,NS 50%,16e3409dfe8376ad2b2c0d7cb75754fd7483db51a25d26a22e30f4ab745445d2
20220526.0,1063237.9472492666,ChiNext,NS 50%,16e3409dfe8376ad2b2c0d7cb75754fd7483db51a25d26a22e30f4ab745445d2
20220527.0,1068192.0161575442,ChiNext,NS 50%,16e3409dfe8376ad2b2c0d7cb75754fd7483db51a25d26a22e30f4ab745445d2
20220530.0,1104125.9102235623,ChiNext,NS 50%,16e3409dfe8376ad2b2c0d7cb75754fd7483db51a25d26a22e30f4ab745445d2
20220531.0,1104125.9102235623,ChiNext,NS 50%,16e3409dfe8376ad2b2c0d7cb75754fd7483db51a25d26a22e30f4ab745445d2
20220601.0,1160127.1243386099,ChiNext,NS 50%,16e3409dfe8376ad2b2c0d7cb75754fd7483db51a25d26a22e30f4ab745445d2
20220602.0,1160127.1243386099,ChiNext,NS 50%,16e3409dfe8376ad2b2c0d7cb75754fd7483db51a25d26a22e30f4ab745445d2
20220606.0,1160127.1243386099,ChiNext,NS 50%,16e3409dfe8376ad2b2c0d7cb75754fd7483db51a25d26a22e30f4ab745445d2
20220607.0,1160127.1243386099,ChiNext,NS 50%,16e3409dfe8376ad2b2c0d7cb75754fd7483db51a25d26a22e30f4ab745445d2
20220608.0,1111892.2105507627,ChiNext,NS 50%,16e3409dfe8376ad2b2c0d7cb75754fd7483db51a25d26a22e30f4ab745445d2
20220609.0,1162992.313434351,ChiNext,NS 50%,16e3409dfe8376ad2b2c0d7cb75754fd7483db51a25d26a22e30f4ab745445d2
20220610.0,1162992.313434351,ChiNext,NS 50%,16e3409dfe8376ad2b2c0d7cb75754fd7483db51a25d26a22e30f4ab745445d2
20220613.0,1184662.1829757257,ChiNext,NS 50%,16e3409dfe8376ad2b2c0d7cb75754fd7483db51a25d26a22e30f4ab745445d2
20220614.0,1136319.228238171,ChiNext,NS 50%,16e3409dfe8376ad2b2c0d7cb75754fd7483db51a25d26a22e30f4ab745445d2
20220615.0,1136319.228238171,ChiNext,NS 50%,16e3409dfe8376ad2b2c0d7cb75754fd7483db51a25d26a22e30f4ab745445d2
20220616.0,1136319.228238171,ChiNext,NS 50%,16e3409dfe8376ad2b2c0d7cb75754fd7483db51a25d26a22e30f4ab745445d2
20220617.0,1181122.600971061,ChiNext,NS 50%,16e3409dfe8376ad2b2c0d7cb75754fd7483db51a25d26a22e30f4ab745445d2
20220620.0,1169705.7486648913,ChiNext,NS 50%,16e3409dfe8376ad2b2c0d7cb75754fd7483db51a25d26a22e30f4ab745445d2
20220621.0,1190081.9664987202,ChiNext,NS 50%,16e3409dfe8376ad2b2c0d7cb75754fd7483db51a25d26a22e30f4ab745445d2
20220622.0,1219741.144493822,ChiNext,NS 50%,16e3409dfe8376ad2b2c0d7cb75754fd7483db51a25d26a22e30f4ab745445d2
20220623.0,1202380.198158716,ChiNext,NS 50%,16e3409dfe8376ad2b2c0d7cb75754fd7483db51a25d26a22e30f4ab745445d2
20220624.0,1200206.820744555,ChiNext,NS 50%,16e3409dfe8376ad2b2c0d7cb75754fd7483db51a25d26a22e30f4ab745445d2
20220627.0,1223473.2371139214,ChiNext,NS 50%,16e3409dfe8376ad2b2c0d7cb75754fd7483db51a25d26a22e30f4ab745445d2
20220628.0,1157664.6008065597,ChiNext,NS 50%,16e3409dfe8376ad2b2c0d7cb75754fd7483db51a25d26a22e30f4ab745445d2
20220629.0,1201336.6921801139,ChiNext,NS 50%,16e3409dfe8376ad2b2c0d7cb75754fd7483db51a25d26a22e30f4ab745445d2
20220630.0,1196964.0867749439,ChiNext,NS 50%,16e3409dfe8376ad2b2c0d7cb75754fd7483db51a25d26a22e30f4ab745445d2
20220701.0,1196964.0867749439,ChiNext,NS 50%,16e3409dfe8376ad2b2c0d7cb75754fd7483db51a25d26a22e30f4ab745445d2
20220704.0,1196964.0867749439,ChiNext,NS 50%,16e3409dfe8376ad2b2c0d7cb75754fd7483db51a25d26a22e30f4ab745445d2
20220705.0,1196964.0867749439,ChiNext,NS 50%,16e3409dfe8376ad2b2c0d7cb75754fd7483db51a25d26a22e30f4ab745445d2
20220706.0,1201689.8483241717,ChiNext,NS 50%,16e3409dfe8376ad2b2c0d7cb75754fd7483db51a25d26a22e30f4ab745445d2
20220707.0,1226466.4045062237,ChiNext,NS 50%,16e3409dfe8376ad2b2c0d7cb75754fd7483db51a25d26a22e30f4ab745445d2
20220708.0,1226466.4045062237,ChiNext,NS 50%,16e3409dfe8376ad2b2c0d7cb75754fd7483db51a25d26a22e30f4ab745445d2
20220711.0,1226466.4045062237,ChiNext,NS 50%,16e3409dfe8376ad2b2c0d7cb75754fd7483db51a25d26a22e30f4ab745445d2
20220712.0,1226466.4045062237,ChiNext,NS 50%,16e3409dfe8376ad2b2c0d7cb75754fd7483db51a25d26a22e30f4ab745445d2
20220713.0,1256377.8610324205,ChiNext,NS 50%,16e3409dfe8376ad2b2c0d7cb75754fd7483db51a25d26a22e30f4ab745445d2
20220714.0,1233988.6313617947,ChiNext,NS 50%,16e3409dfe8376ad2b2c0d7cb75754fd7483db51a25d26a22e30f4ab745445d2
20220715.0,1285915.3057367606,ChiNext,NS 50%,16e3409dfe8376ad2b2c0d7cb75754fd7483db51a25d26a22e30f4ab745445d2
20220718.0,1257714.471438338,ChiNext,NS 50%,16e3409dfe8376ad2b2c0d7cb75754fd7483db51a25d26a22e30f4ab745445d2
20220719.0,1257714.471438338,ChiNext,NS 50%,16e3409dfe8376ad2b2c0d7cb75754fd7483db51a25d26a22e30f4ab745445d2
20220720.0,1257714.471438338,ChiNext,NS 50%,16e3409dfe8376ad2b2c0d7cb75754fd7483db51a25d26a22e30f4ab745445d2
20220721.0,1234380.2155543892,ChiNext,NS 50%,16e3409dfe8376ad2b2c0d7cb75754fd7483db51a25d26a22e30f4ab745445d2
20220722.0,1244216.8305625238,ChiNext,NS 50%,16e3409dfe8376ad2b2c0d7cb75754fd7483db51a25d26a22e30f4ab745445d2
20220725.0,1279814.3432507887,ChiNext,NS 50%,16e3409dfe8376ad2b2c0d7cb75754fd7483db51a25d26a22e30f4ab745445d2
20220726.0,1257685.9366461749,ChiNext,NS 50%,16e3409dfe8376ad2b2c0d7cb75754fd7483db51a25d26a22e30f4ab745445d2
20220727.0,1256072.4712264256,ChiNext,NS 50%,16e3409dfe8376ad2b2c0d7cb75754fd7483db51a25d26a22e30f4ab745445d2
20220728.0,1234783.176863486,ChiNext,NS 50%,16e3409dfe8376ad2b2c0d7cb75754fd7483db51a25d26a22e30f4ab745445d2
20220729.0,1248779.961949821,ChiNext,NS 50%,16e3409dfe8376ad2b2c0d7cb75754fd7483db51a25d26a22e30f4ab745445d2
20220801.0,1221543.6380182633,ChiNext,NS 50%,16e3409dfe8376ad2b2c0d7cb75754fd7483db51a25d26a22e30f4ab745445d2
20220802.0,1159588.1769028986,ChiNext,NS 50%,16e3409dfe8376ad2b2c0d7cb75754fd7483db51a25d26a22e30f4ab745445d2
20220803.0,1196659.9533933578,ChiNext,NS 50%,16e3409dfe8376ad2b2c0d7cb75754fd7483db51a25d26a22e30f4ab745445d2
20220804.0,1212790.1840450778,ChiNext,NS 50%,16e3409dfe8376ad2b2c0d7cb75754fd7483db51a25d26a22e30f4ab745445d2
20220805.0,1233710.7442004443,ChiNext,NS 50%,16e3409dfe8376ad2b2c0d7cb75754fd7483db51a25d26a22e30f4ab745445d2
20220808.0,1226334.7159670605,ChiNext,NS 50%,16e3409dfe8376ad2b2c0d7cb75754fd7483db51a25d26a22e30f4ab745445d2
20220809.0,1202633.1875251478,ChiNext,NS 50%,16e3409dfe8376ad2b2c0d7cb75754fd7483db51a25d26a22e30f4ab745445d2
20220810.0,1220711.8041144689,ChiNext,NS 50%,16e3409dfe8376ad2b2c0d7cb75754fd7483db51a25d26a22e30f4ab745445d2
20220811.0,1204561.531973238,ChiNext,NS 50%,16e3409dfe8376ad2b2c0d7cb75754fd7483db51a25d26a22e30f4ab745445d2
20220812.0,1227410.41278676,ChiNext,NS 50%,16e3409dfe8376ad2b2c0d7cb75754fd7483db51a25d26a22e30f4ab745445d2
20220815.0,1194121.5840960874,ChiNext,NS 50%,16e3409dfe8376ad2b2c0d7cb75754fd7483db51a25d26a22e30f4ab745445d2
20220816.0,1145415.4656479603,ChiNext,NS 50%,16e3409dfe8376ad2b2c0d7cb75754fd7483db51a25d26a22e30f4ab745445d2
20220817.0,1140521.2621842015,ChiNext,NS 50%,16e3409dfe8376ad2b2c0d7cb75754fd7483db51a25d26a22e30f4ab745445d2
20220818.0,1101766.3032301636,ChiNext,NS 50%,16e3409dfe8376ad2b2c0d7cb75754fd7483db51a25d26a22e30f4ab745445d2
20220819.0,1125480.970428271,ChiNext,NS 50%,16e3409dfe8376ad2b2c0d7cb75754fd7483db51a25d26a22e30f4ab745445d2
20220822.0,1125480.970428271,ChiNext,NS 50%,16e3409dfe8376ad2b2c0d7cb75754fd7483db51a25d26a22e30f4ab745445d2
20220823.0,1125480.970428271,ChiNext,NS 50%,16e3409dfe8376ad2b2c0d7cb75754fd7483db51a25d26a22e30f4ab745445d2
20220824.0,1125480.970428271,ChiNext,NS 50%,16e3409dfe8376ad2b2c0d7cb75754fd7483db51a25d26a22e30f4ab745445d2
20220825.0,1103806.4032139545,ChiNext,NS 50%,16e3409dfe8376ad2b2c0d7cb75754fd7483db51a25d26a22e30f4ab745445d2
20220826.0,1074475.9200787353,ChiNext,NS 50%,16e3409dfe8376ad2b2c0d7cb75754fd7483db51a25d26a22e30f4ab745445d2
20220829.0,1074475.9200787353,ChiNext,NS 50%,16e3409dfe8376ad2b2c0d7cb75754fd7483db51a25d26a22e30f4ab745445d2
20220830.0,1055413.3758967062,ChiNext,NS 50%,16e3409dfe8376ad2b2c0d7cb75754fd7483db51a25d26a22e30f4ab745445d2
20220831.0,1044233.2386677022,ChiNext,NS 50%,16e3409dfe8376ad2b2c0d7cb75754fd7483db51a25d26a22e30f4ab745445d2
20220901.0,1026515.5045218186,ChiNext,NS 50%,16e3409dfe8376ad2b2c0d7cb75754fd7483db51a25d26a22e30f4ab745445d2
20220902.0,1023275.7532769043,ChiNext,NS 50%,16e3409dfe8376ad2b2c0d7cb75754fd7483db51a25d26a22e30f4ab745445d2
20220905.0,1045026.4487742488,ChiNext,NS 50%,16e3409dfe8376ad2b2c0d7cb75754fd7483db51a25d26a22e30f4ab745445d2
20220906.0,1074873.7899470578,ChiNext,NS 50%,16e3409dfe8376ad2b2c0d7cb75754fd7483db51a25d26a22e30f4ab745445d2
20220907.0,1062476.085859632,ChiNext,NS 50%,16e3409dfe8376ad2b2c0d7cb75754fd7483db51a25d26a22e30f4ab745445d2
20220908.0,1040815.4508599796,ChiNext,NS 50%,16e3409dfe8376ad2b2c0d7cb75754fd7483db51a25d26a22e30f4ab745445d2
20220909.0,1037334.4388836239,ChiNext,NS 50%,16e3409dfe8376ad2b2c0d7cb75754fd7483db51a25d26a22e30f4ab745445d2
20220913.0,1028179.9778309155,ChiNext,NS 50%,16e3409dfe8376ad2b2c0d7cb75754fd7483db51a25d26a22e30f4ab745445d2
20220914.0,1026578.4513057412,ChiNext,NS 50%,16e3409dfe8376ad2b2c0d7cb75754fd7483db51a25d26a22e30f4ab745445d2
20220915.0,1049060.7071213345,ChiNext,NS 50%,16e3409dfe8376ad2b2c0d7cb75754fd7483db51a25d26a22e30f4ab745445d2
20220916.0,1049060.7071213345,ChiNext,NS 50%,16e3409dfe8376ad2b2c0d7cb75754fd7483db51a25d26a22e30f4ab745445d2
20220919.0,1035317.0082392968,ChiNext,NS 50%,16e3409dfe8376ad2b2c0d7cb75754fd7483db51a25d26a22e30f4ab745445d2
20220920.0,1029212.6081571886,ChiNext,NS 50%,16e3409dfe8376ad2b2c0d7cb75754fd7483db51a25d26a22e30f4ab745445d2
20220921.0,1043904.6298859221,ChiNext,NS 50%,16e3409dfe8376ad2b2c0d7cb75754fd7483db51a25d26a22e30f4ab745445d2
20220922.0,989998.3715918353,ChiNext,NS 50%,16e3409dfe8376ad2b2c0d7cb75754fd7483db51a25d26a22e30f4ab745445d2
20220923.0,990510.1360169557,ChiNext,NS 50%,16e3409dfe8376ad2b2c0d7cb75754fd7483db51a25d26a22e30f4ab745445d2
20220926.0,1019193.2492393883,ChiNext,NS 50%,16e3409dfe8376ad2b2c0d7cb75754fd7483db51a25d26a22e30f4ab745445d2
20220927.0,982808.4073952835,ChiNext,NS 50%,16e3409dfe8376ad2b2c0d7cb75754fd7483db51a25d26a22e30f4ab745445d2
20220928.0,998807.0911615979,ChiNext,NS 50%,16e3409dfe8376ad2b2c0d7cb75754fd7483db51a25d26a22e30f4ab745445d2
20220930.0,979261.3963173473,ChiNext,NS 50%,16e3409dfe8376ad2b2c0d7cb75754fd7483db51a25d26a22e30f4ab745445d2
20221010.0,1065318.9147863407,ChiNext,NS 50%,16e3409dfe8376ad2b2c0d7cb75754fd7483db51a25d26a22e30f4ab745445d2
20221011.0,1065318.9147863407,ChiNext,NS 50%,16e3409dfe8376ad2b2c0d7cb75754fd7483db51a25d26a22e30f4ab745445d2
20221012.0,1065318.9147863407,ChiNext,NS 50%,16e3409dfe8376ad2b2c0d7cb75754fd7483db51a25d26a22e30f4ab745445d2
20221013.0,1111936.930888827,ChiNext,NS 50%,16e3409dfe8376ad2b2c0d7cb75754fd7483db51a25d26a22e30f4ab745445d2
20221014.0,1127581.2575636161,ChiNext,NS 50%,16e3409dfe8376ad2b2c0d7cb75754fd7483db51a25d26a22e30f4ab745445d2
20221017.0,1111538.283948462,ChiNext,NS 50%,16e3409dfe8376ad2b2c0d7cb75754fd7483db51a25d26a22e30f4ab745445d2
20221018.0,1121112.686696626,ChiNext,NS 50%,16e3409dfe8376ad2b2c0d7cb75754fd7483db51a25d26a22e30f4ab745445d2
20221019.0,1108762.9435114139,ChiNext,NS 50%,16e3409dfe8376ad2b2c0d7cb75754fd7483db51a25d26a22e30f4ab745445d2
20221020.0,1060913.7956484766,ChiNext,NS 50%,16e3409dfe8376ad2b2c0d7cb75754fd7483db51a25d26a22e30f4ab745445d2
20221021.0,1042398.6074099825,ChiNext,NS 50%,16e3409dfe8376ad2b2c0d7cb75754fd7483db51a25d26a22e30f4ab745445d2
20221024.0,1044270.8462102921,ChiNext,NS 50%,16e3409dfe8376ad2b2c0d7cb75754fd7483db51a25d26a22e30f4ab745445d2
20221025.0,1066474.4705653486,ChiNext,NS 50%,16e3409dfe8376ad2b2c0d7cb75754fd7483db51a25d26a22e30f4ab745445d2
20221026.0,1066474.4705653486,ChiNext,NS 50%,16e3409dfe8376ad2b2c0d7cb75754fd7483db51a25d26a22e30f4ab745445d2
20221027.0,1061712.2799143377,ChiNext,NS 50%,16e3409dfe8376ad2b2c0d7cb75754fd7483db51a25d26a22e30f4ab745445d2
20221028.0,1065189.5298235456,ChiNext,NS 50%,16e3409dfe8376ad2b2c0d7cb75754fd7483db51a25d26a22e30f4ab745445d2
20221031.0,1107304.0372469544,ChiNext,NS 50%,16e3409dfe8376ad2b2c0d7cb75754fd7483db51a25d26a22e30f4ab745445d2
20221101.0,1107304.0372469544,ChiNext,NS 50%,16e3409dfe8376ad2b2c0d7cb75754fd7483db51a25d26a22e30f4ab745445d2
20221102.0,1107304.0372469544,ChiNext,NS 50%,16e3409dfe8376ad2b2c0d7cb75754fd7483db51a25d26a22e30f4ab745445d2
20221103.0,1107304.0372469544,ChiNext,NS 50%,16e3409dfe8376ad2b2c0d7cb75754fd7483db51a25d26a22e30f4ab745445d2
20221104.0,1107304.0372469544,ChiNext,NS 50%,16e3409dfe8376ad2b2c0d7cb75754fd7483db51a25d26a22e30f4ab745445d2
20221107.0,1137995.1022562776,ChiNext,NS 50%,16e3409dfe8376ad2b2c0d7cb75754fd7483db51a25d26a22e30f4ab745445d2
20221108.0,1137995.1022562776,ChiNext,NS 50%,16e3409dfe8376ad2b2c0d7cb75754fd7483db51a25d26a22e30f4ab745445d2
20221109.0,1122120.0285202651,ChiNext,NS 50%,16e3409dfe8376ad2b2c0d7cb75754fd7483db51a25d26a22e30f4ab745445d2
20221110.0,1115528.2983484485,ChiNext,NS 50%,16e3409dfe8376ad2b2c0d7cb75754fd7483db51a25d26a22e30f4ab745445d2
20221111.0,1126710.3745064465,ChiNext,NS 50%,16e3409dfe8376ad2b2c0d7cb75754fd7483db51a25d26a22e30f4ab745445d2
20221114.0,1152842.0689123455,ChiNext,NS 50%,16e3409dfe8376ad2b2c0d7cb75754fd7483db51a25d26a22e30f4ab745445d2
20221115.0,1144219.8635126099,ChiNext,NS 50%,16e3409dfe8376ad2b2c0d7cb75754fd7483db51a25d26a22e30f4ab745445d2
20221116.0,1130555.537722427,ChiNext,NS 50%,16e3409dfe8376ad2b2c0d7cb75754fd7483db51a25d26a22e30f4ab745445d2
20221117.0,1097042.4580045573,ChiNext,NS 50%,16e3409dfe8376ad2b2c0d7cb75754fd7483db51a25d26a22e30f4ab745445d2
20221118.0,1087481.74740002,ChiNext,NS 50%,16e3409dfe8376ad2b2c0d7cb75754fd7483db51a25d26a22e30f4ab745445d2
20221121.0,1087481.74740002,ChiNext,NS 50%,16e3409dfe8376ad2b2c0d7cb75754fd7483db51a25d26a22e30f4ab745445d2
20221122.0,1130435.3346871012,ChiNext,NS 50%,16e3409dfe8376ad2b2c0d7cb75754fd7483db51a25d26a22e30f4ab745445d2
20221123.0,1161552.464289179,ChiNext,NS 50%,16e3409dfe8376ad2b2c0d7cb75754fd7483db51a25d26a22e30f4ab745445d2
20221124.0,1106866.1354344476,ChiNext,NS 50%,16e3409dfe8376ad2b2c0d7cb75754fd7483db51a25d26a22e30f4ab745445d2
20221125.0,1099385.1852005722,ChiNext,NS 50%,16e3409dfe8376ad2b2c0d7cb75754fd7483db51a25d26a22e30f4ab745445d2
20221128.0,1120334.1887394749,ChiNext,NS 50%,16e3409dfe8376ad2b2c0d7cb75754fd7483db51a25d26a22e30f4ab745445d2
20221129.0,1094132.172373909,ChiNext,NS 50%,16e3409dfe8376ad2b2c0d7cb75754fd7483db51a25d26a22e30f4ab745445d2
20221130.0,1077169.6690372424,ChiNext,NS 50%,16e3409dfe8376ad2b2c0d7cb75754fd7483db51a25d26a22e30f4ab745445d2
20221201.0,1080912.9843860553,ChiNext,NS 50%,16e3409dfe8376ad2b2c0d7cb75754fd7483db51a25d26a22e30f4ab745445d2
20221202.0,1083812.7325565517,ChiNext,NS 50%,16e3409dfe8376ad2b2c0d7cb75754fd7483db51a25d26a22e30f4ab745445d2
20221205.0,1078501.586113609,ChiNext,NS 50%,16e3409dfe8376ad2b2c0d7cb75754fd7483db51a25d26a22e30f4ab745445d2
20221206.0,1075473.662614565,ChiNext,NS 50%,16e3409dfe8376ad2b2c0d7cb75754fd7483db51a25d26a22e30f4ab745445d2
20221207.0,1062724.5655034746,ChiNext,NS 50%,16e3409dfe8376ad2b2c0d7cb75754fd7483db51a25d26a22e30f4ab745445d2
20221208.0,1085561.4595464128,ChiNext,NS 50%,16e3409dfe8376ad2b2c0d7cb75754fd7483db51a25d26a22e30f4ab745445d2
20221209.0,1058622.4808694052,ChiNext,NS 50%,16e3409dfe8376ad2b2c0d7cb75754fd7483db51a25d26a22e30f4ab745445d2
20221212.0,1103969.3760101672,ChiNext,NS 50%,16e3409dfe8376ad2b2c0d7cb75754fd7483db51a25d26a22e30f4ab745445d2
20221213.0,1109852.4726477975,ChiNext,NS 50%,16e3409dfe8376ad2b2c0d7cb75754fd7483db51a25d26a22e30f4ab745445d2
20221214.0,1109852.4726477975,ChiNext,NS 50%,16e3409dfe8376ad2b2c0d7cb75754fd7483db51a25d26a22e30f4ab745445d2
20221215.0,1109852.4726477975,ChiNext,NS 50%,16e3409dfe8376ad2b2c0d7cb75754fd7483db51a25d26a22e30f4ab745445d2
20221216.0,1109852.4726477975,ChiNext,NS 50%,16e3409dfe8376ad2b2c0d7cb75754fd7483db51a25d26a22e30f4ab745445d2
20221219.0,1109852.4726477975,ChiNext,NS 50%,16e3409dfe8376ad2b2c0d7cb75754fd7483db51a25d26a22e30f4ab745445d2
20221220.0,1091005.5013987913,ChiNext,NS 50%,16e3409dfe8376ad2b2c0d7cb75754fd7483db51a25d26a22e30f4ab745445d2
20221221.0,1071443.166235914,ChiNext,NS 50%,16e3409dfe8376ad2b2c0d7cb75754fd7483db51a25d26a22e30f4ab745445d2
20221222.0,1067017.5640634112,ChiNext,NS 50%,16e3409dfe8376ad2b2c0d7cb75754fd7483db51a25d26a22e30f4ab745445d2
20221223.0,1065896.204686054,ChiNext,NS 50%,16e3409dfe8376ad2b2c0d7cb75754fd7483db51a25d26a22e30f4ab745445d2
20221226.0,1080901.8393448035,ChiNext,NS 50%,16e3409dfe8376ad2b2c0d7cb75754fd7483db51a25d26a22e30f4ab745445d2
20221227.0,1068423.115033397,ChiNext,NS 50%,16e3409dfe8376ad2b2c0d7cb75754fd7483db51a25d26a22e30f4ab745445d2
20221228.0,1048252.8704499283,ChiNext,NS 50%,16e3409dfe8376ad2b2c0d7cb75754fd7483db51a25d26a22e30f4ab745445d2
20221229.0,1048252.8704499283,ChiNext,NS 50%,16e3409dfe8376ad2b2c0d7cb75754fd7483db51a25d26a22e30f4ab745445d2
20221230.0,1083636.5479562148,ChiNext,NS 50%,16e3409dfe8376ad2b2c0d7cb75754fd7483db51a25d26a22e30f4ab745445d2
20230103.0,1083636.5479562148,ChiNext,NS 50%,16e3409dfe8376ad2b2c0d7cb75754fd7483db51a25d26a22e30f4ab745445d2
20230104.0,1085964.4485939809,ChiNext,NS 50%,16e3409dfe8376ad2b2c0d7cb75754fd7483db51a25d26a22e30f4ab745445d2
20230105.0,1066928.1268422527,ChiNext,NS 50%,16e3409dfe8376ad2b2c0d7cb75754fd7483db51a25d26a22e30f4ab745445d2
20230106.0,1096878.868446898,ChiNext,NS 50%,16e3409dfe8376ad2b2c0d7cb75754fd7483db51a25d26a22e30f4ab745445d2
20230109.0,1123213.8069732361,ChiNext,NS 50%,16e3409dfe8376ad2b2c0d7cb75754fd7483db51a25d26a22e30f4ab745445d2
20230110.0,1067539.6057401088,ChiNext,NS 50%,16e3409dfe8376ad2b2c0d7cb75754fd7483db51a25d26a22e30f4ab745445d2
20230111.0,1066337.1430220716,ChiNext,NS 50%,16e3409dfe8376ad2b2c0d7cb75754fd7483db51a25d26a22e30f4ab745445d2
20230112.0,1081493.9604422953,ChiNext,NS 50%,16e3409dfe8376ad2b2c0d7cb75754fd7483db51a25d26a22e30f4ab745445d2
20230113.0,1088320.9649689142,ChiNext,NS 50%,16e3409dfe8376ad2b2c0d7cb75754fd7483db51a25d26a22e30f4ab745445d2
20230116.0,1100520.0068180012,ChiNext,NS 50%,16e3409dfe8376ad2b2c0d7cb75754fd7483db51a25d26a22e30f4ab745445d2
20230117.0,1106264.0697496037,ChiNext,NS 50%,16e3409dfe8376ad2b2c0d7cb75754fd7483db51a25d26a22e30f4ab745445d2
20230118.0,1107971.44568785,ChiNext,NS 50%,16e3409dfe8376ad2b2c0d7cb75754fd7483db51a25d26a22e30f4ab745445d2
20230119.0,1127850.3432390182,ChiNext,NS 50%,16e3409dfe8376ad2b2c0d7cb75754fd7483db51a25d26a22e30f4ab745445d2
20230120.0,1168863.9232848699,ChiNext,NS 50%,16e3409dfe8376ad2b2c0d7cb75754fd7483db51a25d26a22e30f4ab745445d2
20230130.0,1168863.9232848699,ChiNext,NS 50%,16e3409dfe8376ad2b2c0d7cb75754fd7483db51a25d26a22e30f4ab745445d2
20230131.0,1207138.6540861975,ChiNext,NS 50%,16e3409dfe8376ad2b2c0d7cb75754fd7483db51a25d26a22e30f4ab745445d2
20230201.0,1258869.8656234783,ChiNext,NS 50%,16e3409dfe8376ad2b2c0d7cb75754fd7483db51a25d26a22e30f4ab745445d2
20230202.0,1234462.9905081235,ChiNext,NS 50%,16e3409dfe8376ad2b2c0d7cb75754fd7483db51a25d26a22e30f4ab745445d2
20230203.0,1245129.2283381599,ChiNext,NS 50%,16e3409dfe8376ad2b2c0d7cb75754fd7483db51a25d26a22e30f4ab745445d2
20230206.0,1245129.2283381599,ChiNext,NS 50%,16e3409dfe8376ad2b2c0d7cb75754fd7483db51a25d26a22e30f4ab745445d2
20230207.0,1224842.3874115902,ChiNext,NS 50%,16e3409dfe8376ad2b2c0d7cb75754fd7483db51a25d26a22e30f4ab745445d2
20230208.0,1260818.026297055,ChiNext,NS 50%,16e3409dfe8376ad2b2c0d7cb75754fd7483db51a25d26a22e30f4ab745445d2
20230209.0,1237507.2865162857,ChiNext,NS 50%,16e3409dfe8376ad2b2c0d7cb75754fd7483db51a25d26a22e30f4ab745445d2
20230210.0,1271577.9598451864,ChiNext,NS 50%,16e3409dfe8376ad2b2c0d7cb75754fd7483db51a25d26a22e30f4ab745445d2
20230213.0,1296439.8892168978,ChiNext,NS 50%,16e3409dfe8376ad2b2c0d7cb75754fd7483db51a25d26a22e30f4ab745445d2
20230214.0,1273595.570345365,ChiNext,NS 50%,16e3409dfe8376ad2b2c0d7cb75754fd7483db51a25d26a22e30f4ab745445d2
20230215.0,1273595.570345365,ChiNext,NS 50%,16e3409dfe8376ad2b2c0d7cb75754fd7483db51a25d26a22e30f4ab745445d2
20230216.0,1273595.570345365,ChiNext,NS 50%,16e3409dfe8376ad2b2c0d7cb75754fd7483db51a25d26a22e30f4ab745445d2
20230217.0,1258636.6496409087,ChiNext,NS 50%,16e3409dfe8376ad2b2c0d7cb75754fd7483db51a25d26a22e30f4ab745445d2
20230220.0,1294664.531715458,ChiNext,NS 50%,16e3409dfe8376ad2b2c0d7cb75754fd7483db51a25d26a22e30f4ab745445d2
20230221.0,1297100.9211657182,ChiNext,NS 50%,16e3409dfe8376ad2b2c0d7cb75754fd7483db51a25d26a22e30f4ab745445d2
20230222.0,1297100.9211657182,ChiNext,NS 50%,16e3409dfe8376ad2b2c0d7cb75754fd7483db51a25d26a22e30f4ab745445d2
20230223.0,1302625.2423978602,ChiNext,NS 50%,16e3409dfe8376ad2b2c0d7cb75754fd7483db51a25d26a22e30f4ab745445d2
20230224.0,1299147.886865293,ChiNext,NS 50%,16e3409dfe8376ad2b2c0d7cb75754fd7483db51a25d26a22e30f4ab745445d2
20230227.0,1342690.772243482,ChiNext,NS 50%,16e3409dfe8376ad2b2c0d7cb75754fd7483db51a25d26a22e30f4ab745445d2
20230228.0,1378293.785737073,ChiNext,NS 50%,16e3409dfe8376ad2b2c0d7cb75754fd7483db51a25d26a22e30f4ab745445d2
20230301.0,1390056.4629390286,ChiNext,NS 50%,16e3409dfe8376ad2b2c0d7cb75754fd7483db51a25d26a22e30f4ab745445d2
20230302.0,1350218.1879699728,ChiNext,NS 50%,16e3409dfe8376ad2b2c0d7cb75754fd7483db51a25d26a22e30f4ab745445d2
20230303.0,1350218.1879699728,ChiNext,NS 50%,16e3409dfe8376ad2b2c0d7cb75754fd7483db51a25d26a22e30f4ab745445d2
20211207.0,1000000.0,ChiNext,PI 25%,16e3409dfe8376ad2b2c0d7cb75754fd7483db51a25d26a22e30f4ab745445d2
20211208.0,1000000.0,ChiNext,PI 25%,16e3409dfe8376ad2b2c0d7cb75754fd7483db51a25d26a22e30f4ab745445d2
20211209.0,1027918.3449285745,ChiNext,PI 25%,16e3409dfe8376ad2b2c0d7cb75754fd7483db51a25d26a22e30f4ab745445d2
20211210.0,1031079.8712099218,ChiNext,PI 25%,16e3409dfe8376ad2b2c0d7cb75754fd7483db51a25d26a22e30f4ab745445d2
20211213.0,1031079.8712099218,ChiNext,PI 25%,16e3409dfe8376ad2b2c0d7cb75754fd7483db51a25d26a22e30f4ab745445d2
20211214.0,1037339.5631664126,ChiNext,PI 25%,16e3409dfe8376ad2b2c0d7cb75754fd7483db51a25d26a22e30f4ab745445d2
20211215.0,1048028.9431512777,ChiNext,PI 25%,16e3409dfe8376ad2b2c0d7cb75754fd7483db51a25d26a22e30f4ab745445d2
20211216.0,1056353.832461047,ChiNext,PI 25%,16e3409dfe8376ad2b2c0d7cb75754fd7483db51a25d26a22e30f4ab745445d2
20211217.0,1112639.0961298048,ChiNext,PI 25%,16e3409dfe8376ad2b2c0d7cb75754fd7483db51a25d26a22e30f4ab745445d2
20211220.0,1164091.8325225513,ChiNext,PI 25%,16e3409dfe8376ad2b2c0d7cb75754fd7483db51a25d26a22e30f4ab745445d2
20211221.0,1164091.8325225513,ChiNext,PI 25%,16e3409dfe8376ad2b2c0d7cb75754fd7483db51a25d26a22e30f4ab745445d2
20211222.0,1164091.8325225513,ChiNext,PI 25%,16e3409dfe8376ad2b2c0d7cb75754fd7483db51a25d26a22e30f4ab745445d2
20211223.0,1149334.3042408624,ChiNext,PI 25%,16e3409dfe8376ad2b2c0d7cb75754fd7483db51a25d26a22e30f4ab745445d2
20211224.0,1164234.2252433202,ChiNext,PI 25%,16e3409dfe8376ad2b2c0d7cb75754fd7483db51a25d26a22e30f4ab745445d2
20211227.0,1175421.9119064847,ChiNext,PI 25%,16e3409dfe8376ad2b2c0d7cb75754fd7483db51a25d26a22e30f4ab745445d2
20211228.0,1163961.924658608,ChiNext,PI 25%,16e3409dfe8376ad2b2c0d7cb75754fd7483db51a25d26a22e30f4ab745445d2
20211229.0,1173423.951272744,ChiNext,PI 25%,16e3409dfe8376ad2b2c0d7cb75754fd7483db51a25d26a22e30f4ab745445d2
20211230.0,1198580.2841472637,ChiNext,PI 25%,16e3409dfe8376ad2b2c0d7cb75754fd7483db51a25d26a22e30f4ab745445d2
20211231.0,1103297.102174404,ChiNext,PI 25%,16e3409dfe8376ad2b2c0d7cb75754fd7483db51a25d26a22e30f4ab745445d2
20220104.0,1103297.102174404,ChiNext,PI 25%,16e3409dfe8376ad2b2c0d7cb75754fd7483db51a25d26a22e30f4ab745445d2
20220105.0,1103297.102174404,ChiNext,PI 25%,16e3409dfe8376ad2b2c0d7cb75754fd7483db51a25d26a22e30f4ab745445d2
20220106.0,1103297.102174404,ChiNext,PI 25%,16e3409dfe8376ad2b2c0d7cb75754fd7483db51a25d26a22e30f4ab745445d2
20220107.0,1142323.186769719,ChiNext,PI 25%,16e3409dfe8376ad2b2c0d7cb75754fd7483db51a25d26a22e30f4ab745445d2
20220110.0,1097628.8627285461,ChiNext,PI 25%,16e3409dfe8376ad2b2c0d7cb75754fd7483db51a25d26a22e30f4ab745445d2
20220111.0,1097962.7177796867,ChiNext,PI 25%,16e3409dfe8376ad2b2c0d7cb75754fd7483db51a25d26a22e30f4ab745445d2
20220112.0,1099894.5504310457,ChiNext,PI 25%,16e3409dfe8376ad2b2c0d7cb75754fd7483db51a25d26a22e30f4ab745445d2
20220113.0,1087717.539787335,ChiNext,PI 25%,16e3409dfe8376ad2b2c0d7cb75754fd7483db51a25d26a22e30f4ab745445d2
20220114.0,1093534.2385428152,ChiNext,PI 25%,16e3409dfe8376ad2b2c0d7cb75754fd7483db51a25d26a22e30f4ab745445d2
20220117.0,1073214.7621807489,ChiNext,PI 25%,16e3409dfe8376ad2b2c0d7cb75754fd7483db51a25d26a22e30f4ab745445d2
20220118.0,1073214.7621807489,ChiNext,PI 25%,16e3409dfe8376ad2b2c0d7cb75754fd7483db51a25d26a22e30f4ab745445d2
20220119.0,1073214.7621807489,ChiNext,PI 25%,16e3409dfe8376ad2b2c0d7cb75754fd7483db51a25d26a22e30f4ab745445d2
20220120.0,1040943.5468418613,ChiNext,PI 25%,16e3409dfe8376ad2b2c0d7cb75754fd7483db51a25d26a22e30f4ab745445d2
20220121.0,1044769.0321800893,ChiNext,PI 25%,16e3409dfe8376ad2b2c0d7cb75754fd7483db51a25d26a22e30f4ab745445d2
20220124.0,1009416.5616410427,ChiNext,PI 25%,16e3409dfe8376ad2b2c0d7cb75754fd7483db51a25d26a22e30f4ab745445d2
20220125.0,990334.853930013,ChiNext,PI 25%,16e3409dfe8376ad2b2c0d7cb75754fd7483db51a25d26a22e30f4ab745445d2
20220126.0,990334.853930013,ChiNext,PI 25%,16e3409dfe8376ad2b2c0d7cb75754fd7483db51a25d26a22e30f4ab745445d2
20220127.0,990334.853930013,ChiNext,PI 25%,16e3409dfe8376ad2b2c0d7cb75754fd7483db51a25d26a22e30f4ab745445d2
20220128.0,990334.853930013,ChiNext,PI 25%,16e3409dfe8376ad2b2c0d7cb75754fd7483db51a25d26a22e30f4ab745445d2
20220207.0,966126.0950768711,ChiNext,PI 25%,16e3409dfe8376ad2b2c0d7cb75754fd7483db51a25d26a22e30f4ab745445d2
20220208.0,952413.3437136896,ChiNext,PI 25%,16e3409dfe8376ad2b2c0d7cb75754fd7483db51a25d26a22e30f4ab745445d2
20220209.0,937868.1428655601,ChiNext,PI 25%,16e3409dfe8376ad2b2c0d7cb75754fd7483db51a25d26a22e30f4ab745445d2
20220210.0,911631.83776494,ChiNext,PI 25%,16e3409dfe8376ad2b2c0d7cb75754fd7483db51a25d26a22e30f4ab745445d2
20220216.0,966993.4558857948,ChiNext,PI 25%,16e3409dfe8376ad2b2c0d7cb75754fd7483db51a25d26a22e30f4ab745445d2
20220217.0,945741.2334969832,ChiNext,PI 25%,16e3409dfe8376ad2b2c0d7cb75754fd7483db51a25d26a22e30f4ab745445d2
20220218.0,933231.6511380931,ChiNext,PI 25%,16e3409dfe8376ad2b2c0d7cb75754fd7483db51a25d26a22e30f4ab745445d2
20220221.0,922861.0632606901,ChiNext,PI 25%,16e3409dfe8376ad2b2c0d7cb75754fd7483db51a25d26a22e30f4ab745445d2
20220222.0,977076.262448353,ChiNext,PI 25%,16e3409dfe8376ad2b2c0d7cb75754fd7483db51a25d26a22e30f4ab745445d2
20220223.0,977076.262448353,ChiNext,PI 25%,16e3409dfe8376ad2b2c0d7cb75754fd7483db51a25d26a22e30f4ab745445d2
20220224.0,988239.6924836079,ChiNext,PI 25%,16e3409dfe8376ad2b2c0d7cb75754fd7483db51a25d26a22e30f4ab745445d2
20220225.0,979275.4081539073,ChiNext,PI 25%,16e3409dfe8376ad2b2c0d7cb75754fd7483db51a25d26a22e30f4ab745445d2
20220228.0,969878.1371497343,ChiNext,PI 25%,16e3409dfe8376ad2b2c0d7cb75754fd7483db51a25d26a22e30f4ab745445d2
20220301.0,961683.7132488147,ChiNext,PI 25%,16e3409dfe8376ad2b2c0d7cb75754fd7483db51a25d26a22e30f4ab745445d2
20220302.0,939507.5833642618,ChiNext,PI 25%,16e3409dfe8376ad2b2c0d7cb75754fd7483db51a25d26a22e30f4ab745445d2
20220303.0,920383.9455366834,ChiNext,PI 25%,16e3409dfe8376ad2b2c0d7cb75754fd7483db51a25d26a22e30f4ab745445d2
20220304.0,893239.972912219,ChiNext,PI 25%,16e3409dfe8376ad2b2c0d7cb75754fd7483db51a25d26a22e30f4ab745445d2
20220307.0,875326.6009993333,ChiNext,PI 25%,16e3409dfe8376ad2b2c0d7cb75754fd7483db51a25d26a22e30f4ab745445d2
20220308.0,875388.2064855378,ChiNext,PI 25%,16e3409dfe8376ad2b2c0d7cb75754fd7483db51a25d26a22e30f4ab745445d2
20220309.0,874300.2077766582,ChiNext,PI 25%,16e3409dfe8376ad2b2c0d7cb75754fd7483db51a25d26a22e30f4ab745445d2
20220310.0,875500.4553528412,ChiNext,PI 25%,16e3409dfe8376ad2b2c0d7cb75754fd7483db51a25d26a22e30f4ab745445d2
20220311.0,812431.4795784787,ChiNext,PI 25%,16e3409dfe8376ad2b2c0d7cb75754fd7483db51a25d26a22e30f4ab745445d2
20220314.0,817071.3130020149,ChiNext,PI 25%,16e3409dfe8376ad2b2c0d7cb75754fd7483db51a25d26a22e30f4ab745445d2
20220315.0,869367.7734561281,ChiNext,PI 25%,16e3409dfe8376ad2b2c0d7cb75754fd7483db51a25d26a22e30f4ab745445d2
20220316.0,872029.9893393794,ChiNext,PI 25%,16e3409dfe8376ad2b2c0d7cb75754fd7483db51a25d26a22e30f4ab745445d2
20220317.0,969513.5754394282,ChiNext,PI 25%,16e3409dfe8376ad2b2c0d7cb75754fd7483db51a25d26a22e30f4ab745445d2
20220318.0,998878.1638639478,ChiNext,PI 25%,16e3409dfe8376ad2b2c0d7cb75754fd7483db51a25d26a22e30f4ab745445d2
20220321.0,995429.5912900154,ChiNext,PI 25%,16e3409dfe8376ad2b2c0d7cb75754fd7483db51a25d26a22e30f4ab745445d2
20220322.0,1018661.761552345,ChiNext,PI 25%,16e3409dfe8376ad2b2c0d7cb75754fd7483db51a25d26a22e30f4ab745445d2
20220323.0,1053727.2702692917,ChiNext,PI 25%,16e3409dfe8376ad2b2c0d7cb75754fd7483db51a25d26a22e30f4ab745445d2
20220324.0,1053727.2702692917,ChiNext,PI 25%,16e3409dfe8376ad2b2c0d7cb75754fd7483db51a25d26a22e30f4ab745445d2
20220325.0,1054612.2244638207,ChiNext,PI 25%,16e3409dfe8376ad2b2c0d7cb75754fd7483db51a25d26a22e30f4ab745445d2
20220328.0,1065280.427469746,ChiNext,PI 25%,16e3409dfe8376ad2b2c0d7cb75754fd7483db51a25d26a22e30f4ab745445d2
20220329.0,1091360.197048572,ChiNext,PI 25%,16e3409dfe8376ad2b2c0d7cb75754fd7483db51a25d26a22e30f4ab745445d2
20220330.0,1080329.6685668416,ChiNext,PI 25%,16e3409dfe8376ad2b2c0d7cb75754fd7483db51a25d26a22e30f4ab745445d2
20220331.0,1125525.050483069,ChiNext,PI 25%,16e3409dfe8376ad2b2c0d7cb75754fd7483db51a25d26a22e30f4ab745445d2
20220401.0,1093720.572988657,ChiNext,PI 25%,16e3409dfe8376ad2b2c0d7cb75754fd7483db51a25d26a22e30f4ab745445d2
20220406.0,1093720.572988657,ChiNext,PI 25%,16e3409dfe8376ad2b2c0d7cb75754fd7483db51a25d26a22e30f4ab745445d2
20220407.0,1093720.572988657,ChiNext,PI 25%,16e3409dfe8376ad2b2c0d7cb75754fd7483db51a25d26a22e30f4ab745445d2
20220408.0,1066912.80599766,ChiNext,PI 25%,16e3409dfe8376ad2b2c0d7cb75754fd7483db51a25d26a22e30f4ab745445d2
20220411.0,1070738.4967053751,ChiNext,PI 25%,16e3409dfe8376ad2b2c0d7cb75754fd7483db51a25d26a22e30f4ab745445d2
20220412.0,1028250.1330832252,ChiNext,PI 25%,16e3409dfe8376ad2b2c0d7cb75754fd7483db51a25d26a22e30f4ab745445d2
20220413.0,1028250.1330832252,ChiNext,PI 25%,16e3409dfe8376ad2b2c0d7cb75754fd7483db51a25d26a22e30f4ab745445d2
20220414.0,998255.8929270906,ChiNext,PI 25%,16e3409dfe8376ad2b2c0d7cb75754fd7483db51a25d26a22e30f4ab745445d2
20220415.0,1018701.8621036956,ChiNext,PI 25%,16e3409dfe8376ad2b2c0d7cb75754fd7483db51a25d26a22e30f4ab745445d2
20220418.0,992210.7442903072,ChiNext,PI 25%,16e3409dfe8376ad2b2c0d7cb75754fd7483db51a25d26a22e30f4ab745445d2
20220419.0,977230.369468514,ChiNext,PI 25%,16e3409dfe8376ad2b2c0d7cb75754fd7483db51a25d26a22e30f4ab745445d2
20220420.0,949414.2449441861,ChiNext,PI 25%,16e3409dfe8376ad2b2c0d7cb75754fd7483db51a25d26a22e30f4ab745445d2
20220421.0,943864.2131578382,ChiNext,PI 25%,16e3409dfe8376ad2b2c0d7cb75754fd7483db51a25d26a22e30f4ab745445d2
20220422.0,855687.4635237576,ChiNext,PI 25%,16e3409dfe8376ad2b2c0d7cb75754fd7483db51a25d26a22e30f4ab745445d2
20220425.0,838938.1368840769,ChiNext,PI 25%,16e3409dfe8376ad2b2c0d7cb75754fd7483db51a25d26a22e30f4ab745445d2
20220426.0,877899.2514672575,ChiNext,PI 25%,16e3409dfe8376ad2b2c0d7cb75754fd7483db51a25d26a22e30f4ab745445d2
20220427.0,874176.1956746537,ChiNext,PI 25%,16e3409dfe8376ad2b2c0d7cb75754fd7483db51a25d26a22e30f4ab745445d2
20220428.0,907150.0954700665,ChiNext,PI 25%,16e3409dfe8376ad2b2c0d7cb75754fd7483db51a25d26a22e30f4ab745445d2
20220429.0,897084.3961163373,ChiNext,PI 25%,16e3409dfe8376ad2b2c0d7cb75754fd7483db51a25d26a22e30f4ab745445d2
20220505.0,897084.3961163373,ChiNext,PI 25%,16e3409dfe8376ad2b2c0d7cb75754fd7483db51a25d26a22e30f4ab745445d2
20220506.0,908731.6691204311,ChiNext,PI 25%,16e3409dfe8376ad2b2c0d7cb75754fd7483db51a25d26a22e30f4ab745445d2
20220509.0,911993.9283909595,ChiNext,PI 25%,16e3409dfe8376ad2b2c0d7cb75754fd7483db51a25d26a22e30f4ab745445d2
20220510.0,923860.9081344665,ChiNext,PI 25%,16e3409dfe8376ad2b2c0d7cb75754fd7483db51a25d26a22e30f4ab745445d2
20220511.0,950864.7832332613,ChiNext,PI 25%,16e3409dfe8376ad2b2c0d7cb75754fd7483db51a25d26a22e30f4ab745445d2
20220512.0,943240.7400799161,ChiNext,PI 25%,16e3409dfe8376ad2b2c0d7cb75754fd7483db51a25d26a22e30f4ab745445d2
20220513.0,943240.7400799161,ChiNext,PI 25%,16e3409dfe8376ad2b2c0d7cb75754fd7483db51a25d26a22e30f4ab745445d2
20220516.0,943240.7400799161,ChiNext,PI 25%,16e3409dfe8376ad2b2c0d7cb75754fd7483db51a25d26a22e30f4ab745445d2
20220517.0,935676.8218466681,ChiNext,PI 25%,16e3409dfe8376ad2b2c0d7cb75754fd7483db51a25d26a22e30f4ab745445d2
20220518.0,945146.1886581136,ChiNext,PI 25%,16e3409dfe8376ad2b2c0d7cb75754fd7483db51a25d26a22e30f4ab745445d2
20220519.0,1007542.6245242383,ChiNext,PI 25%,16e3409dfe8376ad2b2c0d7cb75754fd7483db51a25d26a22e30f4ab745445d2
20220520.0,995789.6653444978,ChiNext,PI 25%,16e3409dfe8376ad2b2c0d7cb75754fd7483db51a25d26a22e30f4ab745445d2
20220523.0,995789.6653444978,ChiNext,PI 25%,16e3409dfe8376ad2b2c0d7cb75754fd7483db51a25d26a22e30f4ab745445d2
20220524.0,1023934.2041670809,ChiNext,PI 25%,16e3409dfe8376ad2b2c0d7cb75754fd7483db51a25d26a22e30f4ab745445d2
20220525.0,1018228.2548533462,ChiNext,PI 25%,16e3409dfe8376ad2b2c0d7cb75754fd7483db51a25d26a22e30f4ab745445d2
20220526.0,1001625.0445840016,ChiNext,PI 25%,16e3409dfe8376ad2b2c0d7cb75754fd7483db51a25d26a22e30f4ab745445d2
20220527.0,1006299.2415141131,ChiNext,PI 25%,16e3409dfe8376ad2b2c0d7cb75754fd7483db51a25d26a22e30f4ab745445d2
20220530.0,1026333.8777422361,ChiNext,PI 25%,16e3409dfe8376ad2b2c0d7cb75754fd7483db51a25d26a22e30f4ab745445d2
20220531.0,1027498.6155543076,ChiNext,PI 25%,16e3409dfe8376ad2b2c0d7cb75754fd7483db51a25d26a22e30f4ab745445d2
20220601.0,1079537.402416305,ChiNext,PI 25%,16e3409dfe8376ad2b2c0d7cb75754fd7483db51a25d26a22e30f4ab745445d2
20220602.0,1079537.402416305,ChiNext,PI 25%,16e3409dfe8376ad2b2c0d7cb75754fd7483db51a25d26a22e30f4ab745445d2
20220606.0,1082679.648880151,ChiNext,PI 25%,16e3409dfe8376ad2b2c0d7cb75754fd7483db51a25d26a22e30f4ab745445d2
20220607.0,1058912.4389911687,ChiNext,PI 25%,16e3409dfe8376ad2b2c0d7cb75754fd7483db51a25d26a22e30f4ab745445d2
20220608.0,1029203.8965776642,ChiNext,PI 25%,16e3409dfe8376ad2b2c0d7cb75754fd7483db51a25d26a22e30f4ab745445d2
20220609.0,1076154.9688426433,ChiNext,PI 25%,16e3409dfe8376ad2b2c0d7cb75754fd7483db51a25d26a22e30f4ab745445d2
20220610.0,1129361.4683468433,ChiNext,PI 25%,16e3409dfe8376ad2b2c0d7cb75754fd7483db51a25d26a22e30f4ab745445d2
20220613.0,1150405.4218557957,ChiNext,PI 25%,16e3409dfe8376ad2b2c0d7cb75754fd7483db51a25d26a22e30f4ab745445d2
20220614.0,1103583.7083469757,ChiNext,PI 25%,16e3409dfe8376ad2b2c0d7cb75754fd7483db51a25d26a22e30f4ab745445d2
20220615.0,1106501.131105506,ChiNext,PI 25%,16e3409dfe8376ad2b2c0d7cb75754fd7483db51a25d26a22e30f4ab745445d2
20220616.0,1106501.131105506,ChiNext,PI 25%,16e3409dfe8376ad2b2c0d7cb75754fd7483db51a25d26a22e30f4ab745445d2
20220617.0,1154253.2468084425,ChiNext,PI 25%,16e3409dfe8376ad2b2c0d7cb75754fd7483db51a25d26a22e30f4ab745445d2
20220620.0,1138417.3137194917,ChiNext,PI 25%,16e3409dfe8376ad2b2c0d7cb75754fd7483db51a25d26a22e30f4ab745445d2
20220621.0,1157702.5254206373,ChiNext,PI 25%,16e3409dfe8376ad2b2c0d7cb75754fd7483db51a25d26a22e30f4ab745445d2
20220622.0,1175122.7703536125,ChiNext,PI 25%,16e3409dfe8376ad2b2c0d7cb75754fd7483db51a25d26a22e30f4ab745445d2
20220623.0,1158379.5374008378,ChiNext,PI 25%,16e3409dfe8376ad2b2c0d7cb75754fd7483db51a25d26a22e30f4ab745445d2
20220624.0,1156357.6772776193,ChiNext,PI 25%,16e3409dfe8376ad2b2c0d7cb75754fd7483db51a25d26a22e30f4ab745445d2
20220627.0,1178370.0068808692,ChiNext,PI 25%,16e3409dfe8376ad2b2c0d7cb75754fd7483db51a25d26a22e30f4ab745445d2
20220628.0,1115126.987662195,ChiNext,PI 25%,16e3409dfe8376ad2b2c0d7cb75754fd7483db51a25d26a22e30f4ab745445d2
20220629.0,1156729.7458432198,ChiNext,PI 25%,16e3409dfe8376ad2b2c0d7cb75754fd7483db51a25d26a22e30f4ab745445d2
20220630.0,1152518.5495093598,ChiNext,PI 25%,16e3409dfe8376ad2b2c0d7cb75754fd7483db51a25d26a22e30f4ab745445d2
20220701.0,1152518.5495093598,ChiNext,PI 25%,16e3409dfe8376ad2b2c0d7cb75754fd7483db51a25d26a22e30f4ab745445d2
20220704.0,1152518.5495093598,ChiNext,PI 25%,16e3409dfe8376ad2b2c0d7cb75754fd7483db51a25d26a22e30f4ab745445d2
20220705.0,1152518.5495093598,ChiNext,PI 25%,16e3409dfe8376ad2b2c0d7cb75754fd7483db51a25d26a22e30f4ab745445d2
20220706.0,1157057.162079514,ChiNext,PI 25%,16e3409dfe8376ad2b2c0d7cb75754fd7483db51a25d26a22e30f4ab745445d2
20220707.0,1180879.69844888,ChiNext,PI 25%,16e3409dfe8376ad2b2c0d7cb75754fd7483db51a25d26a22e30f4ab745445d2
20220708.0,1160584.1114517443,ChiNext,PI 25%,16e3409dfe8376ad2b2c0d7cb75754fd7483db51a25d26a22e30f4ab745445d2
20220711.0,1113987.625637517,ChiNext,PI 25%,16e3409dfe8376ad2b2c0d7cb75754fd7483db51a25d26a22e30f4ab745445d2
20220712.0,1166450.5277878349,ChiNext,PI 25%,16e3409dfe8376ad2b2c0d7cb75754fd7483db51a25d26a22e30f4ab745445d2
20220713.0,1198549.7337237534,ChiNext,PI 25%,16e3409dfe8376ad2b2c0d7cb75754fd7483db51a25d26a22e30f4ab745445d2
20220714.0,1183709.179888533,ChiNext,PI 25%,16e3409dfe8376ad2b2c0d7cb75754fd7483db51a25d26a22e30f4ab745445d2
20220715.0,1233043.0586304187,ChiNext,PI 25%,16e3409dfe8376ad2b2c0d7cb75754fd7483db51a25d26a22e30f4ab745445d2
20220718.0,1191493.7181548893,ChiNext,PI 25%,16e3409dfe8376ad2b2c0d7cb75754fd7483db51a25d26a22e30f4ab745445d2
20220719.0,1155528.4887901454,ChiNext,PI 25%,16e3409dfe8376ad2b2c0d7cb75754fd7483db51a25d26a22e30f4ab745445d2
20220720.0,1155528.4887901454,ChiNext,PI 25%,16e3409dfe8376ad2b2c0d7cb75754fd7483db51a25d26a22e30f4ab745445d2
20220721.0,1108760.9994764712,ChiNext,PI 25%,16e3409dfe8376ad2b2c0d7cb75754fd7483db51a25d26a22e30f4ab745445d2
20220722.0,1087362.1532988502,ChiNext,PI 25%,16e3409dfe8376ad2b2c0d7cb75754fd7483db51a25d26a22e30f4ab745445d2
20220725.0,1118250.190349449,ChiNext,PI 25%,16e3409dfe8376ad2b2c0d7cb75754fd7483db51a25d26a22e30f4ab745445d2
20220726.0,1099218.8312165318,ChiNext,PI 25%,16e3409dfe8376ad2b2c0d7cb75754fd7483db51a25d26a22e30f4ab745445d2
20220727.0,1104804.4389735875,ChiNext,PI 25%,16e3409dfe8376ad2b2c0d7cb75754fd7483db51a25d26a22e30f4ab745445d2
20220728.0,1081063.8650803189,ChiNext,PI 25%,16e3409dfe8376ad2b2c0d7cb75754fd7483db51a25d26a22e30f4ab745445d2
20220729.0,1093313.7391109287,ChiNext,PI 25%,16e3409dfe8376ad2b2c0d7cb75754fd7483db51a25d26a22e30f4ab745445d2
20220801.0,1090513.1597788308,ChiNext,PI 25%,16e3409dfe8376ad2b2c0d7cb75754fd7483db51a25d26a22e30f4ab745445d2
20220802.0,1035289.4113862661,ChiNext,PI 25%,16e3409dfe8376ad2b2c0d7cb75754fd7483db51a25d26a22e30f4ab745445d2
20220803.0,1068469.813030307,ChiNext,PI 25%,16e3409dfe8376ad2b2c0d7cb75754fd7483db51a25d26a22e30f4ab745445d2
20220804.0,1078961.375645617,ChiNext,PI 25%,16e3409dfe8376ad2b2c0d7cb75754fd7483db51a25d26a22e30f4ab745445d2
20220805.0,1092325.0858319907,ChiNext,PI 25%,16e3409dfe8376ad2b2c0d7cb75754fd7483db51a25d26a22e30f4ab745445d2
20220808.0,1099718.7471022417,ChiNext,PI 25%,16e3409dfe8376ad2b2c0d7cb75754fd7483db51a25d26a22e30f4ab745445d2
20220809.0,1081481.507408262,ChiNext,PI 25%,16e3409dfe8376ad2b2c0d7cb75754fd7483db51a25d26a22e30f4ab745445d2
20220810.0,1116288.4775791469,ChiNext,PI 25%,16e3409dfe8376ad2b2c0d7cb75754fd7483db51a25d26a22e30f4ab745445d2
20220811.0,1096675.3565167123,ChiNext,PI 25%,16e3409dfe8376ad2b2c0d7cb75754fd7483db51a25d26a22e30f4ab745445d2
20220812.0,1115366.6414466081,ChiNext,PI 25%,16e3409dfe8376ad2b2c0d7cb75754fd7483db51a25d26a22e30f4ab745445d2
20220815.0,1085197.0184281513,ChiNext,PI 25%,16e3409dfe8376ad2b2c0d7cb75754fd7483db51a25d26a22e30f4ab745445d2
20220816.0,1063792.641170804,ChiNext,PI 25%,16e3409dfe8376ad2b2c0d7cb75754fd7483db51a25d26a22e30f4ab745445d2
20220817.0,1103894.6830137752,ChiNext,PI 25%,16e3409dfe8376ad2b2c0d7cb75754fd7483db51a25d26a22e30f4ab745445d2
20220818.0,1066546.7242156593,ChiNext,PI 25%,16e3409dfe8376ad2b2c0d7cb75754fd7483db51a25d26a22e30f4ab745445d2
20220819.0,1089451.4729809004,ChiNext,PI 25%,16e3409dfe8376ad2b2c0d7cb75754fd7483db51a25d26a22e30f4ab745445d2
20220822.0,1132649.2361157385,ChiNext,PI 25%,16e3409dfe8376ad2b2c0d7cb75754fd7483db51a25d26a22e30f4ab745445d2
20220823.0,1206435.2173962574,ChiNext,PI 25%,16e3409dfe8376ad2b2c0d7cb75754fd7483db51a25d26a22e30f4ab745445d2
20220824.0,1200767.014775958,ChiNext,PI 25%,16e3409dfe8376ad2b2c0d7cb75754fd7483db51a25d26a22e30f4ab745445d2
20220825.0,1182742.0717448555,ChiNext,PI 25%,16e3409dfe8376ad2b2c0d7cb75754fd7483db51a25d26a22e30f4ab745445d2
20220826.0,1174401.5496382278,ChiNext,PI 25%,16e3409dfe8376ad2b2c0d7cb75754fd7483db51a25d26a22e30f4ab745445d2
20220829.0,1173789.4592311527,ChiNext,PI 25%,16e3409dfe8376ad2b2c0d7cb75754fd7483db51a25d26a22e30f4ab745445d2
20220830.0,1166405.0933869036,ChiNext,PI 25%,16e3409dfe8376ad2b2c0d7cb75754fd7483db51a25d26a22e30f4ab745445d2
20220831.0,1169071.9195124065,ChiNext,PI 25%,16e3409dfe8376ad2b2c0d7cb75754fd7483db51a25d26a22e30f4ab745445d2
20220901.0,1143998.9543415508,ChiNext,PI 25%,16e3409dfe8376ad2b2c0d7cb75754fd7483db51a25d26a22e30f4ab745445d2
20220902.0,1119081.590157098,ChiNext,PI 25%,16e3409dfe8376ad2b2c0d7cb75754fd7483db51a25d26a22e30f4ab745445d2
20220905.0,1143098.1485805402,ChiNext,PI 25%,16e3409dfe8376ad2b2c0d7cb75754fd7483db51a25d26a22e30f4ab745445d2
20220906.0,1154025.8023343594,ChiNext,PI 25%,16e3409dfe8376ad2b2c0d7cb75754fd7483db51a25d26a22e30f4ab745445d2
20220907.0,1124738.1043849352,ChiNext,PI 25%,16e3409dfe8376ad2b2c0d7cb75754fd7483db51a25d26a22e30f4ab745445d2
20220908.0,1079758.0618557371,ChiNext,PI 25%,16e3409dfe8376ad2b2c0d7cb75754fd7483db51a25d26a22e30f4ab745445d2
20220909.0,1076187.9310920623,ChiNext,PI 25%,16e3409dfe8376ad2b2c0d7cb75754fd7483db51a25d26a22e30f4ab745445d2
20220913.0,1066758.4180709498,ChiNext,PI 25%,16e3409dfe8376ad2b2c0d7cb75754fd7483db51a25d26a22e30f4ab745445d2
20220914.0,1048791.9124361856,ChiNext,PI 25%,16e3409dfe8376ad2b2c0d7cb75754fd7483db51a25d26a22e30f4ab745445d2
20220915.0,1071603.287070485,ChiNext,PI 25%,16e3409dfe8376ad2b2c0d7cb75754fd7483db51a25d26a22e30f4ab745445d2
20220916.0,1052974.3417557112,ChiNext,PI 25%,16e3409dfe8376ad2b2c0d7cb75754fd7483db51a25d26a22e30f4ab745445d2
20220919.0,1052629.002589733,ChiNext,PI 25%,16e3409dfe8376ad2b2c0d7cb75754fd7483db51a25d26a22e30f4ab745445d2
20220920.0,1038264.130246612,ChiNext,PI 25%,16e3409dfe8376ad2b2c0d7cb75754fd7483db51a25d26a22e30f4ab745445d2
20220921.0,1053037.5416595466,ChiNext,PI 25%,16e3409dfe8376ad2b2c0d7cb75754fd7483db51a25d26a22e30f4ab745445d2
20220922.0,1036863.8290663725,ChiNext,PI 25%,16e3409dfe8376ad2b2c0d7cb75754fd7483db51a25d26a22e30f4ab745445d2
20220923.0,1053671.0950143836,ChiNext,PI 25%,16e3409dfe8376ad2b2c0d7cb75754fd7483db51a25d26a22e30f4ab745445d2
20220926.0,1083824.9245336144,ChiNext,PI 25%,16e3409dfe8376ad2b2c0d7cb75754fd7483db51a25d26a22e30f4ab745445d2
20220927.0,1030746.5027325983,ChiNext,PI 25%,16e3409dfe8376ad2b2c0d7cb75754fd7483db51a25d26a22e30f4ab745445d2
20220928.0,1035616.550984203,ChiNext,PI 25%,16e3409dfe8376ad2b2c0d7cb75754fd7483db51a25d26a22e30f4ab745445d2
20220930.0,1011612.2912053298,ChiNext,PI 25%,16e3409dfe8376ad2b2c0d7cb75754fd7483db51a25d26a22e30f4ab745445d2
20221010.0,1067684.7130738366,ChiNext,PI 25%,16e3409dfe8376ad2b2c0d7cb75754fd7483db51a25d26a22e30f4ab745445d2
20221011.0,1067684.7130738366,ChiNext,PI 25%,16e3409dfe8376ad2b2c0d7cb75754fd7483db51a25d26a22e30f4ab745445d2
20221012.0,1067684.7130738366,ChiNext,PI 25%,16e3409dfe8376ad2b2c0d7cb75754fd7483db51a25d26a22e30f4ab745445d2
20221013.0,1094246.3255271688,ChiNext,PI 25%,16e3409dfe8376ad2b2c0d7cb75754fd7483db51a25d26a22e30f4ab745445d2
20221014.0,1109541.1860498427,ChiNext,PI 25%,16e3409dfe8376ad2b2c0d7cb75754fd7483db51a25d26a22e30f4ab745445d2
20221017.0,1119366.9685794571,ChiNext,PI 25%,16e3409dfe8376ad2b2c0d7cb75754fd7483db51a25d26a22e30f4ab745445d2
20221018.0,1127167.1999929126,ChiNext,PI 25%,16e3409dfe8376ad2b2c0d7cb75754fd7483db51a25d26a22e30f4ab745445d2
20221019.0,1114340.135464273,ChiNext,PI 25%,16e3409dfe8376ad2b2c0d7cb75754fd7483db51a25d26a22e30f4ab745445d2
20221020.0,1098586.8431960687,ChiNext,PI 25%,16e3409dfe8376ad2b2c0d7cb75754fd7483db51a25d26a22e30f4ab745445d2
20221021.0,1079370.131202068,ChiNext,PI 25%,16e3409dfe8376ad2b2c0d7cb75754fd7483db51a25d26a22e30f4ab745445d2
20221024.0,1073369.9911396806,ChiNext,PI 25%,16e3409dfe8376ad2b2c0d7cb75754fd7483db51a25d26a22e30f4ab745445d2
20221025.0,1096222.367807054,ChiNext,PI 25%,16e3409dfe8376ad2b2c0d7cb75754fd7483db51a25d26a22e30f4ab745445d2
20221026.0,1011198.1891932454,ChiNext,PI 25%,16e3409dfe8376ad2b2c0d7cb75754fd7483db51a25d26a22e30f4ab745445d2
20221027.0,1002065.2231609477,ChiNext,PI 25%,16e3409dfe8376ad2b2c0d7cb75754fd7483db51a25d26a22e30f4ab745445d2
20221028.0,1005303.1810371869,ChiNext,PI 25%,16e3409dfe8376ad2b2c0d7cb75754fd7483db51a25d26a22e30f4ab745445d2
20221031.0,1045054.7424295131,ChiNext,PI 25%,16e3409dfe8376ad2b2c0d7cb75754fd7483db51a25d26a22e30f4ab745445d2
20221101.0,1045054.7424295131,ChiNext,PI 25%,16e3409dfe8376ad2b2c0d7cb75754fd7483db51a25d26a22e30f4ab745445d2
20221102.0,1045054.7424295131,ChiNext,PI 25%,16e3409dfe8376ad2b2c0d7cb75754fd7483db51a25d26a22e30f4ab745445d2
20221103.0,1045054.7424295131,ChiNext,PI 25%,16e3409dfe8376ad2b2c0d7cb75754fd7483db51a25d26a22e30f4ab745445d2
20221104.0,1069176.0247995965,ChiNext,PI 25%,16e3409dfe8376ad2b2c0d7cb75754fd7483db51a25d26a22e30f4ab745445d2
20221107.0,1075171.508165929,ChiNext,PI 25%,16e3409dfe8376ad2b2c0d7cb75754fd7483db51a25d26a22e30f4ab745445d2
20221108.0,1105136.3860439213,ChiNext,PI 25%,16e3409dfe8376ad2b2c0d7cb75754fd7483db51a25d26a22e30f4ab745445d2
20221109.0,1089722.5891921353,ChiNext,PI 25%,16e3409dfe8376ad2b2c0d7cb75754fd7483db51a25d26a22e30f4ab745445d2
20221110.0,1083394.8879734667,ChiNext,PI 25%,16e3409dfe8376ad2b2c0d7cb75754fd7483db51a25d26a22e30f4ab745445d2
20221111.0,1089219.4894341764,ChiNext,PI 25%,16e3409dfe8376ad2b2c0d7cb75754fd7483db51a25d26a22e30f4ab745445d2
20221114.0,1114653.167994879,ChiNext,PI 25%,16e3409dfe8376ad2b2c0d7cb75754fd7483db51a25d26a22e30f4ab745445d2
20221115.0,1115544.131505089,ChiNext,PI 25%,16e3409dfe8376ad2b2c0d7cb75754fd7483db51a25d26a22e30f4ab745445d2
20221116.0,1102260.4908023062,ChiNext,PI 25%,16e3409dfe8376ad2b2c0d7cb75754fd7483db51a25d26a22e30f4ab745445d2
20221117.0,1069390.3247331346,ChiNext,PI 25%,16e3409dfe8376ad2b2c0d7cb75754fd7483db51a25d26a22e30f4ab745445d2
20221118.0,1113383.7886221858,ChiNext,PI 25%,16e3409dfe8376ad2b2c0d7cb75754fd7483db51a25d26a22e30f4ab745445d2
20221121.0,1095840.976518878,ChiNext,PI 25%,16e3409dfe8376ad2b2c0d7cb75754fd7483db51a25d26a22e30f4ab745445d2
20221122.0,1110784.1865109073,ChiNext,PI 25%,16e3409dfe8376ad2b2c0d7cb75754fd7483db51a25d26a22e30f4ab745445d2
20221123.0,1113161.0987147791,ChiNext,PI 25%,16e3409dfe8376ad2b2c0d7cb75754fd7483db51a25d26a22e30f4ab745445d2
20221124.0,1065196.5221724878,ChiNext,PI 25%,16e3409dfe8376ad2b2c0d7cb75754fd7483db51a25d26a22e30f4ab745445d2
20221125.0,1069660.776496158,ChiNext,PI 25%,16e3409dfe8376ad2b2c0d7cb75754fd7483db51a25d26a22e30f4ab745445d2
20221128.0,1090043.3312674956,ChiNext,PI 25%,16e3409dfe8376ad2b2c0d7cb75754fd7483db51a25d26a22e30f4ab745445d2
20221129.0,1061986.0725911672,ChiNext,PI 25%,16e3409dfe8376ad2b2c0d7cb75754fd7483db51a25d26a22e30f4ab745445d2
20221130.0,1049531.8393440016,ChiNext,PI 25%,16e3409dfe8376ad2b2c0d7cb75754fd7483db51a25d26a22e30f4ab745445d2
20221201.0,1045933.962259293,ChiNext,PI 25%,16e3409dfe8376ad2b2c0d7cb75754fd7483db51a25d26a22e30f4ab745445d2
20221202.0,1056549.2230163906,ChiNext,PI 25%,16e3409dfe8376ad2b2c0d7cb75754fd7483db51a25d26a22e30f4ab745445d2
20221205.0,1051372.8974907496,ChiNext,PI 25%,16e3409dfe8376ad2b2c0d7cb75754fd7483db51a25d26a22e30f4ab745445d2
20221206.0,1048432.3379586152,ChiNext,PI 25%,16e3409dfe8376ad2b2c0d7cb75754fd7483db51a25d26a22e30f4ab745445d2
20221207.0,1034771.5263155884,ChiNext,PI 25%,16e3409dfe8376ad2b2c0d7cb75754fd7483db51a25d26a22e30f4ab745445d2
20221208.0,1038326.1741654051,ChiNext,PI 25%,16e3409dfe8376ad2b2c0d7cb75754fd7483db51a25d26a22e30f4ab745445d2
20221209.0,1032663.2168545298,ChiNext,PI 25%,16e3409dfe8376ad2b2c0d7cb75754fd7483db51a25d26a22e30f4ab745445d2
20221212.0,1076905.1144954425,ChiNext,PI 25%,16e3409dfe8376ad2b2c0d7cb75754fd7483db51a25d26a22e30f4ab745445d2
20221213.0,1079163.1014873518,ChiNext,PI 25%,16e3409dfe8376ad2b2c0d7cb75754fd7483db51a25d26a22e30f4ab745445d2
20221214.0,1079163.1014873518,ChiNext,PI 25%,16e3409dfe8376ad2b2c0d7cb75754fd7483db51a25d26a22e30f4ab745445d2
20221215.0,1079163.1014873518,ChiNext,PI 25%,16e3409dfe8376ad2b2c0d7cb75754fd7483db51a25d26a22e30f4ab745445d2
20221216.0,1079163.1014873518,ChiNext,PI 25%,16e3409dfe8376ad2b2c0d7cb75754fd7483db51a25d26a22e30f4ab745445d2
20221219.0,1079163.1014873518,ChiNext,PI 25%,16e3409dfe8376ad2b2c0d7cb75754fd7483db51a25d26a22e30f4ab745445d2
20221220.0,1057728.7563649882,ChiNext,PI 25%,16e3409dfe8376ad2b2c0d7cb75754fd7483db51a25d26a22e30f4ab745445d2
20221221.0,1038766.4549804239,ChiNext,PI 25%,16e3409dfe8376ad2b2c0d7cb75754fd7483db51a25d26a22e30f4ab745445d2
20221222.0,1034075.0470152465,ChiNext,PI 25%,16e3409dfe8376ad2b2c0d7cb75754fd7483db51a25d26a22e30f4ab745445d2
20221223.0,1032955.254350262,ChiNext,PI 25%,16e3409dfe8376ad2b2c0d7cb75754fd7483db51a25d26a22e30f4ab745445d2
20221226.0,1040189.3432309221,ChiNext,PI 25%,16e3409dfe8376ad2b2c0d7cb75754fd7483db51a25d26a22e30f4ab745445d2
20221227.0,1028154.690765408,ChiNext,PI 25%,16e3409dfe8376ad2b2c0d7cb75754fd7483db51a25d26a22e30f4ab745445d2
20221228.0,1024156.0676335227,ChiNext,PI 25%,16e3409dfe8376ad2b2c0d7cb75754fd7483db51a25d26a22e30f4ab745445d2
20221229.0,1012777.7985822322,ChiNext,PI 25%,16e3409dfe8376ad2b2c0d7cb75754fd7483db51a25d26a22e30f4ab745445d2
20221230.0,1048087.9610216421,ChiNext,PI 25%,16e3409dfe8376ad2b2c0d7cb75754fd7483db51a25d26a22e30f4ab745445d2
20230103.0,1020210.4059076962,ChiNext,PI 25%,16e3409dfe8376ad2b2c0d7cb75754fd7483db51a25d26a22e30f4ab745445d2
20230104.0,1022373.2680161158,ChiNext,PI 25%,16e3409dfe8376ad2b2c0d7cb75754fd7483db51a25d26a22e30f4ab745445d2
20230105.0,999148.1212115914,ChiNext,PI 25%,16e3409dfe8376ad2b2c0d7cb75754fd7483db51a25d26a22e30f4ab745445d2
20230106.0,1002717.8852085886,ChiNext,PI 25%,16e3409dfe8376ad2b2c0d7cb75754fd7483db51a25d26a22e30f4ab745445d2
20230109.0,1020331.1175066412,ChiNext,PI 25%,16e3409dfe8376ad2b2c0d7cb75754fd7483db51a25d26a22e30f4ab745445d2
20230110.0,991838.0423449561,ChiNext,PI 25%,16e3409dfe8376ad2b2c0d7cb75754fd7483db51a25d26a22e30f4ab745445d2
20230111.0,993317.8528831131,ChiNext,PI 25%,16e3409dfe8376ad2b2c0d7cb75754fd7483db51a25d26a22e30f4ab745445d2
20230112.0,994690.1631650272,ChiNext,PI 25%,16e3409dfe8376ad2b2c0d7cb75754fd7483db51a25d26a22e30f4ab745445d2
20230113.0,1000985.4791341941,ChiNext,PI 25%,16e3409dfe8376ad2b2c0d7cb75754fd7483db51a25d26a22e30f4ab745445d2
20230116.0,1004811.1267629548,ChiNext,PI 25%,16e3409dfe8376ad2b2c0d7cb75754fd7483db51a25d26a22e30f4ab745445d2
20230117.0,1006847.4826567,ChiNext,PI 25%,16e3409dfe8376ad2b2c0d7cb75754fd7483db51a25d26a22e30f4ab745445d2
20230118.0,1007624.8731676769,ChiNext,PI 25%,16e3409dfe8376ad2b2c0d7cb75754fd7483db51a25d26a22e30f4ab745445d2
20230119.0,1011409.0003270011,ChiNext,PI 25%,16e3409dfe8376ad2b2c0d7cb75754fd7483db51a25d26a22e30f4ab745445d2
20230120.0,1037766.062785549,ChiNext,PI 25%,16e3409dfe8376ad2b2c0d7cb75754fd7483db51a25d26a22e30f4ab745445d2
20230130.0,1037766.062785549,ChiNext,PI 25%,16e3409dfe8376ad2b2c0d7cb75754fd7483db51a25d26a22e30f4ab745445d2
20230131.0,1051794.7932202925,ChiNext,PI 25%,16e3409dfe8376ad2b2c0d7cb75754fd7483db51a25d26a22e30f4ab745445d2
20230201.0,1096381.468611126,ChiNext,PI 25%,16e3409dfe8376ad2b2c0d7cb75754fd7483db51a25d26a22e30f4ab745445d2
20230202.0,1075116.9933367276,ChiNext,PI 25%,16e3409dfe8376ad2b2c0d7cb75754fd7483db51a25d26a22e30f4ab745445d2
20230203.0,1084364.8779404063,ChiNext,PI 25%,16e3409dfe8376ad2b2c0d7cb75754fd7483db51a25d26a22e30f4ab745445d2
20230206.0,1069873.7879322001,ChiNext,PI 25%,16e3409dfe8376ad2b2c0d7cb75754fd7483db51a25d26a22e30f4ab745445d2
20230207.0,1054003.0162770478,ChiNext,PI 25%,16e3409dfe8376ad2b2c0d7cb75754fd7483db51a25d26a22e30f4ab745445d2
20230208.0,1084966.0521998785,ChiNext,PI 25%,16e3409dfe8376ad2b2c0d7cb75754fd7483db51a25d26a22e30f4ab745445d2
20230209.0,1064911.9371374235,ChiNext,PI 25%,16e3409dfe8376ad2b2c0d7cb75754fd7483db51a25d26a22e30f4ab745445d2
20230210.0,1092117.877349538,ChiNext,PI 25%,16e3409dfe8376ad2b2c0d7cb75754fd7483db51a25d26a22e30f4ab745445d2
20230213.0,1132082.6961448432,ChiNext,PI 25%,16e3409dfe8376ad2b2c0d7cb75754fd7483db51a25d26a22e30f4ab745445d2
20230214.0,1111408.913146711,ChiNext,PI 25%,16e3409dfe8376ad2b2c0d7cb75754fd7483db51a25d26a22e30f4ab745445d2
20230215.0,1080416.3185096744,ChiNext,PI 25%,16e3409dfe8376ad2b2c0d7cb75754fd7483db51a25d26a22e30f4ab745445d2
20230216.0,1060737.9640976232,ChiNext,PI 25%,16e3409dfe8376ad2b2c0d7cb75754fd7483db51a25d26a22e30f4ab745445d2
20230217.0,1048291.88210339,ChiNext,PI 25%,16e3409dfe8376ad2b2c0d7cb75754fd7483db51a25d26a22e30f4ab745445d2
20230220.0,1078259.2826810083,ChiNext,PI 25%,16e3409dfe8376ad2b2c0d7cb75754fd7483db51a25d26a22e30f4ab745445d2
20230221.0,1080288.9741413258,ChiNext,PI 25%,16e3409dfe8376ad2b2c0d7cb75754fd7483db51a25d26a22e30f4ab745445d2
20230222.0,1085999.7419453468,ChiNext,PI 25%,16e3409dfe8376ad2b2c0d7cb75754fd7483db51a25d26a22e30f4ab745445d2
20230223.0,1090628.2405414835,ChiNext,PI 25%,16e3409dfe8376ad2b2c0d7cb75754fd7483db51a25d26a22e30f4ab745445d2
20230224.0,1110060.3517764534,ChiNext,PI 25%,16e3409dfe8376ad2b2c0d7cb75754fd7483db51a25d26a22e30f4ab745445d2
20230227.0,1147354.8992217311,ChiNext,PI 25%,16e3409dfe8376ad2b2c0d7cb75754fd7483db51a25d26a22e30f4ab745445d2
20230228.0,1174421.9522878425,ChiNext,PI 25%,16e3409dfe8376ad2b2c0d7cb75754fd7483db51a25d26a22e30f4ab745445d2
20230301.0,1184128.9576025486,ChiNext,PI 25%,16e3409dfe8376ad2b2c0d7cb75754fd7483db51a25d26a22e30f4ab745445d2
20230302.0,1153593.3474963845,ChiNext,PI 25%,16e3409dfe8376ad2b2c0d7cb75754fd7483db51a25d26a22e30f4ab745445d2
20230303.0,1153593.3474963845,ChiNext,PI 25%,16e3409dfe8376ad2b2c0d7cb75754fd7483db51a25d26a22e30f4ab745445d2
20211207.0,1000000.0,ChiNext,PI 50%,16e3409dfe8376ad2b2c0d7cb75754fd7483db51a25d26a22e30f4ab745445d2
20211208.0,1000000.0,ChiNext,PI 50%,16e3409dfe8376ad2b2c0d7cb75754fd7483db51a25d26a22e30f4ab745445d2
20211209.0,1007753.019815935,ChiNext,PI 50%,16e3409dfe8376ad2b2c0d7cb75754fd7483db51a25d26a22e30f4ab745445d2
20211210.0,995706.6223455021,ChiNext,PI 50%,16e3409dfe8376ad2b2c0d7cb75754fd7483db51a25d26a22e30f4ab745445d2
20211213.0,995706.6223455021,ChiNext,PI 50%,16e3409dfe8376ad2b2c0d7cb75754fd7483db51a25d26a22e30f4ab745445d2
20211214.0,1001737.3679941299,ChiNext,PI 50%,16e3409dfe8376ad2b2c0d7cb75754fd7483db51a25d26a22e30f4ab745445d2
20211215.0,1012058.1436464844,ChiNext,PI 50%,16e3409dfe8376ad2b2c0d7cb75754fd7483db51a25d26a22e30f4ab745445d2
20211216.0,1020058.7298587383,ChiNext,PI 50%,16e3409dfe8376ad2b2c0d7cb75754fd7483db51a25d26a22e30f4ab745445d2
20211217.0,1074382.2252542337,ChiNext,PI 50%,16e3409dfe8376ad2b2c0d7cb75754fd7483db51a25d26a22e30f4ab745445d2
20211220.0,1124113.1784320474,ChiNext,PI 50%,16e3409dfe8376ad2b2c0d7cb75754fd7483db51a25d26a22e30f4ab745445d2
20211221.0,1124113.1784320474,ChiNext,PI 50%,16e3409dfe8376ad2b2c0d7cb75754fd7483db51a25d26a22e30f4ab745445d2
20211222.0,1124113.1784320474,ChiNext,PI 50%,16e3409dfe8376ad2b2c0d7cb75754fd7483db51a25d26a22e30f4ab745445d2
20211223.0,1119775.8120327143,ChiNext,PI 50%,16e3409dfe8376ad2b2c0d7cb75754fd7483db51a25d26a22e30f4ab745445d2
20211224.0,1134343.8467484377,ChiNext,PI 50%,16e3409dfe8376ad2b2c0d7cb75754fd7483db51a25d26a22e30f4ab745445d2
20211227.0,1202046.477297353,ChiNext,PI 50%,16e3409dfe8376ad2b2c0d7cb75754fd7483db51a25d26a22e30f4ab745445d2
20211228.0,1190320.4051658048,ChiNext,PI 50%,16e3409dfe8376ad2b2c0d7cb75754fd7483db51a25d26a22e30f4ab745445d2
20211229.0,1199974.2973075293,ChiNext,PI 50%,16e3409dfe8376ad2b2c0d7cb75754fd7483db51a25d26a22e30f4ab745445d2
20211230.0,1211774.785082736,ChiNext,PI 50%,16e3409dfe8376ad2b2c0d7cb75754fd7483db51a25d26a22e30f4ab745445d2
20211231.0,1111477.665298694,ChiNext,PI 50%,16e3409dfe8376ad2b2c0d7cb75754fd7483db51a25d26a22e30f4ab745445d2
20220104.0,1111477.665298694,ChiNext,PI 50%,16e3409dfe8376ad2b2c0d7cb75754fd7483db51a25d26a22e30f4ab745445d2
20220105.0,1111477.665298694,ChiNext,PI 50%,16e3409dfe8376ad2b2c0d7cb75754fd7483db51a25d26a22e30f4ab745445d2
20220106.0,1111477.665298694,ChiNext,PI 50%,16e3409dfe8376ad2b2c0d7cb75754fd7483db51a25d26a22e30f4ab745445d2
20220107.0,1108526.9355414817,ChiNext,PI 50%,16e3409dfe8376ad2b2c0d7cb75754fd7483db51a25d26a22e30f4ab745445d2
20220110.0,1065201.8296086213,ChiNext,PI 50%,16e3409dfe8376ad2b2c0d7cb75754fd7483db51a25d26a22e30f4ab745445d2
20220111.0,1077202.8686877459,ChiNext,PI 50%,16e3409dfe8376ad2b2c0d7cb75754fd7483db51a25d26a22e30f4ab745445d2
20220112.0,1079098.2594581128,ChiNext,PI 50%,16e3409dfe8376ad2b2c0d7cb75754fd7483db51a25d26a22e30f4ab745445d2
20220113.0,1066955.0971621957,ChiNext,PI 50%,16e3409dfe8376ad2b2c0d7cb75754fd7483db51a25d26a22e30f4ab745445d2
20220114.0,1075274.8716800872,ChiNext,PI 50%,16e3409dfe8376ad2b2c0d7cb75754fd7483db51a25d26a22e30f4ab745445d2
20220117.0,1055306.7614013327,ChiNext,PI 50%,16e3409dfe8376ad2b2c0d7cb75754fd7483db51a25d26a22e30f4ab745445d2
20220118.0,1055306.7614013327,ChiNext,PI 50%,16e3409dfe8376ad2b2c0d7cb75754fd7483db51a25d26a22e30f4ab745445d2
20220119.0,1055306.7614013327,ChiNext,PI 50%,16e3409dfe8376ad2b2c0d7cb75754fd7483db51a25d26a22e30f4ab745445d2
20220120.0,1023781.734141354,ChiNext,PI 50%,16e3409dfe8376ad2b2c0d7cb75754fd7483db51a25d26a22e30f4ab745445d2
20220121.0,1027794.7447569746,ChiNext,PI 50%,16e3409dfe8376ad2b2c0d7cb75754fd7483db51a25d26a22e30f4ab745445d2
20220124.0,997386.6277200676,ChiNext,PI 50%,16e3409dfe8376ad2b2c0d7cb75754fd7483db51a25d26a22e30f4ab745445d2
20220125.0,978357.9612929786,ChiNext,PI 50%,16e3409dfe8376ad2b2c0d7cb75754fd7483db51a25d26a22e30f4ab745445d2
20220126.0,978357.9612929786,ChiNext,PI 50%,16e3409dfe8376ad2b2c0d7cb75754fd7483db51a25d26a22e30f4ab745445d2
20220127.0,978357.9612929786,ChiNext,PI 50%,16e3409dfe8376ad2b2c0d7cb75754fd7483db51a25d26a22e30f4ab745445d2
20220128.0,978357.9612929786,ChiNext,PI 50%,16e3409dfe8376ad2b2c0d7cb75754fd7483db51a25d26a22e30f4ab745445d2
20220207.0,954430.1366420203,ChiNext,PI 50%,16e3409dfe8376ad2b2c0d7cb75754fd7483db51a25d26a22e30f4ab745445d2
20220208.0,940854.5940655776,ChiNext,PI 50%,16e3409dfe8376ad2b2c0d7cb75754fd7483db51a25d26a22e30f4ab745445d2
20220209.0,926477.9018425891,ChiNext,PI 50%,16e3409dfe8376ad2b2c0d7cb75754fd7483db51a25d26a22e30f4ab745445d2
20220210.0,900755.8834690596,ChiNext,PI 50%,16e3409dfe8376ad2b2c0d7cb75754fd7483db51a25d26a22e30f4ab745445d2
20220216.0,955520.5336095628,ChiNext,PI 50%,16e3409dfe8376ad2b2c0d7cb75754fd7483db51a25d26a22e30f4ab745445d2
20220217.0,934457.405179827,ChiNext,PI 50%,16e3409dfe8376ad2b2c0d7cb75754fd7483db51a25d26a22e30f4ab745445d2
20220218.0,922127.6515410672,ChiNext,PI 50%,16e3409dfe8376ad2b2c0d7cb75754fd7483db51a25d26a22e30f4ab745445d2
20220221.0,911884.0818022582,ChiNext,PI 50%,16e3409dfe8376ad2b2c0d7cb75754fd7483db51a25d26a22e30f4ab745445d2
20220222.0,941679.2628889852,ChiNext,PI 50%,16e3409dfe8376ad2b2c0d7cb75754fd7483db51a25d26a22e30f4ab745445d2
20220223.0,941679.2628889852,ChiNext,PI 50%,16e3409dfe8376ad2b2c0d7cb75754fd7483db51a25d26a22e30f4ab745445d2
20220224.0,952337.9429071622,ChiNext,PI 50%,16e3409dfe8376ad2b2c0d7cb75754fd7483db51a25d26a22e30f4ab745445d2
20220225.0,990001.1693674759,ChiNext,PI 50%,16e3409dfe8376ad2b2c0d7cb75754fd7483db51a25d26a22e30f4ab745445d2
20220228.0,1012448.0293475973,ChiNext,PI 50%,16e3409dfe8376ad2b2c0d7cb75754fd7483db51a25d26a22e30f4ab745445d2
20220301.0,1004135.1307776895,ChiNext,PI 50%,16e3409dfe8376ad2b2c0d7cb75754fd7483db51a25d26a22e30f4ab745445d2
20220302.0,984885.2722357808,ChiNext,PI 50%,16e3409dfe8376ad2b2c0d7cb75754fd7483db51a25d26a22e30f4ab745445d2
20220303.0,964720.3505788653,ChiNext,PI 50%,16e3409dfe8376ad2b2c0d7cb75754fd7483db51a25d26a22e30f4ab745445d2
20220304.0,932730.5712983636,ChiNext,PI 50%,16e3409dfe8376ad2b2c0d7cb75754fd7483db51a25d26a22e30f4ab745445d2
20220307.0,914021.8737675089,ChiNext,PI 50%,16e3409dfe8376ad2b2c0d7cb75754fd7483db51a25d26a22e30f4ab745445d2
20220308.0,913247.706265366,ChiNext,PI 50%,16e3409dfe8376ad2b2c0d7cb75754fd7483db51a25d26a22e30f4ab745445d2
20220309.0,886521.8687752333,ChiNext,PI 50%,16e3409dfe8376ad2b2c0d7cb75754fd7483db51a25d26a22e30f4ab745445d2
20220310.0,887744.6060391469,ChiNext,PI 50%,16e3409dfe8376ad2b2c0d7cb75754fd7483db51a25d26a22e30f4ab745445d2
20220311.0,822029.8799061493,ChiNext,PI 50%,16e3409dfe8376ad2b2c0d7cb75754fd7483db51a25d26a22e30f4ab745445d2
20220314.0,826650.517743205,ChiNext,PI 50%,16e3409dfe8376ad2b2c0d7cb75754fd7483db51a25d26a22e30f4ab745445d2
20220315.0,879605.9971358496,ChiNext,PI 50%,16e3409dfe8376ad2b2c0d7cb75754fd7483db51a25d26a22e30f4ab745445d2
20220316.0,862840.9719725415,ChiNext,PI 50%,16e3409dfe8376ad2b2c0d7cb75754fd7483db51a25d26a22e30f4ab745445d2
20220317.0,959118.847007515,ChiNext,PI 50%,16e3409dfe8376ad2b2c0d7cb75754fd7483db51a25d26a22e30f4ab745445d2
20220318.0,988171.753944091,ChiNext,PI 50%,16e3409dfe8376ad2b2c0d7cb75754fd7483db51a25d26a22e30f4ab745445d2
20220321.0,984769.5479475919,ChiNext,PI 50%,16e3409dfe8376ad2b2c0d7cb75754fd7483db51a25d26a22e30f4ab745445d2
20220322.0,1007792.0764674844,ChiNext,PI 50%,16e3409dfe8376ad2b2c0d7cb75754fd7483db51a25d26a22e30f4ab745445d2
20220323.0,1016194.30019901,ChiNext,PI 50%,16e3409dfe8376ad2b2c0d7cb75754fd7483db51a25d26a22e30f4ab745445d2
20220324.0,1016194.30019901,ChiNext,PI 50%,16e3409dfe8376ad2b2c0d7cb75754fd7483db51a25d26a22e30f4ab745445d2
20220325.0,1017049.4796620016,ChiNext,PI 50%,16e3409dfe8376ad2b2c0d7cb75754fd7483db51a25d26a22e30f4ab745445d2
20220328.0,1026704.7005696621,ChiNext,PI 50%,16e3409dfe8376ad2b2c0d7cb75754fd7483db51a25d26a22e30f4ab745445d2
20220329.0,1048251.2210601235,ChiNext,PI 50%,16e3409dfe8376ad2b2c0d7cb75754fd7483db51a25d26a22e30f4ab745445d2
20220330.0,1037669.9946143396,ChiNext,PI 50%,16e3409dfe8376ad2b2c0d7cb75754fd7483db51a25d26a22e30f4ab745445d2
20220331.0,1114063.2706862853,ChiNext,PI 50%,16e3409dfe8376ad2b2c0d7cb75754fd7483db51a25d26a22e30f4ab745445d2
20220401.0,1099264.7787224639,ChiNext,PI 50%,16e3409dfe8376ad2b2c0d7cb75754fd7483db51a25d26a22e30f4ab745445d2
20220406.0,1099264.7787224639,ChiNext,PI 50%,16e3409dfe8376ad2b2c0d7cb75754fd7483db51a25d26a22e30f4ab745445d2
20220407.0,1099264.7787224639,ChiNext,PI 50%,16e3409dfe8376ad2b2c0d7cb75754fd7483db51a25d26a22e30f4ab745445d2
20220408.0,1072322.1302638976,ChiNext,PI 50%,16e3409dfe8376ad2b2c0d7cb75754fd7483db51a25d26a22e30f4ab745445d2
20220411.0,1065557.1789765705,ChiNext,PI 50%,16e3409dfe8376ad2b2c0d7cb75754fd7483db51a25d26a22e30f4ab745445d2
20220412.0,1034881.2412663357,ChiNext,PI 50%,16e3409dfe8376ad2b2c0d7cb75754fd7483db51a25d26a22e30f4ab745445d2
20220413.0,1034881.2412663357,ChiNext,PI 50%,16e3409dfe8376ad2b2c0d7cb75754fd7483db51a25d26a22e30f4ab745445d2
20220414.0,995803.4043942644,ChiNext,PI 50%,16e3409dfe8376ad2b2c0d7cb75754fd7483db51a25d26a22e30f4ab745445d2
20220415.0,1031498.1054960315,ChiNext,PI 50%,16e3409dfe8376ad2b2c0d7cb75754fd7483db51a25d26a22e30f4ab745445d2
20220418.0,1004530.2606697499,ChiNext,PI 50%,16e3409dfe8376ad2b2c0d7cb75754fd7483db51a25d26a22e30f4ab745445d2
20220419.0,989335.0677342397,ChiNext,PI 50%,16e3409dfe8376ad2b2c0d7cb75754fd7483db51a25d26a22e30f4ab745445d2
20220420.0,973200.6427735765,ChiNext,PI 50%,16e3409dfe8376ad2b2c0d7cb75754fd7483db51a25d26a22e30f4ab745445d2
20220421.0,959680.9010415986,ChiNext,PI 50%,16e3409dfe8376ad2b2c0d7cb75754fd7483db51a25d26a22e30f4ab745445d2
20220422.0,869851.4503805761,ChiNext,PI 50%,16e3409dfe8376ad2b2c0d7cb75754fd7483db51a25d26a22e30f4ab745445d2
20220425.0,852791.4032481832,ChiNext,PI 50%,16e3409dfe8376ad2b2c0d7cb75754fd7483db51a25d26a22e30f4ab745445d2
20220426.0,891732.9721248121,ChiNext,PI 50%,16e3409dfe8376ad2b2c0d7cb75754fd7483db51a25d26a22e30f4ab745445d2
20220427.0,888020.2652832777,ChiNext,PI 50%,16e3409dfe8376ad2b2c0d7cb75754fd7483db51a25d26a22e30f4ab745445d2
20220428.0,932561.0796012442,ChiNext,PI 50%,16e3409dfe8376ad2b2c0d7cb75754fd7483db51a25d26a22e30f4ab745445d2
20220429.0,922211.6293700433,ChiNext,PI 50%,16e3409dfe8376ad2b2c0d7cb75754fd7483db51a25d26a22e30f4ab745445d2
20220505.0,922211.6293700433,ChiNext,PI 50%,16e3409dfe8376ad2b2c0d7cb75754fd7483db51a25d26a22e30f4ab745445d2
20220506.0,930923.1319847833,ChiNext,PI 50%,16e3409dfe8376ad2b2c0d7cb75754fd7483db51a25d26a22e30f4ab745445d2
20220509.0,934268.7433813023,ChiNext,PI 50%,16e3409dfe8376ad2b2c0d7cb75754fd7483db51a25d26a22e30f4ab745445d2
20220510.0,946423.1928628322,ChiNext,PI 50%,16e3409dfe8376ad2b2c0d7cb75754fd7483db51a25d26a22e30f4ab745445d2
20220511.0,974084.987975767,ChiNext,PI 50%,16e3409dfe8376ad2b2c0d7cb75754fd7483db51a25d26a22e30f4ab745445d2
20220512.0,968905.2449474466,ChiNext,PI 50%,16e3409dfe8376ad2b2c0d7cb75754fd7483db51a25d26a22e30f4ab745445d2
20220513.0,968905.2449474466,ChiNext,PI 50%,16e3409dfe8376ad2b2c0d7cb75754fd7483db51a25d26a22e30f4ab745445d2
20220516.0,968905.2449474466,ChiNext,PI 50%,16e3409dfe8376ad2b2c0d7cb75754fd7483db51a25d26a22e30f4ab745445d2
20220517.0,961135.4981618724,ChiNext,PI 50%,16e3409dfe8376ad2b2c0d7cb75754fd7483db51a25d26a22e30f4ab745445d2
20220518.0,969037.8487401617,ChiNext,PI 50%,16e3409dfe8376ad2b2c0d7cb75754fd7483db51a25d26a22e30f4ab745445d2
20220519.0,1068149.0102819086,ChiNext,PI 50%,16e3409dfe8376ad2b2c0d7cb75754fd7483db51a25d26a22e30f4ab745445d2
20220520.0,1057255.3777402898,ChiNext,PI 50%,16e3409dfe8376ad2b2c0d7cb75754fd7483db51a25d26a22e30f4ab745445d2
20220523.0,1057255.3777402898,ChiNext,PI 50%,16e3409dfe8376ad2b2c0d7cb75754fd7483db51a25d26a22e30f4ab745445d2
20220524.0,1087081.616751081,ChiNext,PI 50%,16e3409dfe8376ad2b2c0d7cb75754fd7483db51a25d26a22e30f4ab745445d2
20220525.0,1104457.6572711947,ChiNext,PI 50%,16e3409dfe8376ad2b2c0d7cb75754fd7483db51a25d26a22e30f4ab745445d2
20220526.0,1086295.1822172287,ChiNext,PI 50%,16e3409dfe8376ad2b2c0d7cb75754fd7483db51a25d26a22e30f4ab745445d2
20220527.0,1091401.976648966,ChiNext,PI 50%,16e3409dfe8376ad2b2c0d7cb75754fd7483db51a25d26a22e30f4ab745445d2
20220530.0,1135315.0481455654,ChiNext,PI 50%,16e3409dfe8376ad2b2c0d7cb75754fd7483db51a25d26a22e30f4ab745445d2
20220531.0,1136603.048366082,ChiNext,PI 50%,16e3409dfe8376ad2b2c0d7cb75754fd7483db51a25d26a22e30f4ab745445d2
20220601.0,1194178.225541395,ChiNext,PI 50%,16e3409dfe8376ad2b2c0d7cb75754fd7483db51a25d26a22e30f4ab745445d2
20220602.0,1194178.225541395,ChiNext,PI 50%,16e3409dfe8376ad2b2c0d7cb75754fd7483db51a25d26a22e30f4ab745445d2
20220606.0,1204417.9235072911,ChiNext,PI 50%,16e3409dfe8376ad2b2c0d7cb75754fd7483db51a25d26a22e30f4ab745445d2
20220607.0,1163705.5426946727,ChiNext,PI 50%,16e3409dfe8376ad2b2c0d7cb75754fd7483db51a25d26a22e30f4ab745445d2
20220608.0,1147224.3684234812,ChiNext,PI 50%,16e3409dfe8376ad2b2c0d7cb75754fd7483db51a25d26a22e30f4ab745445d2
20220609.0,1199738.303765663,ChiNext,PI 50%,16e3409dfe8376ad2b2c0d7cb75754fd7483db51a25d26a22e30f4ab745445d2
20220610.0,1287757.3215293596,ChiNext,PI 50%,16e3409dfe8376ad2b2c0d7cb75754fd7483db51a25d26a22e30f4ab745445d2
20220613.0,1311757.4812718902,ChiNext,PI 50%,16e3409dfe8376ad2b2c0d7cb75754fd7483db51a25d26a22e30f4ab745445d2
20220614.0,1258179.1443315672,ChiNext,PI 50%,16e3409dfe8376ad2b2c0d7cb75754fd7483db51a25d26a22e30f4ab745445d2
20220615.0,1307605.5302813025,ChiNext,PI 50%,16e3409dfe8376ad2b2c0d7cb75754fd7483db51a25d26a22e30f4ab745445d2
20220616.0,1307605.5302813025,ChiNext,PI 50%,16e3409dfe8376ad2b2c0d7cb75754fd7483db51a25d26a22e30f4ab745445d2
20220617.0,1363696.8441280262,ChiNext,PI 50%,16e3409dfe8376ad2b2c0d7cb75754fd7483db51a25d26a22e30f4ab745445d2
20220620.0,1338547.4975430232,ChiNext,PI 50%,16e3409dfe8376ad2b2c0d7cb75754fd7483db51a25d26a22e30f4ab745445d2
20220621.0,1361639.6517548156,ChiNext,PI 50%,16e3409dfe8376ad2b2c0d7cb75754fd7483db51a25d26a22e30f4ab745445d2
20220622.0,1418732.3005078703,ChiNext,PI 50%,16e3409dfe8376ad2b2c0d7cb75754fd7483db51a25d26a22e30f4ab745445d2
20220623.0,1398544.2687764175,ChiNext,PI 50%,16e3409dfe8376ad2b2c0d7cb75754fd7483db51a25d26a22e30f4ab745445d2
20220624.0,1396119.9494811674,ChiNext,PI 50%,16e3409dfe8376ad2b2c0d7cb75754fd7483db51a25d26a22e30f4ab745445d2
20220627.0,1422723.1544662283,ChiNext,PI 50%,16e3409dfe8376ad2b2c0d7cb75754fd7483db51a25d26a22e30f4ab745445d2
20220628.0,1346263.2778621363,ChiNext,PI 50%,16e3409dfe8376ad2b2c0d7cb75754fd7483db51a25d26a22e30f4ab745445d2
20220629.0,1396969.7521141802,ChiNext,PI 50%,16e3409dfe8376ad2b2c0d7cb75754fd7483db51a25d26a22e30f4ab745445d2
20220630.0,1391886.5578285041,ChiNext,PI 50%,16e3409dfe8376ad2b2c0d7cb75754fd7483db51a25d26a22e30f4ab745445d2
20220701.0,1391886.5578285041,ChiNext,PI 50%,16e3409dfe8376ad2b2c0d7cb75754fd7483db51a25d26a22e30f4ab745445d2
20220704.0,1391886.5578285041,ChiNext,PI 50%,16e3409dfe8376ad2b2c0d7cb75754fd7483db51a25d26a22e30f4ab745445d2
20220705.0,1391886.5578285041,ChiNext,PI 50%,16e3409dfe8376ad2b2c0d7cb75754fd7483db51a25d26a22e30f4ab745445d2
20220706.0,1397318.9216910896,ChiNext,PI 50%,16e3409dfe8376ad2b2c0d7cb75754fd7483db51a25d26a22e30f4ab745445d2
20220707.0,1426141.7108958934,ChiNext,PI 50%,16e3409dfe8376ad2b2c0d7cb75754fd7483db51a25d26a22e30f4ab745445d2
20220708.0,1367725.8518026774,ChiNext,PI 50%,16e3409dfe8376ad2b2c0d7cb75754fd7483db51a25d26a22e30f4ab745445d2
20220711.0,1275262.5448420332,ChiNext,PI 50%,16e3409dfe8376ad2b2c0d7cb75754fd7483db51a25d26a22e30f4ab745445d2
20220712.0,1305728.9124871227,ChiNext,PI 50%,16e3409dfe8376ad2b2c0d7cb75754fd7483db51a25d26a22e30f4ab745445d2
20220713.0,1320120.2689448476,ChiNext,PI 50%,16e3409dfe8376ad2b2c0d7cb75754fd7483db51a25d26a22e30f4ab745445d2
20220714.0,1301409.143624801,ChiNext,PI 50%,16e3409dfe8376ad2b2c0d7cb75754fd7483db51a25d26a22e30f4ab745445d2
20220715.0,1356547.24667827,ChiNext,PI 50%,16e3409dfe8376ad2b2c0d7cb75754fd7483db51a25d26a22e30f4ab745445d2
20220718.0,1311125.0926199805,ChiNext,PI 50%,16e3409dfe8376ad2b2c0d7cb75754fd7483db51a25d26a22e30f4ab745445d2
20220719.0,1418544.6283548917,ChiNext,PI 50%,16e3409dfe8376ad2b2c0d7cb75754fd7483db51a25d26a22e30f4ab745445d2
20220720.0,1418544.6283548917,ChiNext,PI 50%,16e3409dfe8376ad2b2c0d7cb75754fd7483db51a25d26a22e30f4ab745445d2
20220721.0,1392297.991532101,ChiNext,PI 50%,16e3409dfe8376ad2b2c0d7cb75754fd7483db51a25d26a22e30f4ab745445d2
20220722.0,1404199.3485189306,ChiNext,PI 50%,16e3409dfe8376ad2b2c0d7cb75754fd7483db51a25d26a22e30f4ab745445d2
20220725.0,1444379.846915645,ChiNext,PI 50%,16e3409dfe8376ad2b2c0d7cb75754fd7483db51a25d26a22e30f4ab745445d2
20220726.0,1419763.60569821,ChiNext,PI 50%,16e3409dfe8376ad2b2c0d7cb75754fd7483db51a25d26a22e30f4ab745445d2
20220727.0,1402003.164694828,ChiNext,PI 50%,16e3409dfe8376ad2b2c0d7cb75754fd7483db51a25d26a22e30f4ab745445d2
20220728.0,1361999.813049048,ChiNext,PI 50%,16e3409dfe8376ad2b2c0d7cb75754fd7483db51a25d26a22e30f4ab745445d2
20220729.0,1377438.5342152696,ChiNext,PI 50%,16e3409dfe8376ad2b2c0d7cb75754fd7483db51a25d26a22e30f4ab745445d2
20220801.0,1384744.7348076918,ChiNext,PI 50%,16e3409dfe8376ad2b2c0d7cb75754fd7483db51a25d26a22e30f4ab745445d2
20220802.0,1314584.068913684,ChiNext,PI 50%,16e3409dfe8376ad2b2c0d7cb75754fd7483db51a25d26a22e30f4ab745445d2
20220803.0,1356635.1327063998,ChiNext,PI 50%,16e3409dfe8376ad2b2c0d7cb75754fd7483db51a25d26a22e30f4ab745445d2
20220804.0,1381988.9975911793,ChiNext,PI 50%,16e3409dfe8376ad2b2c0d7cb75754fd7483db51a25d26a22e30f4ab745445d2
20220805.0,1399159.1958958139,ChiNext,PI 50%,16e3409dfe8376ad2b2c0d7cb75754fd7483db51a25d26a22e30f4ab745445d2
20220808.0,1392110.0304438001,ChiNext,PI 50%,16e3409dfe8376ad2b2c0d7cb75754fd7483db51a25d26a22e30f4ab745445d2
20220809.0,1371972.5549699278,ChiNext,PI 50%,16e3409dfe8376ad2b2c0d7cb75754fd7483db51a25d26a22e30f4ab745445d2
20220810.0,1415841.280091229,ChiNext,PI 50%,16e3409dfe8376ad2b2c0d7cb75754fd7483db51a25d26a22e30f4ab745445d2
20220811.0,1422710.8970360006,ChiNext,PI 50%,16e3409dfe8376ad2b2c0d7cb75754fd7483db51a25d26a22e30f4ab745445d2
20220812.0,1446253.1548710756,ChiNext,PI 50%,16e3409dfe8376ad2b2c0d7cb75754fd7483db51a25d26a22e30f4ab745445d2
20220815.0,1406845.870361261,ChiNext,PI 50%,16e3409dfe8376ad2b2c0d7cb75754fd7483db51a25d26a22e30f4ab745445d2
20220816.0,1354837.2450857954,ChiNext,PI 50%,16e3409dfe8376ad2b2c0d7cb75754fd7483db51a25d26a22e30f4ab745445d2
20220817.0,1362067.123892901,ChiNext,PI 50%,16e3409dfe8376ad2b2c0d7cb75754fd7483db51a25d26a22e30f4ab745445d2
20220818.0,1315803.639470221,ChiNext,PI 50%,16e3409dfe8376ad2b2c0d7cb75754fd7483db51a25d26a22e30f4ab745445d2
20220819.0,1344120.3215863092,ChiNext,PI 50%,16e3409dfe8376ad2b2c0d7cb75754fd7483db51a25d26a22e30f4ab745445d2
20220822.0,1306352.2997990504,ChiNext,PI 50%,16e3409dfe8376ad2b2c0d7cb75754fd7483db51a25d26a22e30f4ab745445d2
20220823.0,1318339.3968332678,ChiNext,PI 50%,16e3409dfe8376ad2b2c0d7cb75754fd7483db51a25d26a22e30f4ab745445d2
20220824.0,1525510.3723095793,ChiNext,PI 50%,16e3409dfe8376ad2b2c0d7cb75754fd7483db51a25d26a22e30f4ab745445d2
20220825.0,1502393.1954476086,ChiNext,PI 50%,16e3409dfe8376ad2b2c0d7cb75754fd7483db51a25d26a22e30f4ab745445d2
20220826.0,1491639.6334842835,ChiNext,PI 50%,16e3409dfe8376ad2b2c0d7cb75754fd7483db51a25d26a22e30f4ab745445d2
20220829.0,1461727.5264393385,ChiNext,PI 50%,16e3409dfe8376ad2b2c0d7cb75754fd7483db51a25d26a22e30f4ab745445d2
20220830.0,1491562.5633772686,ChiNext,PI 50%,16e3409dfe8376ad2b2c0d7cb75754fd7483db51a25d26a22e30f4ab745445d2
20220831.0,1502073.2064575509,ChiNext,PI 50%,16e3409dfe8376ad2b2c0d7cb75754fd7483db51a25d26a22e30f4ab745445d2
20220901.0,1469579.1679282093,ChiNext,PI 50%,16e3409dfe8376ad2b2c0d7cb75754fd7483db51a25d26a22e30f4ab745445d2
20220902.0,1471376.364143117,ChiNext,PI 50%,16e3409dfe8376ad2b2c0d7cb75754fd7483db51a25d26a22e30f4ab745445d2
20220905.0,1502863.9171153924,ChiNext,PI 50%,16e3409dfe8376ad2b2c0d7cb75754fd7483db51a25d26a22e30f4ab745445d2
20220906.0,1516564.040604884,ChiNext,PI 50%,16e3409dfe8376ad2b2c0d7cb75754fd7483db51a25d26a22e30f4ab745445d2
20220907.0,1477735.6740931347,ChiNext,PI 50%,16e3409dfe8376ad2b2c0d7cb75754fd7483db51a25d26a22e30f4ab745445d2
20220908.0,1485889.1278776098,ChiNext,PI 50%,16e3409dfe8376ad2b2c0d7cb75754fd7483db51a25d26a22e30f4ab745445d2
20220909.0,1480753.7518133326,ChiNext,PI 50%,16e3409dfe8376ad2b2c0d7cb75754fd7483db51a25d26a22e30f4ab745445d2
20220913.0,1467716.5865110236,ChiNext,PI 50%,16e3409dfe8376ad2b2c0d7cb75754fd7483db51a25d26a22e30f4ab745445d2
20220914.0,1442807.4331759575,ChiNext,PI 50%,16e3409dfe8376ad2b2c0d7cb75754fd7483db51a25d26a22e30f4ab745445d2
20220915.0,1474409.7798845328,ChiNext,PI 50%,16e3409dfe8376ad2b2c0d7cb75754fd7483db51a25d26a22e30f4ab745445d2
20220916.0,1410000.7122854555,ChiNext,PI 50%,16e3409dfe8376ad2b2c0d7cb75754fd7483db51a25d26a22e30f4ab745445d2
20220919.0,1409481.3654458073,ChiNext,PI 50%,16e3409dfe8376ad2b2c0d7cb75754fd7483db51a25d26a22e30f4ab745445d2
20220920.0,1399592.2026449353,ChiNext,PI 50%,16e3409dfe8376ad2b2c0d7cb75754fd7483db51a25d26a22e30f4ab745445d2
20220921.0,1419612.8165994028,ChiNext,PI 50%,16e3409dfe8376ad2b2c0d7cb75754fd7483db51a25d26a22e30f4ab745445d2
20220922.0,1399757.9904466025,ChiNext,PI 50%,16e3409dfe8376ad2b2c0d7cb75754fd7483db51a25d26a22e30f4ab745445d2
20220923.0,1388221.7835653261,ChiNext,PI 50%,16e3409dfe8376ad2b2c0d7cb75754fd7483db51a25d26a22e30f4ab745445d2
20220926.0,1428341.1142850164,ChiNext,PI 50%,16e3409dfe8376ad2b2c0d7cb75754fd7483db51a25d26a22e30f4ab745445d2
20220927.0,1377929.8938234085,ChiNext,PI 50%,16e3409dfe8376ad2b2c0d7cb75754fd7483db51a25d26a22e30f4ab745445d2
20220928.0,1369625.3500276979,ChiNext,PI 50%,16e3409dfe8376ad2b2c0d7cb75754fd7483db51a25d26a22e30f4ab745445d2
20220930.0,1337997.9180118495,ChiNext,PI 50%,16e3409dfe8376ad2b2c0d7cb75754fd7483db51a25d26a22e30f4ab745445d2
20221010.0,1440877.7187897984,ChiNext,PI 50%,16e3409dfe8376ad2b2c0d7cb75754fd7483db51a25d26a22e30f4ab745445d2
20221011.0,1440877.7187897984,ChiNext,PI 50%,16e3409dfe8376ad2b2c0d7cb75754fd7483db51a25d26a22e30f4ab745445d2
20221012.0,1440877.7187897984,ChiNext,PI 50%,16e3409dfe8376ad2b2c0d7cb75754fd7483db51a25d26a22e30f4ab745445d2
20221013.0,1460004.8206012738,ChiNext,PI 50%,16e3409dfe8376ad2b2c0d7cb75754fd7483db51a25d26a22e30f4ab745445d2
20221014.0,1480609.0797494864,ChiNext,PI 50%,16e3409dfe8376ad2b2c0d7cb75754fd7483db51a25d26a22e30f4ab745445d2
20221017.0,1515802.1751749115,ChiNext,PI 50%,16e3409dfe8376ad2b2c0d7cb75754fd7483db51a25d26a22e30f4ab745445d2
20221018.0,1526312.6868039751,ChiNext,PI 50%,16e3409dfe8376ad2b2c0d7cb75754fd7483db51a25d26a22e30f4ab745445d2
20221019.0,1508960.7032427054,ChiNext,PI 50%,16e3409dfe8376ad2b2c0d7cb75754fd7483db51a25d26a22e30f4ab745445d2
20221020.0,1545399.1491051356,ChiNext,PI 50%,16e3409dfe8376ad2b2c0d7cb75754fd7483db51a25d26a22e30f4ab745445d2
20221021.0,1518216.1109126944,ChiNext,PI 50%,16e3409dfe8376ad2b2c0d7cb75754fd7483db51a25d26a22e30f4ab745445d2
20221024.0,1501779.3067730449,ChiNext,PI 50%,16e3409dfe8376ad2b2c0d7cb75754fd7483db51a25d26a22e30f4ab745445d2
20221025.0,1533723.4375391037,ChiNext,PI 50%,16e3409dfe8376ad2b2c0d7cb75754fd7483db51a25d26a22e30f4ab745445d2
20221026.0,1504196.7633842141,ChiNext,PI 50%,16e3409dfe8376ad2b2c0d7cb75754fd7483db51a25d26a22e30f4ab745445d2
20221027.0,1485544.243828204,ChiNext,PI 50%,16e3409dfe8376ad2b2c0d7cb75754fd7483db51a25d26a22e30f4ab745445d2
20221028.0,1490337.118396418,ChiNext,PI 50%,16e3409dfe8376ad2b2c0d7cb75754fd7483db51a25d26a22e30f4ab745445d2
20221031.0,1549330.3466795504,ChiNext,PI 50%,16e3409dfe8376ad2b2c0d7cb75754fd7483db51a25d26a22e30f4ab745445d2
20221101.0,1549330.3466795504,ChiNext,PI 50%,16e3409dfe8376ad2b2c0d7cb75754fd7483db51a25d26a22e30f4ab745445d2
20221102.0,1549330.3466795504,ChiNext,PI 50%,16e3409dfe8376ad2b2c0d7cb75754fd7483db51a25d26a22e30f4ab745445d2
20221103.0,1549330.3466795504,ChiNext,PI 50%,16e3409dfe8376ad2b2c0d7cb75754fd7483db51a25d26a22e30f4ab745445d2
20221104.0,1563728.166914419,ChiNext,PI 50%,16e3409dfe8376ad2b2c0d7cb75754fd7483db51a25d26a22e30f4ab745445d2
20221107.0,1569425.4523966422,ChiNext,PI 50%,16e3409dfe8376ad2b2c0d7cb75754fd7483db51a25d26a22e30f4ab745445d2
20221108.0,1566344.795383582,ChiNext,PI 50%,16e3409dfe8376ad2b2c0d7cb75754fd7483db51a25d26a22e30f4ab745445d2
20221109.0,1544489.8122348692,ChiNext,PI 50%,16e3409dfe8376ad2b2c0d7cb75754fd7483db51a25d26a22e30f4ab745445d2
20221110.0,1535429.7651293997,ChiNext,PI 50%,16e3409dfe8376ad2b2c0d7cb75754fd7483db51a25d26a22e30f4ab745445d2
20221111.0,1529762.7519324417,ChiNext,PI 50%,16e3409dfe8376ad2b2c0d7cb75754fd7483db51a25d26a22e30f4ab745445d2
20221114.0,1565912.6095116877,ChiNext,PI 50%,16e3409dfe8376ad2b2c0d7cb75754fd7483db51a25d26a22e30f4ab745445d2
20221115.0,1558105.4272402758,ChiNext,PI 50%,16e3409dfe8376ad2b2c0d7cb75754fd7483db51a25d26a22e30f4ab745445d2
20221116.0,1539501.6606449278,ChiNext,PI 50%,16e3409dfe8376ad2b2c0d7cb75754fd7483db51a25d26a22e30f4ab745445d2
20221117.0,1551816.732627705,ChiNext,PI 50%,16e3409dfe8376ad2b2c0d7cb75754fd7483db51a25d26a22e30f4ab745445d2
20221118.0,1543471.1050799096,ChiNext,PI 50%,16e3409dfe8376ad2b2c0d7cb75754fd7483db51a25d26a22e30f4ab745445d2
20221121.0,1497931.0160169217,ChiNext,PI 50%,16e3409dfe8376ad2b2c0d7cb75754fd7483db51a25d26a22e30f4ab745445d2
20221122.0,1535927.3891601982,ChiNext,PI 50%,16e3409dfe8376ad2b2c0d7cb75754fd7483db51a25d26a22e30f4ab745445d2
20221123.0,1550488.1913863034,ChiNext,PI 50%,16e3409dfe8376ad2b2c0d7cb75754fd7483db51a25d26a22e30f4ab745445d2
20221124.0,1477399.2672615678,ChiNext,PI 50%,16e3409dfe8376ad2b2c0d7cb75754fd7483db51a25d26a22e30f4ab745445d2
20221125.0,1461974.6967992666,ChiNext,PI 50%,16e3409dfe8376ad2b2c0d7cb75754fd7483db51a25d26a22e30f4ab745445d2
20221128.0,1490155.0984478842,ChiNext,PI 50%,16e3409dfe8376ad2b2c0d7cb75754fd7483db51a25d26a22e30f4ab745445d2
20221129.0,1465891.4814602132,ChiNext,PI 50%,16e3409dfe8376ad2b2c0d7cb75754fd7483db51a25d26a22e30f4ab745445d2
20221130.0,1460648.133661148,ChiNext,PI 50%,16e3409dfe8376ad2b2c0d7cb75754fd7483db51a25d26a22e30f4ab745445d2
20221201.0,1481951.1231493365,ChiNext,PI 50%,16e3409dfe8376ad2b2c0d7cb75754fd7483db51a25d26a22e30f4ab745445d2
20221202.0,1496989.1760510572,ChiNext,PI 50%,16e3409dfe8376ad2b2c0d7cb75754fd7483db51a25d26a22e30f4ab745445d2
20221205.0,1489651.9389151908,ChiNext,PI 50%,16e3409dfe8376ad2b2c0d7cb75754fd7483db51a25d26a22e30f4ab745445d2
20221206.0,1485483.5550374726,ChiNext,PI 50%,16e3409dfe8376ad2b2c0d7cb75754fd7483db51a25d26a22e30f4ab745445d2
20221207.0,1467876.726364573,ChiNext,PI 50%,16e3409dfe8376ad2b2c0d7cb75754fd7483db51a25d26a22e30f4ab745445d2
20221208.0,1503263.969598242,ChiNext,PI 50%,16e3409dfe8376ad2b2c0d7cb75754fd7483db51a25d26a22e30f4ab745445d2
20221209.0,1495084.9049985714,ChiNext,PI 50%,16e3409dfe8376ad2b2c0d7cb75754fd7483db51a25d26a22e30f4ab745445d2
20221212.0,1559039.5628581177,ChiNext,PI 50%,16e3409dfe8376ad2b2c0d7cb75754fd7483db51a25d26a22e30f4ab745445d2
20221213.0,1567370.1935837553,ChiNext,PI 50%,16e3409dfe8376ad2b2c0d7cb75754fd7483db51a25d26a22e30f4ab745445d2
20221214.0,1567370.1935837553,ChiNext,PI 50%,16e3409dfe8376ad2b2c0d7cb75754fd7483db51a25d26a22e30f4ab745445d2
20221215.0,1567370.1935837553,ChiNext,PI 50%,16e3409dfe8376ad2b2c0d7cb75754fd7483db51a25d26a22e30f4ab745445d2
20221216.0,1567370.1935837553,ChiNext,PI 50%,16e3409dfe8376ad2b2c0d7cb75754fd7483db51a25d26a22e30f4ab745445d2
20221219.0,1567370.1935837553,ChiNext,PI 50%,16e3409dfe8376ad2b2c0d7cb75754fd7483db51a25d26a22e30f4ab745445d2
20221220.0,1540703.5994158674,ChiNext,PI 50%,16e3409dfe8376ad2b2c0d7cb75754fd7483db51a25d26a22e30f4ab745445d2
20221221.0,1513094.4447750193,ChiNext,PI 50%,16e3409dfe8376ad2b2c0d7cb75754fd7483db51a25d26a22e30f4ab745445d2
20221222.0,1502151.4047882059,ChiNext,PI 50%,16e3409dfe8376ad2b2c0d7cb75754fd7483db51a25d26a22e30f4ab745445d2
20221223.0,1500514.547682347,ChiNext,PI 50%,16e3409dfe8376ad2b2c0d7cb75754fd7483db51a25d26a22e30f4ab745445d2
20221226.0,1527329.4099165904,ChiNext,PI 50%,16e3409dfe8376ad2b2c0d7cb75754fd7483db51a25d26a22e30f4ab745445d2
20221227.0,1509576.354036697,ChiNext,PI 50%,16e3409dfe8376ad2b2c0d7cb75754fd7483db51a25d26a22e30f4ab745445d2
20221228.0,1513487.5374701393,ChiNext,PI 50%,16e3409dfe8376ad2b2c0d7cb75754fd7483db51a25d26a22e30f4ab745445d2
20221229.0,1504493.4485873587,ChiNext,PI 50%,16e3409dfe8376ad2b2c0d7cb75754fd7483db51a25d26a22e30f4ab745445d2
20221230.0,1545120.2705929372,ChiNext,PI 50%,16e3409dfe8376ad2b2c0d7cb75754fd7483db51a25d26a22e30f4ab745445d2
20230103.0,1521557.292462526,ChiNext,PI 50%,16e3409dfe8376ad2b2c0d7cb75754fd7483db51a25d26a22e30f4ab745445d2
20230104.0,1524792.4982970196,ChiNext,PI 50%,16e3409dfe8376ad2b2c0d7cb75754fd7483db51a25d26a22e30f4ab745445d2
20230105.0,1498035.8711304155,ChiNext,PI 50%,16e3409dfe8376ad2b2c0d7cb75754fd7483db51a25d26a22e30f4ab745445d2
20230106.0,1501213.5196431254,ChiNext,PI 50%,16e3409dfe8376ad2b2c0d7cb75754fd7483db51a25d26a22e30f4ab745445d2
20230109.0,1522003.1530225934,ChiNext,PI 50%,16e3409dfe8376ad2b2c0d7cb75754fd7483db51a25d26a22e30f4ab745445d2
20230110.0,1446308.707561772,ChiNext,PI 50%,16e3409dfe8376ad2b2c0d7cb75754fd7483db51a25d26a22e30f4ab745445d2
20230111.0,1453315.1345402955,ChiNext,PI 50%,16e3409dfe8376ad2b2c0d7cb75754fd7483db51a25d26a22e30f4ab745445d2
20230112.0,1445760.1541023876,ChiNext,PI 50%,16e3409dfe8376ad2b2c0d7cb75754fd7483db51a25d26a22e30f4ab745445d2
20230113.0,1454887.2791415309,ChiNext,PI 50%,16e3409dfe8376ad2b2c0d7cb75754fd7483db51a25d26a22e30f4ab745445d2
20230116.0,1436188.2056612133,ChiNext,PI 50%,16e3409dfe8376ad2b2c0d7cb75754fd7483db51a25d26a22e30f4ab745445d2
20230117.0,1439104.4799554774,ChiNext,PI 50%,16e3409dfe8376ad2b2c0d7cb75754fd7483db51a25d26a22e30f4ab745445d2
20230118.0,1470518.0854800777,ChiNext,PI 50%,16e3409dfe8376ad2b2c0d7cb75754fd7483db51a25d26a22e30f4ab745445d2
20230119.0,1471044.2896586517,ChiNext,PI 50%,16e3409dfe8376ad2b2c0d7cb75754fd7483db51a25d26a22e30f4ab745445d2
20230120.0,1474708.3832064439,ChiNext,PI 50%,16e3409dfe8376ad2b2c0d7cb75754fd7483db51a25d26a22e30f4ab745445d2
20230130.0,1474708.3832064439,ChiNext,PI 50%,16e3409dfe8376ad2b2c0d7cb75754fd7483db51a25d26a22e30f4ab745445d2
20230131.0,1494682.520345414,ChiNext,PI 50%,16e3409dfe8376ad2b2c0d7cb75754fd7483db51a25d26a22e30f4ab745445d2
20230201.0,1558288.9373982223,ChiNext,PI 50%,16e3409dfe8376ad2b2c0d7cb75754fd7483db51a25d26a22e30f4ab745445d2
20230202.0,1528075.2760108928,ChiNext,PI 50%,16e3409dfe8376ad2b2c0d7cb75754fd7483db51a25d26a22e30f4ab745445d2
20230203.0,1541364.6831363842,ChiNext,PI 50%,16e3409dfe8376ad2b2c0d7cb75754fd7483db51a25d26a22e30f4ab745445d2
20230206.0,1539765.01920267,ChiNext,PI 50%,16e3409dfe8376ad2b2c0d7cb75754fd7483db51a25d26a22e30f4ab745445d2
20230207.0,1512500.8941182264,ChiNext,PI 50%,16e3409dfe8376ad2b2c0d7cb75754fd7483db51a25d26a22e30f4ab745445d2
20230208.0,1556960.0156609737,ChiNext,PI 50%,16e3409dfe8376ad2b2c0d7cb75754fd7483db51a25d26a22e30f4ab745445d2
20230209.0,1528183.139258832,ChiNext,PI 50%,16e3409dfe8376ad2b2c0d7cb75754fd7483db51a25d26a22e30f4ab745445d2
20230210.0,1567778.7675304501,ChiNext,PI 50%,16e3409dfe8376ad2b2c0d7cb75754fd7483db51a25d26a22e30f4ab745445d2
20230213.0,1568082.671563373,ChiNext,PI 50%,16e3409dfe8376ad2b2c0d7cb75754fd7483db51a25d26a22e30f4ab745445d2
20230214.0,1539448.8990159952,ChiNext,PI 50%,16e3409dfe8376ad2b2c0d7cb75754fd7483db51a25d26a22e30f4ab745445d2
20230215.0,1486227.1858671478,ChiNext,PI 50%,16e3409dfe8376ad2b2c0d7cb75754fd7483db51a25d26a22e30f4ab745445d2
20230216.0,1486227.1858671478,ChiNext,PI 50%,16e3409dfe8376ad2b2c0d7cb75754fd7483db51a25d26a22e30f4ab745445d2
20230217.0,1468771.4599744654,ChiNext,PI 50%,16e3409dfe8376ad2b2c0d7cb75754fd7483db51a25d26a22e30f4ab745445d2
20230220.0,1510808.8733301738,ChiNext,PI 50%,16e3409dfe8376ad2b2c0d7cb75754fd7483db51a25d26a22e30f4ab745445d2
20230221.0,1513652.2700986194,ChiNext,PI 50%,16e3409dfe8376ad2b2c0d7cb75754fd7483db51a25d26a22e30f4ab745445d2
20230222.0,1529968.8910019929,ChiNext,PI 50%,16e3409dfe8376ad2b2c0d7cb75754fd7483db51a25d26a22e30f4ab745445d2
20230223.0,1536583.982356622,ChiNext,PI 50%,16e3409dfe8376ad2b2c0d7cb75754fd7483db51a25d26a22e30f4ab745445d2
20230224.0,1525916.783646162,ChiNext,PI 50%,16e3409dfe8376ad2b2c0d7cb75754fd7483db51a25d26a22e30f4ab745445d2
20230227.0,1577188.9534676003,ChiNext,PI 50%,16e3409dfe8376ad2b2c0d7cb75754fd7483db51a25d26a22e30f4ab745445d2
20230228.0,1608331.0017585838,ChiNext,PI 50%,16e3409dfe8376ad2b2c0d7cb75754fd7483db51a25d26a22e30f4ab745445d2
20230301.0,1621662.5708727022,ChiNext,PI 50%,16e3409dfe8376ad2b2c0d7cb75754fd7483db51a25d26a22e30f4ab745445d2
20230302.0,1596172.6190348587,ChiNext,PI 50%,16e3409dfe8376ad2b2c0d7cb75754fd7483db51a25d26a22e30f4ab745445d2
20230303.0,1596172.6190348587,ChiNext,PI 50%,16e3409dfe8376ad2b2c0d7cb75754fd7483db51a25d26a22e30f4ab745445d2
